polygon_id,area_m2,tile_instances,matched_instances,detected,maximum_matched_confidence,maximum_matched_iou,size_class
1,158984.98802276546,4,0,False,,,large
9,285990.7012423583,1,1,True,0.6040478944778442,0.5343418602894326,large
15,154672.81207917415,1,1,True,0.5758591890335083,0.6030847974970255,large
25,75811.68140294723,2,0,False,,,medium
28,258904.47380811558,2,2,True,0.574560284614563,0.6720116003547528,large
36,180686.0747851961,2,2,True,0.1836832761764526,0.7665259072829144,large
45,462828.46938728925,2,2,True,0.3151344358921051,0.5497987418189628,large
52,164609.09746302784,2,2,True,0.5091860294342041,0.7224050033903103,large
57,688982.0371459043,2,2,True,0.6543945074081421,0.835729991441246,large
65,115505.15619285524,2,2,True,0.8037102222442627,0.6026057133566629,medium
75,362676.7956643386,1,0,False,,,large
83,167750.78068400163,1,1,True,0.660781979560852,0.5074692112853996,large
121,112988.0677543575,1,1,True,0.6478375196456909,0.6804562143444991,medium
153,825506.5206408117,2,2,True,0.3697007596492767,0.6561554213735715,large
154,118714.99559242856,2,2,True,0.6468048691749573,0.5566814854630631,medium
157,235634.61412296104,1,1,True,0.4487317204475403,0.6115247348980795,large
161,378962.9393933383,1,1,True,0.5433167219161987,0.6813415671526439,large
164,253466.60004394653,3,3,True,0.2754743099212646,0.7685970639323585,large
165,277032.28867497586,2,2,True,0.4313172399997711,0.7185524016043043,large
178,314581.149539794,2,2,True,0.5377998948097229,0.6712285997632217,large
185,814522.1075787101,1,1,True,0.1063679531216621,0.6492983053442082,large
188,54302.60715931128,4,0,False,,,medium
197,252328.4913032842,2,1,True,0.2695658802986145,0.6129118663568629,large
221,135679.914716891,1,1,True,0.6382808089256287,0.5141130798278121,large
241,146876.7347724074,2,2,True,0.5573965311050415,0.6316608651232057,large
247,56749.863475148246,1,0,False,,,medium
256,157716.58508544555,1,1,True,0.1097353026270866,0.644851311100544,large
261,278170.37251069164,1,1,True,0.3762027025222778,0.5179271131076167,large
271,1449322.7845833001,2,2,True,0.3925748169422149,0.6654701042748877,large
284,262798.5555225446,2,2,True,0.5705722570419312,0.7274070718764991,large
300,180765.61953716635,2,2,True,0.4520561099052429,0.5604156055961804,large
304,107189.81990915786,2,2,True,0.6431871652603149,0.7190369557471277,medium
306,229178.56527652728,2,2,True,0.5812237858772278,0.7401693706961943,large
328,234116.9108587731,1,1,True,0.497427761554718,0.6604917872481526,large
356,67740.18582186656,2,0,False,,,medium
362,18021.49553318887,2,0,False,,,medium
384,52838.628208722585,2,0,False,,,medium
386,9921.420759598685,1,0,False,,,small
388,123606.40223094838,2,2,True,0.4168066084384918,0.6841770725914358,medium
396,168203.10553916977,2,0,False,,,large
399,13561.923988925619,1,0,False,,,small
409,46482.11995547833,1,0,False,,,medium
414,81976.94386879592,2,0,False,,,medium
474,78214.14784459214,1,0,False,,,medium
487,14527.09036962823,1,0,False,,,small
490,22199.523787486658,1,0,False,,,medium
494,62344.964058206126,1,0,False,,,medium
496,26529.576794551198,1,0,False,,,medium
507,64803.85131190704,2,1,True,0.1170974969863891,0.5354281652498161,medium
513,60473.644766463454,2,0,False,,,medium
526,96095.26191006697,1,0,False,,,medium
527,13615.193496924976,1,0,False,,,small
534,122733.54669005542,2,2,True,0.5820699334144592,0.6300036342515989,medium
542,9481.965495626553,2,0,False,,,small
548,11369.273596435154,1,0,False,,,small
549,14096.085042464936,1,0,False,,,small
550,33928.61806307524,2,0,False,,,medium
552,4809.016994377382,2,0,False,,,small
557,49628.02272572987,1,0,False,,,medium
575,86987.32949098638,2,0,False,,,medium
592,146236.54469368432,1,0,False,,,large
609,32303.363352227047,1,0,False,,,medium
613,60193.21120571655,1,0,False,,,medium
616,160493.00407867227,2,0,False,,,large
626,92996.3902125538,1,0,False,,,medium
632,50060.70338776474,1,0,False,,,medium
637,12543.509956889877,1,0,False,,,small
642,5509.016994377382,2,0,False,,,small
646,70288.58847163118,2,0,False,,,medium
653,5509.016994377382,2,0,False,,,small
664,85730.83836167824,1,0,False,,,medium
667,51092.25504954303,2,0,False,,,medium
669,211492.11326959476,1,1,True,0.1400040835142135,0.614879055693626,large
688,120514.27210513178,2,0,False,,,medium
692,354238.0185711269,2,2,True,0.2431583255529403,0.6158990474828356,large
704,4809.016994377382,4,0,False,,,small
715,36169.32104806138,2,0,False,,,medium
725,127486.96923299354,2,0,False,,,medium
729,11671.72936705498,2,0,False,,,small
759,113685.57999551148,2,2,True,0.2961120009422302,0.5953427931465552,medium
770,6223.106125343956,1,0,False,,,small
779,157108.19841968382,3,3,True,0.3967313766479492,0.6735263179598977,large
798,186136.85268261522,4,4,True,0.189646378159523,0.7615616012535462,large
799,48000.99896529167,1,0,False,,,medium
803,113037.4722086421,2,1,True,0.1896665245294571,0.636418452290422,medium
809,100803.50005308313,1,0,False,,,medium
812,153470.31083929213,1,1,True,0.2521733939647674,0.7885361572506959,large
817,112551.18261730163,1,0,False,,,medium
819,221643.11042353124,1,0,False,,,large
824,33287.39265307557,2,1,True,0.1444543153047561,0.6347762177026177,medium
843,8043.315808462221,4,0,False,,,small
844,7566.061559860668,1,0,False,,,small
846,71573.2023466036,1,1,True,0.2908536791801452,0.6518013747523601,medium
851,10756.760968750059,4,0,False,,,small
856,17538.316036047356,4,0,False,,,medium
858,9713.034892331267,1,0,False,,,small
865,11746.759668978997,4,0,False,,,small
866,252718.78935248763,1,1,True,0.1514858156442642,0.580930937488342,large
867,83009.33291407992,1,0,False,,,medium
869,9520.111815101345,4,0,False,,,small
871,106113.90660746951,1,0,False,,,medium
872,56145.45852391448,2,0,False,,,medium
876,20917.594726713156,2,0,False,,,medium
890,155557.12940550997,1,1,True,0.2374720275402069,0.6509904384864046,large
895,16983.72411321663,1,0,False,,,medium
902,34534.18286850715,1,0,False,,,medium
905,31106.31362061006,2,0,False,,,medium
906,80164.346735425,2,2,True,0.310396671295166,0.6682232094321293,medium
913,112539.15776308904,2,0,False,,,medium
918,5509.016994377382,1,0,False,,,small
921,159735.72936114567,2,0,False,,,large
923,118319.92979662775,1,1,True,0.4001521170139313,0.645344807479905,medium
930,259391.7338632271,1,0,False,,,large
933,313867.4822857336,1,0,False,,,large
937,47579.6724194418,2,0,False,,,medium
968,18007.514365162802,4,0,False,,,medium
973,12635.328799997153,1,0,False,,,small
977,49365.315535338494,2,0,False,,,medium
981,117691.78577100548,2,1,True,0.1276417970657348,0.5025157588835516,medium
982,16231.569067446319,2,0,False,,,small
988,82876.68666340968,1,1,True,0.4499171376228332,0.6949616009657644,medium
991,73320.68061570945,2,2,True,0.1859453916549682,0.7999037311053848,medium
992,81788.45124794084,1,0,False,,,medium
997,4809.016994377382,1,0,False,,,small
1002,129147.77010491113,1,1,True,0.3150482177734375,0.6094539964352368,medium
1007,8286.271242971732,1,0,False,,,small
1009,8164.517670541951,1,0,False,,,small
1028,19553.956445168245,1,0,False,,,medium
1036,12465.8764511711,2,0,False,,,small
1037,13972.495384794782,1,0,False,,,small
1038,187173.57305615008,2,0,False,,,large
1043,67366.9294769762,2,2,True,0.1702530235052108,0.7808263210248937,medium
1053,119868.10798974334,2,2,True,0.5668526887893677,0.6266691171938181,medium
1058,67892.38861968221,1,1,True,0.5633931756019592,0.5438219877673434,medium
1059,50878.23237220999,1,0,False,,,medium
1063,125555.61934087555,1,0,False,,,medium
1067,26947.43848384871,2,0,False,,,medium
1069,15975.01780058441,1,0,False,,,small
1076,109166.73061874404,2,0,False,,,medium
1077,26894.63243094279,1,0,False,,,medium
1083,228380.7073835016,1,0,False,,,large
1085,9530.4305648951,2,0,False,,,small
1089,4809.016994377382,2,0,False,,,small
1094,50489.58746112819,1,0,False,,,medium
1096,539216.9066353627,2,2,True,0.3451921343803406,0.822442065602201,large
1098,23937.04408630202,2,0,False,,,medium
1104,113951.7971597399,2,0,False,,,medium
1106,18512.181992350943,2,0,False,,,medium
1112,12020.190440356024,2,0,False,,,small
1120,22358.86746334144,2,0,False,,,medium
1138,57202.178557492894,1,0,False,,,medium
1145,14721.051479018164,2,0,False,,,small
1152,256438.49960946408,4,0,False,,,large
1160,8792.44923336134,1,0,False,,,small
1185,139877.04864384845,1,1,True,0.5083875060081482,0.5392696818429576,large
1199,14899.170978027252,2,0,False,,,small
1207,38997.74175286007,2,0,False,,,medium
1208,8098.42916217991,2,0,False,,,small
1213,89734.77002066569,2,2,True,0.1260154843330383,0.6732578310244414,medium
1214,5509.016994377382,2,0,False,,,small
1217,169750.92969812863,4,4,True,0.1953290700912475,0.5933682404541338,large
1233,5509.016994377382,2,0,False,,,small
1237,4809.016994377382,1,0,False,,,small
1239,6274.325243408479,2,0,False,,,small
1243,76856.45413797276,1,1,True,0.1812693029642105,0.734417796933879,medium
1252,7566.061559860667,1,0,False,,,small
1255,121589.83226164895,2,2,True,0.1127369701862335,0.6866560250082482,medium
1257,85623.26999967608,2,0,False,,,medium
1265,125362.98263912526,1,1,True,0.1722632646560669,0.8599281914158811,medium
1269,113984.92607493735,2,2,True,0.6152839660644531,0.6133788343456279,medium
1274,73162.79291219925,1,0,False,,,medium
1275,32989.753457011364,1,0,False,,,medium
1292,465839.734352773,4,3,True,0.4349881112575531,0.5467778431964012,large
1296,16356.400760228024,1,0,False,,,small
1319,6223.106125343957,2,0,False,,,small
1320,8022.935720802392,4,0,False,,,small
1322,28043.636759949535,4,0,False,,,medium
1323,7580.567675369154,2,0,False,,,small
1332,67498.79434667743,2,0,False,,,medium
1342,9584.531677513862,4,0,False,,,small
1345,8921.372975173867,4,0,False,,,small
1352,28450.642353062463,2,0,False,,,medium
1353,115771.08098999225,4,0,False,,,medium
1362,56789.04652840084,2,2,True,0.2922103106975555,0.7794831143941849,medium
1364,151970.8016560637,4,4,True,0.1764249503612518,0.7055751723475849,large
1366,81670.14584223341,2,1,True,0.1019624099135398,0.7779442014691668,medium
1369,94912.1351427642,2,2,True,0.2457412034273147,0.7564729956234616,medium
1387,96920.39533021496,2,2,True,0.5284826755523682,0.6553799104971513,medium
1395,5525.424745355193,2,0,False,,,small
1397,21344.772763184064,2,0,False,,,medium
1399,262223.61284752085,2,2,True,0.4474709033966064,0.8953974477684032,large
1402,20211.307622526347,2,0,False,,,medium
1416,6209.016994377382,4,0,False,,,small
1418,49828.768352809166,1,0,False,,,medium
1420,17543.404770272842,1,0,False,,,medium
1426,173312.94844619086,2,2,True,0.2413685321807861,0.7598359960086538,large
1430,64850.2775478261,2,0,False,,,medium
1441,17634.573136381066,1,0,False,,,medium
1442,95772.3324467132,1,0,False,,,medium
1451,60078.37323462868,2,2,True,0.6325933933258057,0.5540543346886918,medium
2803,49048.110682811384,1,0,False,,,medium
