candidate_id,kept_raw_detection_id,suppressed_raw_detection_id,suppressed_tile_name,suppressed_confidence,iou_with_kept_candidate
C0002,R2703,R2831,38SMB_01193_r6720_c4080,0.8985243439674377,0.9950771678010336
C0003,R2530,R2426,38SMB_01046_r5760_c9120,0.8974799513816833,0.7617598184529818
C0004,R2398,R2402,38SMB_01037_r5760_c6960,0.813651442527771,0.737113997924334
C0005,R4355,R4211,38SMB_01525_r8640_c3120,0.8723191022872925,0.8005034866980398
C0008,R0181,R0174,38SMB_00049_r240_c1680,0.8480603694915771,0.822699311662612
C0009,R2774,R2649,38SMB_01131_r6240_c9360,0.8834842443466187,0.9496113039877526
C0011,R2730,R2864,38SMB_01196_r6720_c4800,0.8744048476219177,0.9656445380169052
C0014,R2512,R2508,38SMB_01075_r6000_c6000,0.863120436668396,0.891244796645486
C0015,R4541,R4551,38SMB_01611_r9120_c3600,0.8607805967330933,0.9819648348548468
C0015,R4541,R4371,38SMB_01568_r8880_c3360,0.8466589450836182,0.9665963892889875
C0015,R4541,R4381,38SMB_01569_r8880_c3600,0.8346571326255798,0.9505052588963467
C0017,R1367,R1376,38SMB_00607_r3360_c4560,0.862953245639801,0.988461882999686
C0018,R3752,R3746,38SMB_01404_r7920_c4320,0.8519893884658813,0.9496731404014864
C0020,R2029,R2122,38SMB_00899_r5040_c4080,0.7952941060066223,0.927662406104513
C0021,R0568,R0569,38SMB_00298_r1680_c960,0.8587972521781921,0.9000761469933626
C0022,R2825,R2832,38SMB_01193_r6720_c4080,0.8460545539855957,0.8216134483991949
C0023,R3753,R3931,38SMB_01447_r8160_c4560,0.8489533066749573,0.9686922948970912
C0025,R0965,R0966,38SMB_00458_r2400_c9120,0.8563521504402161,0.9976322830790931
C0027,R3839,R3847,38SMB_01431_r8160_c720,0.8313207030296326,0.9010579721989347
C0032,R3824,R3832,38SMB_01427_r7920_c9680,0.8463134169578552,0.9995204395414499
C0032,R3824,R3646,38SMB_01385_r7680_c9680,0.8380546569824219,0.8458445285576855
C0032,R3824,R3635,38SMB_01384_r7680_c9600,0.83737713098526,0.8467179682704142
C0033,R2585,R2578,38SMB_01108_r6240_c3840,0.817696213722229,0.9431409677740369
C0035,R2050,R2152,38SMB_00904_r5040_c5280,0.8371185064315796,0.7970012898884483
C0039,R4714,R4701,38SMB_01652_r9360_c3360,0.79380863904953,0.9919317688237919
C0040,R3562,R3563,38SMB_01366_r7680_c5280,0.8385853171348572,0.9830392744192241
C0042,R2993,R2873,38SMB_01197_r6720_c5040,0.830814778804779,0.9675160987894578
C0042,R2993,R3003,38SMB_01240_r6960_c5280,0.6973286271095276,0.7218244574461357
C0042,R2993,R2880,38SMB_01198_r6720_c5280,0.6821339726448059,0.7217931439788914
C0044,R2366,R2374,38SMB_01028_r5760_c4800,0.7935792207717896,0.8404700464699135
C0048,R2030,R2121,38SMB_00899_r5040_c4080,0.8224930763244629,0.912166184273723
C0051,R1623,R1622,38SMB_00707_r3840_c8400,0.827133059501648,0.7780782276160754
C0052,R1558,R1566,38SMB_00687_r3840_c3600,0.8268098831176758,0.9831858229990739
C0053,R1929,R1919,38SMB_00813_r4560_c3600,0.8175356388092041,0.9725572866815863
C0053,R1929,R1836,38SMB_00772_r4320_c3840,0.8081680536270142,0.9422923392765647
C0053,R1929,R1822,38SMB_00771_r4320_c3600,0.7982598543167114,0.923565024247946
C0056,R1680,R1670,38SMB_00726_r4080_c2880,0.8257594108581543,0.9933012413656415
C0059,R0648,R0752,38SMB_00381_r2160_c720,0.8226633667945862,0.987427659354873
C0063,R2067,R1980,38SMB_00828_r4560_c7200,0.7254505157470703,0.7579606882426215
C0068,R4022,R3848,38SMB_01431_r8160_c720,0.7795091271400452,0.859301646022731
C0068,R4022,R4017,38SMB_01472_r8400_c480,0.7549769282341003,0.791385740570096
C0072,R1597,R1726,38SMB_00734_r4080_c4800,0.7760775089263916,0.8528462669120687
C0075,R4076,R4065,38SMB_01483_r8400_c3120,0.7622063159942627,0.7120363078673776
C0076,R3592,R3403,38SMB_01330_r7440_c6720,0.7675619721412659,0.9781137540813422
C0081,R1121,R1124,38SMB_00512_r2880_c1920,0.7729172110557556,0.9604961594144824
C0083,R2356,R2345,38SMB_01025_r5760_c4080,0.788716733455658,0.9566726236919624
C0084,R0168,R0155,38SMB_00047_r240_c1200,0.7862936854362488,0.9831194876645436
C0085,R4728,R4721,38SMB_01654_r9360_c3840,0.7844308614730835,0.8597375039707272
C0090,R2009,R2100,38SMB_00897_r5040_c3600,0.7337448000907898,0.8850199625147002
C0091,R2636,R2761,38SMB_01162_r6480_c6720,0.7810681462287903,0.9738829703806587
C0094,R1643,R1760,38SMB_00765_r4320_c2160,0.7467077970504761,0.7658048644691866
C0095,R3297,R3497,38SMB_01358_r7680_c3360,0.773071825504303,0.9737084980020939
C0096,R3310,R3117,38SMB_01275_r7200_c3600,0.7768096923828125,0.9580229010268895
C0097,R3433,R3442,38SMB_01343_r7440_c9680,0.7813627123832703,0.9986804827541035
C0101,R0795,R0903,38SMB_00430_r2400_c2400,0.7650193572044373,0.9843226915195401
C0102,R1450,R1573,38SMB_00688_r3840_c3840,0.7680712938308716,0.965854289842716
C0103,R2865,R2731,38SMB_01154_r6480_c4800,0.728175163269043,0.9436679029095186
C0104,R2010,R2099,38SMB_00897_r5040_c3600,0.7756668925285339,0.9831160068171999
C0106,R0655,R0649,38SMB_00339_r1920_c720,0.7639726996421814,0.9397305574964233
C0108,R2430,R2532,38SMB_01089_r6000_c9360,0.6943908333778381,0.7875719719836721
C0109,R3701,R3707,38SMB_01400_r7920_c3360,0.7024297118186951,0.8458854729937465
C0111,R3463,R3673,38SMB_01393_r7920_c1680,0.7625225186347961,0.9852820367335066
C0115,R3337,R3344,38SMB_01321_r7440_c4560,0.7351513504981995,0.9659265106980803
C0117,R3018,R3022,38SMB_01245_r6960_c6480,0.6937309503555298,0.7742330975545118
C0119,R2826,R2695,38SMB_01150_r6480_c3840,0.7645062208175659,0.7173197236524946
C0119,R2826,R2704,38SMB_01151_r6480_c4080,0.7629380822181702,0.7186108406460078
C0119,R2826,R2834,38SMB_01193_r6720_c4080,0.7205227017402649,0.9819114539003913
C0123,R1966,R1875,38SMB_00778_r4320_c5280,0.6575583219528198,0.8188206756128922
C0131,R2163,R2160,38SMB_00905_r5040_c5520,0.7431856989860535,0.9350112138673654
C0133,R2046,R2051,38SMB_00862_r4800_c5280,0.7004149556159973,0.8710998889804356
C0137,R3795,R3801,38SMB_01417_r7920_c7440,0.7266402840614319,0.8469197005395065
C0140,R2124,R2108,38SMB_00898_r5040_c3840,0.7322295904159546,0.8545991316122539
C0140,R2124,R2205,38SMB_00941_r5280_c4080,0.726233184337616,0.9495519444774179
C0140,R2124,R2193,38SMB_00940_r5280_c3840,0.6888567209243774,0.8508594056337657
C0141,R1054,R1052,38SMB_00475_r2640_c3120,0.733169674873352,0.9919944553721124
C0142,R2391,R2390,38SMB_01031_r5760_c5520,0.7233781814575195,0.8632063750341287
C0145,R1094,R1096,38SMB_00492_r2640_c7200,0.7390928268432617,0.8281354890591901
C0148,R4094,R4103,38SMB_01489_r8400_c4560,0.7133610248565674,0.8247081845846587
C0152,R2775,R2776,38SMB_01175_r6480_c9680,0.3577028512954712,0.7243509278187933
C0153,R4212,R4200,38SMB_01524_r8640_c2880,0.7165038585662842,0.8294093070843624
C0155,R0621,R0537,38SMB_00269_r1440_c4080,0.6940422058105469,0.8001955456786178
C0156,R2310,R2417,38SMB_01045_r5760_c8880,0.7346854209899902,0.9709018343861415
C0157,R2749,R2743,38SMB_01155_r6480_c5040,0.6207848191261292,0.8720331414440611
C0158,R3456,R3457,38SMB_01349_r7680_c1200,0.7243775725364685,0.9864904173053001
C0160,R4268,R4259,38SMB_01530_r8640_c4320,0.7228947281837463,0.9925530375049706
C0163,R3970,R4125,38SMB_01498_r8400_c6720,0.5753645896911621,0.7851670049152725
C0165,R0618,R0716,38SMB_00351_r1920_c3600,0.650947093963623,0.9291852452480691
C0168,R1333,R1428,38SMB_00643_r3600_c3120,0.7141703963279724,0.9691418326243069
C0168,R1333,R1344,38SMB_00602_r3360_c3360,0.6112689971923828,0.7108377195908478
C0168,R1333,R1438,38SMB_00644_r3600_c3360,0.5952200889587402,0.7417855344393937
C0169,R2192,R2265,38SMB_00982_r5520_c3840,0.7201507091522217,0.9945889231469434
C0170,R0639,R0566,38SMB_00295_r1680_c240,0.7085429430007935,0.9436338995886577
C0172,R3539,R3338,38SMB_01320_r7440_c4320,0.7277364730834961,0.9044408946525858
C0172,R3539,R3325,38SMB_01319_r7440_c4080,0.721590518951416,0.9052522663132874
C0172,R3539,R3535,38SMB_01361_r7680_c4080,0.7174760699272156,0.9853946826868519
C0177,R0800,R0805,38SMB_00390_r2160_c2880,0.7149531245231628,0.9688963380261449
C0179,R2498,R2613,38SMB_01113_r6240_c5040,0.651351273059845,0.7677462123458924
C0179,R2498,R2491,38SMB_01070_r6000_c4800,0.5436967015266418,0.7084603273686579
C0180,R1391,R1393,38SMB_00622_r3360_c8160,0.7144677639007568,0.9667577825715096
C0180,R1391,R1295,38SMB_00580_r3120_c8160,0.705405056476593,0.9467785327374828
C0180,R1391,R1290,38SMB_00579_r3120_c7920,0.7024298310279846,0.8785017253839128
C0182,R4722,R4716,38SMB_01653_r9360_c3600,0.7139971256256104,0.9893618425026819
C0183,R3516,R3718,38SMB_01401_r7920_c3600,0.7223625779151917,0.9906094499571235
C0187,R3224,R3219,38SMB_01296_r7200_c8640,0.7105333805084229,0.9874690467622197
C0188,R1593,R1589,38SMB_00690_r3840_c4320,0.710608720779419,0.9860026349231202
C0191,R1783,R1901,38SMB_00810_r4560_c2880,0.6396206617355347,0.7148495936170075
C0194,R0060,R0051,38SMB_00005_r0_c1200,0.6953368186950684,0.8378699075825026
C0195,R4742,R4574,38SMB_01616_r9120_c4800,0.6587878465652466,0.9375661442077046
C0196,R2227,R2154,38SMB_00904_r5040_c5280,0.7088760137557983,0.9474366222705869
C0198,R0513,R0584,38SMB_00302_r1680_c1920,0.6928825378417969,0.734082367556284
C0200,R2399,R2395,38SMB_01035_r5760_c6480,0.6893893480300903,0.9844150857611799
C0201,R0904,R1041,38SMB_00472_r2640_c2400,0.7051306962966919,0.9734204449612208
C0201,R0904,R0909,38SMB_00431_r2400_c2640,0.6770503520965576,0.8160463278259291
C0201,R0904,R1046,38SMB_00473_r2640_c2640,0.6456781029701233,0.8279443890236864
C0202,R0872,R0775,38SMB_00384_r2160_c1440,0.6907650828361511,0.9905460651630723
C0203,R3218,R3048,38SMB_01254_r6960_c8640,0.6990522742271423,0.9483978760655217
C0204,R1070,R1164,38SMB_00523_r2880_c4560,0.7064313888549805,0.9887280710100979
C0204,R1070,R1077,38SMB_00482_r2640_c4800,0.706009566783905,0.9406717345084308
C0204,R1070,R1168,38SMB_00524_r2880_c4800,0.7018594741821289,0.9612194360700042
C0205,R0643,R0650,38SMB_00339_r1920_c720,0.6864051222801208,0.9226420326462386
C0206,R1236,R1239,38SMB_00558_r3120_c2880,0.7051857709884644,0.9876638850161387
C0209,R3819,R3825,38SMB_01426_r7920_c9600,0.6984763145446777,0.9837746059158665
C0211,R3322,R3326,38SMB_01319_r7440_c4080,0.6638206839561462,0.7103098860634928
C0212,R0036,R0022,38SMB_00003_r0_c720,0.5877687931060791,0.7084911698858659
C0214,R0676,R0585,38SMB_00302_r1680_c1920,0.6926472783088684,0.9898539132891827
C0216,R2732,R2723,38SMB_01153_r6480_c4560,0.6312140822410583,0.8364242595734293
C0218,R1157,R1165,38SMB_00523_r2880_c4560,0.6535040736198425,0.895937112780773
C0220,R3966,R3779,38SMB_01413_r7920_c6480,0.6842464208602905,0.951697802953299
C0222,R3719,R3518,38SMB_01359_r7680_c3600,0.6432978510856628,0.9298878154206162
C0226,R4679,R4669,38SMB_01649_r9360_c2640,0.6901752352714539,0.8040711281442505
C0228,R2606,R2599,38SMB_01111_r6240_c4560,0.5310129523277283,0.7881360004490371
C0228,R2606,R2737,38SMB_01154_r6480_c4800,0.471741110086441,0.7291127372675066
C0230,R1616,R1496,38SMB_00656_r3600_c6240,0.6962928771972656,0.8317617412279893
C0231,R0068,R0078,38SMB_00008_r0_c1920,0.6896902918815613,0.9711588219566332
C0231,R0068,R0183,38SMB_00050_r240_c1920,0.6658203601837158,0.9487389804189479
C0231,R0068,R0176,38SMB_00049_r240_c1680,0.6590113043785095,0.9494126475208698
C0232,R0919,R1049,38SMB_00474_r2640_c2880,0.6560566425323486,0.9766801583127974
C0233,R3323,R3311,38SMB_01317_r7440_c3600,0.6547689437866211,0.9148687812067706
C0234,R1960,R1949,38SMB_00818_r4560_c4800,0.6805457472801208,0.7738395963265087
C0235,R2473,R2598,38SMB_01111_r6240_c4560,0.6912552118301392,0.9800312349392791
C0237,R2466,R2474,38SMB_01069_r6000_c4560,0.6927141547203064,0.9679717769747754
C0239,R1604,R1612,38SMB_00696_r3840_c5760,0.6807385087013245,0.8053730220293572
C0241,R0467,R0473,38SMB_00228_r1200_c4320,0.6741090416908264,0.8971477650528835
C0247,R1681,R1671,38SMB_00726_r4080_c2880,0.6856025457382202,0.984868253192197
C0254,R3747,R3540,38SMB_01362_r7680_c4320,0.685404360294342,0.8644612212284762
C0260,R2843,R2713,38SMB_01152_r6480_c4320,0.673058807849884,0.969633446896189
C0264,R3784,R3788,38SMB_01415_r7920_c6960,0.6544715762138367,0.8852591741414391
C0266,R4928,R4797,38SMB_01688_r9600_c1920,0.6839266419410706,0.9945356670117872
C0266,R4928,R4939,38SMB_01731_r9680_c2160,0.5123201012611389,0.8248371856340819
C0266,R4928,R4805,38SMB_01689_r9600_c2160,0.5119172930717468,0.8248534073504555
C0267,R4032,R3860,38SMB_01432_r8160_c960,0.6836402416229248,0.9643822168698944
C0270,R4890,R4894,38SMB_01705_r9600_c6000,0.652073860168457,0.8828371596230984
C0270,R4890,R5024,38SMB_01746_r9680_c5760,0.6038041114807129,0.762877607129116
C0270,R4890,R5028,38SMB_01747_r9680_c6000,0.5512784719467163,0.7183814366041927
C0277,R3637,R3647,38SMB_01385_r7680_c9680,0.6777827739715576,0.998358113122283
C0277,R3637,R3835,38SMB_01427_r7920_c9680,0.6121648550033569,0.7874605164964152
C0277,R3637,R3827,38SMB_01426_r7920_c9600,0.6121538877487183,0.7872047361972185
C0281,R2579,R2574,38SMB_01107_r6240_c3600,0.6127578020095825,0.779988867852742
C0282,R3160,R3152,38SMB_01281_r7200_c5040,0.6596575379371643,0.870349533484331
C0282,R3160,R3354,38SMB_01323_r7440_c5040,0.5523777008056641,0.7343082361180334
C0282,R3160,R3362,38SMB_01324_r7440_c5280,0.5389782786369324,0.7677422974117573
C0283,R0288,R0235,38SMB_00089_r480_c1200,0.6558731198310852,0.9285300877409657
C0284,R1542,R1560,38SMB_00686_r3840_c3360,0.5389173626899719,0.7207489689867513
C0287,R0677,R0586,38SMB_00302_r1680_c1920,0.6623472571372986,0.9892143975095821
C0287,R0677,R0686,38SMB_00345_r1920_c2160,0.6110396981239319,0.9297005825287438
C0287,R0677,R0607,38SMB_00303_r1680_c2160,0.5638214945793152,0.9220725461120417
C0291,R1847,R1937,38SMB_00815_r4560_c4080,0.536213755607605,0.7680684761107498
C0292,R1489,R1480,38SMB_00653_r3600_c5520,0.6547727584838867,0.9582379137359716
C0293,R2902,R2908,38SMB_01211_r6720_c8400,0.6227692365646362,0.9619643055632348
C0296,R0052,R0061,38SMB_00006_r0_c1440,0.6626561880111694,0.9891020964654634
C0298,R1657,R1664,38SMB_00725_r4080_c2640,0.5253666639328003,0.7738454203922136
C0300,R0745,R0640,38SMB_00337_r1920_c240,0.6564750075340271,0.8725045881877561
C0302,R4358,R4533,38SMB_01609_r9120_c3120,0.6382097005844116,0.9479397109768474
C0305,R0336,R0417,38SMB_00191_r960_c5520,0.6027317643165588,0.7806851617859601
C0305,R0336,R0338,38SMB_00150_r720_c5760,0.527213454246521,0.7326521610844657
C0307,R2923,R2922,38SMB_01214_r6720_c9120,0.6561166644096375,0.9785710937945458
C0309,R2722,R2857,38SMB_01195_r6720_c4560,0.660301148891449,0.9604980689271247
C0309,R2722,R2867,38SMB_01196_r6720_c4800,0.5840938687324524,0.9608428765011316
C0309,R2722,R2735,38SMB_01154_r6480_c4800,0.5676045417785645,0.9561631216431612
C0311,R1369,R1359,38SMB_00605_r3360_c4080,0.6289798021316528,0.9281634767843139
C0311,R1369,R1461,38SMB_00648_r3600_c4320,0.6168177723884583,0.9720039113020164
C0311,R1369,R1456,38SMB_00647_r3600_c4080,0.5721754431724548,0.9141306824755157
C0313,R4405,R4260,38SMB_01530_r8640_c4320,0.5061935186386108,0.717072147874067
C0314,R0920,R0929,38SMB_00433_r2400_c3120,0.655298113822937,0.9929345932225861
C0319,R3427,R3624,38SMB_01383_r7680_c9360,0.5306103825569153,0.8259459907130461
C0322,R3808,R3992,38SMB_01461_r8160_c7920,0.6347257494926453,0.9795390045969715
C0323,R1263,R1371,38SMB_00606_r3360_c4320,0.6080512404441833,0.7441751072937619
C0325,R1559,R1437,38SMB_00644_r3600_c3360,0.6463723182678223,0.7769235675203781
C0327,R1543,R1429,38SMB_00643_r3600_c3120,0.5899311900138855,0.7920229395932209
C0328,R3593,R3404,38SMB_01330_r7440_c6720,0.6513476967811584,0.991154650221808
C0329,R0426,R0496,38SMB_00257_r1440_c1200,0.5974445939064026,0.8216935270245926
C0331,R1148,R1150,38SMB_00520_r2880_c3840,0.5991414189338684,0.8751884516348349
C0334,R1031,R1022,38SMB_00470_r2640_c1920,0.5802869200706482,0.9406034049190868
C0336,R0651,R0753,38SMB_00381_r2160_c720,0.6205055117607117,0.9299197797782993
C0340,R0993,R1110,38SMB_00507_r2880_c720,0.6467827558517456,0.9156887903808174
C0345,R3834,R3826,38SMB_01426_r7920_c9600,0.6458324790000916,0.9992597778144828
C0345,R3834,R3648,38SMB_01385_r7680_c9680,0.6236745119094849,0.9875949204182493
C0345,R3834,R3638,38SMB_01384_r7680_c9600,0.6232510209083557,0.9873348026799829
C0349,R2812,R2956,38SMB_01232_r6960_c3360,0.6151347756385803,0.9234890601536498
C0350,R2499,R2501,38SMB_01072_r6000_c5280,0.6418650150299072,0.9947725918550819
C0351,R3396,R3582,38SMB_01371_r7680_c6480,0.549004316329956,0.8548546316199065
C0354,R2255,R2326,38SMB_01016_r5760_c1920,0.6302855610847473,0.9530619752600774
C0354,R2255,R2253,38SMB_00973_r5520_c1680,0.6082034707069397,0.8785356294101658
C0354,R2255,R2323,38SMB_01015_r5760_c1680,0.6070396304130554,0.8798057575850561
C0356,R2392,R2505,38SMB_01074_r6000_c5760,0.6210833787918091,0.987384247031539
C0358,R1863,R1945,38SMB_00816_r4560_c4320,0.5222585797309875,0.7360580320821986
C0361,R1245,R1242,38SMB_00559_r3120_c3120,0.5980356335639954,0.8813122227151784
C0366,R0936,R0819,38SMB_00396_r2160_c4320,0.6047824025154114,0.9768639492636568
C0371,R5002,R4872,38SMB_01701_r9600_c5040,0.6326079368591309,0.999791253949208
C0377,R0605,R0613,38SMB_00304_r1680_c2400,0.6259459257125854,0.9708284901197888
C0378,R2475,R2370,38SMB_01027_r5760_c4560,0.5118790864944458,0.8129208527581655
C0380,R3414,R3410,38SMB_01333_r7440_c7440,0.6065099239349365,0.8177288830193457
C0383,R2358,R2468,38SMB_01068_r6000_c4320,0.5581203699111938,0.9476205883185617
C0384,R2279,R2217,38SMB_00942_r5280_c4320,0.5938027501106262,0.7671028115952141
C0385,R4202,R4063,38SMB_01482_r8400_c2880,0.5828372836112976,0.9808017076350226
C0386,R2994,R3004,38SMB_01240_r6960_c5280,0.6106349229812622,0.8157887792754536
C0387,R0311,R0250,38SMB_00093_r480_c2160,0.6038157343864441,0.9806128318722669
C0387,R0311,R0308,38SMB_00134_r720_c1920,0.530043363571167,0.9240704711752896
C0387,R0311,R0246,38SMB_00092_r480_c1920,0.519235372543335,0.9167648041715455
C0389,R0698,R0797,38SMB_00388_r2160_c2400,0.6193452477455139,0.9705949857445136
C0392,R0910,R0921,38SMB_00432_r2400_c2880,0.5980671048164368,0.9623700661948646
C0397,R2620,R2750,38SMB_01156_r6480_c5280,0.4994289875030517,0.7298047202725304
C0398,R1056,R1057,38SMB_00478_r2640_c3840,0.5268891453742981,0.853920696417407
C0401,R4407,R4396,38SMB_01571_r8880_c4080,0.5890783071517944,0.9025256170153062
C0403,R0139,R0226,38SMB_00087_r480_c720,0.5076699256896973,0.7460901849498195
C0406,R3908,R3903,38SMB_01441_r8160_c3120,0.5701022744178772,0.9130375286828144
C0408,R0427,R0436,38SMB_00216_r1200_c1440,0.5624794960021973,0.9268734723197795
C0414,R3519,R3721,38SMB_01401_r7920_c3600,0.5830721855163574,0.9867943550689665
C0414,R3519,R3711,38SMB_01400_r7920_c3360,0.4018402397632599,0.7013659502188896
C0415,R1921,R1824,38SMB_00771_r4320_c3600,0.6026552319526672,0.9865144165165781
C0416,R0946,R0937,38SMB_00438_r2400_c4320,0.5879892706871033,0.9711742052938712
C0416,R0946,R0821,38SMB_00397_r2160_c4560,0.4441993236541748,0.7239069593537582
C0416,R0946,R0820,38SMB_00396_r2160_c4320,0.4138056933879852,0.7301056183919753
C0418,R4694,R4842,38SMB_01693_r9600_c3120,0.553716242313385,0.8111555631474472
C0419,R4552,R4544,38SMB_01610_r9120_c3360,0.5912352800369263,0.9839559648100967
C0423,R0635,R0561,38SMB_00294_r1680_c0,0.2198285460472107,0.7580593755708775
C0425,R0087,R0092,38SMB_00010_r0_c2400,0.5664388537406921,0.8950147897788081
C0427,R0428,R0498,38SMB_00257_r1440_c1200,0.4034880995750427,0.7505870923177805
C0428,R1291,R1197,38SMB_00537_r2880_c7920,0.4946886599063873,0.8909497629177229
C0433,R1033,R1132,38SMB_00513_r2880_c2160,0.5676157474517822,0.9731193102092917
C0435,R0985,R0844,38SMB_00422_r2400_c480,0.5552570223808289,0.8211670161146055
C0436,R2614,R2745,38SMB_01155_r6480_c5040,0.5135926604270935,0.7585829371555207
C0439,R4203,R4062,38SMB_01482_r8400_c2880,0.5953314900398254,0.9512667110725345
C0440,R2287,R2368,38SMB_01027_r5760_c4560,0.5839260816574097,0.9610384156138955
C0441,R4841,R4979,38SMB_01735_r9680_c3120,0.595463752746582,0.9989252669524562
C0442,R1131,R1126,38SMB_00512_r2880_c1920,0.5593490600585938,0.997358086370117
C0445,R1043,R1034,38SMB_00471_r2640_c2160,0.5910221338272095,0.9857112890084843
C0452,R1848,R1718,38SMB_00731_r4080_c4080,0.5046585202217102,0.9438900956561274
C0453,R1717,R1710,38SMB_00730_r4080_c3840,0.5323180556297302,0.7046052446324724
C0453,R1717,R1851,38SMB_00773_r4320_c4080,0.4944753348827362,0.859691578868699
C0457,R1849,R1840,38SMB_00772_r4320_c3840,0.5629345178604126,0.8206977740543604
C0458,R1466,R1462,38SMB_00648_r3600_c4320,0.5842761993408203,0.9907581477438075
C0463,R1705,R1825,38SMB_00771_r4320_c3600,0.566869854927063,0.8799344863609683
C0464,R4983,R4988,38SMB_01739_r9680_c4080,0.3701513409614563,0.8306632333099793
C0464,R4983,R4855,38SMB_01696_r9600_c3840,0.1892566233873367,0.704352851302234
C0466,R3312,R3521,38SMB_01359_r7680_c3600,0.5720771551132202,0.9897700929454146
C0469,R3019,R3023,38SMB_01245_r6960_c6480,0.5675449371337891,0.904091484311741
C0470,R3520,R3313,38SMB_01317_r7440_c3600,0.5515881180763245,0.990725646118375
C0470,R3520,R3299,38SMB_01316_r7440_c3360,0.485128104686737,0.866054805119213
C0470,R3520,R3501,38SMB_01358_r7680_c3360,0.4824928939342499,0.8637052827252153
C0471,R1644,R1514,38SMB_00681_r3840_c2160,0.5660495758056641,0.7414817462678345
C0475,R3754,R3934,38SMB_01447_r8160_c4560,0.4570434689521789,0.8647457874343186
C0476,R3923,R3933,38SMB_01447_r8160_c4560,0.5699992179870605,0.9662971343915969
C0477,R2270,R2280,38SMB_00984_r5520_c4320,0.5201614499092102,0.8449305174762406
C0479,R4359,R4344,38SMB_01566_r8880_c2880,0.5626357197761536,0.9819548789450646
C0481,R0840,R0978,38SMB_00463_r2640_c240,0.4844001829624176,0.8776833515797967
C0483,R3198,R3188,38SMB_01286_r7200_c6240,0.545716404914856,0.820497386446271
C0484,R1508,R1631,38SMB_00722_r4080_c1920,0.5738978981971741,0.860236750197092
C0486,R1264,R1160,38SMB_00522_r2880_c4320,0.3941711187362671,0.8409153628600375
C0491,R4510,R4670,38SMB_01649_r9360_c2640,0.4234536290168762,0.7951245178039281
C0492,R1455,R1580,38SMB_00689_r3840_c4080,0.5169435143470764,0.9478382004534301
C0492,R1455,R1586,38SMB_00689_r3840_c4080,0.1377773433923721,0.7381672282565404
C0494,R0053,R0156,38SMB_00047_r240_c1200,0.5662358999252319,0.9561299727219399
C0495,R0195,R0103,38SMB_00015_r0_c3600,0.3257567882537842,0.7283214838186182
C0503,R4444,R4451,38SMB_01587_r8880_c7920,0.5553712844848633,0.8316866396294121
C0504,R4440,R4446,38SMB_01586_r8880_c7680,0.4333940148353576,0.7048271625154603
C0505,R2509,R2632,38SMB_01117_r6240_c6000,0.5565778017044067,0.9065014670922695
C0505,R2509,R2513,38SMB_01076_r6000_c6240,0.5396848320960999,0.8538437082538645
C0505,R2509,R2635,38SMB_01118_r6240_c6240,0.5062955617904663,0.7874191764401401
C0511,R0782,R0776,38SMB_00384_r2160_c1440,0.5134162902832031,0.9024749909830562
C0513,R1409,R1414,38SMB_00640_r3600_c2400,0.5528011918067932,0.9134432588190469
C0525,R0503,R0437,38SMB_00216_r1200_c1440,0.5476961135864258,0.7895675533997599
C0525,R0503,R0497,38SMB_00257_r1440_c1200,0.4838289618492126,0.85429666245051
C0525,R0503,R0431,38SMB_00215_r1200_c1200,0.4527358114719391,0.7098361513421021
C0526,R3101,R3096,38SMB_01271_r7200_c2640,0.3058882653713226,0.8315147785215395
C0527,R0668,R0574,38SMB_00301_r1680_c1680,0.5525546669960022,0.9555832879337236
C0529,R0251,R0260,38SMB_00094_r480_c2400,0.3856824934482574,0.7472376138726392
C0530,R0079,R0088,38SMB_00009_r0_c2160,0.5449045300483704,0.8258136561302093
C0532,R4853,R4725,38SMB_01654_r9360_c3840,0.3870542347431183,0.74865198024181
C0534,R4913,R4771,38SMB_01677_r9360_c9360,0.2975876331329345,0.7511843745756273
C0535,R1735,R1740,38SMB_00738_r4080_c5760,0.5400785207748413,0.8148588183196973
C0540,R1975,R1978,38SMB_00827_r4560_c6960,0.5059443712234497,0.9399058745267918
C0544,R2101,R2110,38SMB_00898_r5040_c3840,0.4650940895080566,0.8657267170802758
C0552,R2382,R2379,38SMB_01028_r5760_c4800,0.3841219842433929,0.825231770604743
C0554,R4026,R4018,38SMB_01472_r8400_c480,0.545105516910553,0.9803475187177306
C0556,R0665,R0661,38SMB_00341_r1920_c1200,0.4826352596282959,0.8986702460547774
C0560,R2290,R2294,38SMB_00988_r5520_c5280,0.3936167061328888,0.7416664869851618
C0561,R3789,R3785,38SMB_01414_r7920_c6720,0.498334139585495,0.8470849882969178
C0561,R3789,R3603,38SMB_01373_r7680_c6960,0.3568927347660064,0.8377116031598656
C0561,R3789,R3596,38SMB_01372_r7680_c6720,0.2822031676769256,0.7139271095192176
C0563,R3230,R3225,38SMB_01297_r7200_c8880,0.5114399194717407,0.8185152717018844
C0565,R0608,R0614,38SMB_00304_r1680_c2400,0.5047683715820312,0.8354053696278071
C0575,R3040,R2909,38SMB_01211_r6720_c8400,0.4561971426010132,0.9771351206901417
C0576,R0587,R0515,38SMB_00260_r1440_c1920,0.4768377542495727,0.9704715532624718
C0581,R2874,R2997,38SMB_01239_r6960_c5040,0.3154290616512298,0.762111966403834
C0582,R3005,R3161,38SMB_01282_r7200_c5280,0.5340835452079773,0.9930084967202867
C0585,R1305,R1220,38SMB_00553_r3120_c1680,0.4829675257205963,0.9502515741775588
C0588,R1017,R1023,38SMB_00470_r2640_c1920,0.500900387763977,0.9370560725471281
C0590,R4717,R4851,38SMB_01695_r9600_c3600,0.467453271150589,0.9558934278412047
C0593,R2315,R2431,38SMB_01047_r5760_c9360,0.4563806653022766,0.8665017184052799
C0594,R4781,R4920,38SMB_01728_r9680_c1440,0.4424144029617309,0.7042455846653191
C0595,R1152,R1159,38SMB_00522_r2880_c4320,0.4914365708827972,0.8441833046634194
C0596,R1841,R1852,38SMB_00773_r4320_c4080,0.4741103947162628,0.813513770232919
C0602,R3880,R3874,38SMB_01433_r8160_c1200,0.4940019249916076,0.9845379330283129
C0603,R3057,R3063,38SMB_01256_r6960_c9120,0.4274131953716278,0.7779204052121147
C0606,R4126,R3972,38SMB_01456_r8160_c6720,0.4938651025295257,0.894603940971866
C0607,R3420,R3210,38SMB_01294_r7200_c8160,0.5141165852546692,0.8069366883411925
C0609,R3109,R3302,38SMB_01316_r7440_c3360,0.3975262939929962,0.7228847544627102
C0609,R3109,R3120,38SMB_01275_r7200_c3600,0.3596944212913513,0.7002641246334915
C0610,R1544,R1561,38SMB_00686_r3840_c3360,0.5200541019439697,0.8843964965718655
C0611,R0687,R0703,38SMB_00346_r1920_c2400,0.1371329575777053,0.7370249815116008
C0617,R3733,R3722,38SMB_01401_r7920_c3600,0.4916142225265503,0.7096114982817019
C0619,R2875,R2881,38SMB_01198_r6720_c5280,0.5061458945274353,0.9850365808084027
C0622,R3025,R3024,38SMB_01245_r6960_c6480,0.4627466201782226,0.9605806708379708
C0623,R3816,R4005,38SMB_01466_r8160_c9120,0.4872757494449615,0.8915339866029459
C0623,R3816,R4006,38SMB_01466_r8160_c9120,0.1367766410112381,0.7053156619960692
C0624,R0101,R0197,38SMB_00057_r240_c3600,0.5105471611022949,0.7704298464486912
C0625,R4229,R4374,38SMB_01568_r8880_c3360,0.4838803708553314,0.9878342779931751
C0626,R3757,R3748,38SMB_01404_r7920_c4320,0.4952036440372467,0.9620977902232363
C0628,R4517,R4684,38SMB_01650_r9360_c2880,0.4170567691326141,0.8424319079822423
C0629,R1158,R1153,38SMB_00521_r2880_c4080,0.4932178556919098,0.8302052132087792
C0631,R3608,R3797,38SMB_01416_r7920_c7200,0.505807638168335,0.8743729947588446
C0634,R2249,R2250,38SMB_00962_r5280_c9120,0.3701159060001373,0.7112392280987965
C0635,R0304,R0365,38SMB_00175_r960_c1680,0.4265781939029693,0.7287165632163198
C0636,R3709,R3702,38SMB_01399_r7920_c3120,0.4849958121776581,0.8900564548356809
C0637,R0230,R0285,38SMB_00130_r720_c960,0.4832362234592438,0.8734537219837906
C0638,R2607,R2600,38SMB_01111_r6240_c4560,0.48797208070755,0.7180197906514784
C0639,R1345,R1334,38SMB_00601_r3360_c3120,0.4823981821537018,0.9048299997499977
C0642,R2586,R2596,38SMB_01110_r6240_c4320,0.4037861227989197,0.707553763700295
C0646,R1078,R0949,38SMB_00440_r2400_c4800,0.375029593706131,0.8246478477392608
C0647,R0113,R0109,38SMB_00016_r0_c3840,0.4370875060558319,0.9822131947555521
C0649,R2041,R1952,38SMB_00818_r4560_c4800,0.4306274354457855,0.8715679253854504
C0654,R2515,R2521,38SMB_01079_r6000_c6960,0.4921174943447113,0.767918679535271
C0657,R3993,R3988,38SMB_01460_r8160_c7680,0.4829556345939636,0.8948767690135366
C0659,R2608,R2492,38SMB_01070_r6000_c4800,0.4806045889854431,0.8246949276873429
C0661,R1346,R1246,38SMB_00560_r3120_c3360,0.3939433991909027,0.7378803663105715
C0664,R3541,R3549,38SMB_01363_r7680_c4560,0.4665541350841522,0.9626349163119796
C0665,R4174,R4172,38SMB_01520_r8640_c1920,0.4535350501537323,0.7504343865787395
C0666,R1018,R1014,38SMB_00468_r2640_c1440,0.4737668037414551,0.983980281468921
C0667,R3411,R3614,38SMB_01375_r7680_c7440,0.3707262873649597,0.8415120798096304
C0669,R4756,R4904,38SMB_01707_r9600_c6480,0.4843345880508423,0.7237132892589715
C0671,R1826,R1813,38SMB_00770_r4320_c3360,0.2632191479206085,0.7559780962112197
C0673,R0055,R0038,38SMB_00004_r0_c960,0.4922033548355102,0.7814300609946785
C0675,R4096,R4262,38SMB_01530_r8640_c4320,0.3797309100627899,0.9250328188529123
C0678,R2883,R2876,38SMB_01197_r6720_c5040,0.4954766035079956,0.9792270257759567
C0680,R2595,R2469,38SMB_01068_r6000_c4320,0.4629561603069305,0.9850215814782199
C0682,R2807,R2951,38SMB_01231_r6960_c3120,0.4310756623744964,0.7796720748079121
C0683,R3177,R3182,38SMB_01285_r7200_c6000,0.4666506946086883,0.9267582223947339
C0691,R4011,R4009,38SMB_01468_r8160_c9600,0.4897761046886444,0.9933959142948262
C0692,R2094,R2189,38SMB_00938_r5280_c3360,0.3513874411582947,0.8208988301523757
C0705,R0149,R0041,38SMB_00004_r0_c960,0.3952096104621887,0.7281987454780273
C0708,R3051,R3059,38SMB_01255_r6960_c8880,0.4284923672676086,0.9041967728364886
C0713,R3947,R3935,38SMB_01447_r8160_c4560,0.4397338330745697,0.7755382986732329
C0717,R4326,R4501,38SMB_01606_r9120_c2400,0.3630877435207367,0.8940872200544309
C0719,R0923,R0911,38SMB_00431_r2400_c2640,0.3748161792755127,0.8556586175746419
C0719,R0923,R1050,38SMB_00474_r2640_c2880,0.3517317473888397,0.8440135310056139
C0720,R0656,R0652,38SMB_00339_r1920_c720,0.4218848347663879,0.8780197016099056
C0721,R4755,R4754,38SMB_01662_r9360_c5760,0.439075231552124,0.8823161355781811
C0721,R4755,R4891,38SMB_01704_r9600_c5760,0.4145423769950866,0.7995886859754713
C0721,R4755,R4895,38SMB_01705_r9600_c6000,0.4027113616466522,0.8845207638676852
C0729,R3798,R3790,38SMB_01415_r7920_c6960,0.4660420715808868,0.9971695104582361
C0734,R3041,R3052,38SMB_01254_r6960_c8640,0.4578756690025329,0.8600514022991513
C0735,R3355,R3153,38SMB_01281_r7200_c5040,0.4284253716468811,0.8555039454868275
C0739,R3416,R3617,38SMB_01377_r7680_c7920,0.4375795423984527,0.8865319341493022
C0744,R3973,R3975,38SMB_01457_r8160_c6960,0.456932932138443,0.9266456661342409
C0750,R3340,R3542,38SMB_01362_r7680_c4320,0.4582546949386596,0.9434031731264237
C0751,R3813,R3815,38SMB_01421_r7920_c8400,0.4222963452339172,0.9463551620353345
C0754,R0098,R0193,38SMB_00056_r240_c3360,0.1917992532253265,0.7172891258254575
C0756,R3028,R3035,38SMB_01252_r6960_c8160,0.4526357650756836,0.9683034582852473
C0759,R2195,R2109,38SMB_00898_r5040_c3840,0.4663982987403869,0.9608821708636184
C0761,R1645,R1515,38SMB_00681_r3840_c2160,0.4278595745563507,0.8323439560233903
C0764,R3820,R4008,38SMB_01467_r8160_c9360,0.4651098549365997,0.8729390224655935
C0768,R2102,R2112,38SMB_00898_r5040_c3840,0.3870218098163605,0.8634269626683824
C0769,R1665,R1660,38SMB_00724_r4080_c2400,0.4367010593414306,0.9644410213063239
C0770,R2000,R1906,38SMB_00811_r4560_c3120,0.4185084402561188,0.8329208818971976
C0776,R2229,R2233,38SMB_00954_r5280_c7200,0.388866513967514,0.9044134990857001
C0777,R1765,R1777,38SMB_00767_r4320_c2640,0.1532712280750274,0.8274479207294341
C0781,R1457,R1451,38SMB_00646_r3600_c3840,0.3451396524906158,0.8933149555614758
C0782,R1827,R1808,38SMB_00770_r4320_c3360,0.4386743307113647,0.7164478594303844
C0785,R4518,R4345,38SMB_01566_r8880_c2880,0.4556320607662201,0.9645016654536009
C0798,R0504,R0440,38SMB_00216_r1200_c1440,0.2780136168003082,0.7482975512643245
C0799,R3681,R3674,38SMB_01393_r7920_c1680,0.4543232321739197,0.9745544227236492
C0800,R1320,R1238,38SMB_00557_r3120_c2640,0.4517651200294494,0.716794395799304
C0801,R3408,R3409,38SMB_01332_r7440_c7200,0.3573487102985382,0.7276795574477923
C0802,R0731,R0729,38SMB_00357_r1920_c5040,0.4038155078887939,0.9252310330032673
C0808,R0880,R1019,38SMB_00469_r2640_c1680,0.3545657396316528,0.9478399066639777
C0810,R3626,R3640,38SMB_01384_r7680_c9600,0.4187920689582824,0.9731350323112599
C0811,R1772,R1900,38SMB_00809_r4560_c2640,0.2183978706598281,0.7043636942763556
C0814,R4445,R4441,38SMB_01585_r8880_c7440,0.4348845481872558,0.803129801328087
C0814,R4445,R4599,38SMB_01628_r9120_c7680,0.3997760415077209,0.7708022595508881
C0814,R4445,R4601,38SMB_01628_r9120_c7680,0.1474603116512298,0.7978510511006816
C0814,R4445,R4597,38SMB_01627_r9120_c7440,0.1221106052398681,0.716575681919068
C0819,R1256,R1265,38SMB_00564_r3120_c4320,0.3101948201656341,0.8168527489561481
C0821,R0678,R0589,38SMB_00302_r1680_c1920,0.4387407898902893,0.9649095946947335
C0822,R2372,R2477,38SMB_01069_r6000_c4560,0.37135711312294,0.9658822010858559
C0824,R3749,R3925,38SMB_01446_r8160_c4320,0.4128701388835907,0.8887769972685142
C0827,R4251,R4263,38SMB_01530_r8640_c4320,0.364344984292984,0.9573920266196072
C0828,R1354,R1348,38SMB_00602_r3360_c3360,0.319096952676773,0.8220027286875456
C0831,R1382,R1383,38SMB_00610_r3360_c5280,0.3520399034023285,0.9581866285055904
C0832,R0407,R0404,38SMB_00187_r960_c4560,0.4040516316890716,0.972262185184258
C0833,R0625,R0544,38SMB_00270_r1440_c4320,0.4273504018783569,0.929338357321062
C0838,R4878,R5008,38SMB_01744_r9680_c5280,0.4135994613170624,0.8339866286161499
C0847,R0970,R0967,38SMB_00460_r2400_c9600,0.3938535749912262,0.9026250950917705
C0850,R0570,R0572,38SMB_00300_r1680_c1440,0.2776611745357513,0.7647471262765441
C0852,R4718,R4724,38SMB_01654_r9360_c3840,0.3902915418148041,0.8081485588542442
C0854,R1706,R1567,38SMB_00687_r3840_c3600,0.3623408675193786,0.9787601918057672
C0860,R3199,R3190,38SMB_01286_r7200_c6240,0.4226118922233581,0.9577022486111516
C0861,R2959,R2815,38SMB_01190_r6720_c3360,0.4054055213928222,0.9923401360856625
C0865,R3875,R3863,38SMB_01432_r8160_c960,0.4329556822776794,0.8507125818828777
C0869,R2724,R2738,38SMB_01154_r6480_c4800,0.4187512397766113,0.9458467035550587
C0870,R5018,R4885,38SMB_01703_r9600_c5520,0.4311539828777313,0.9984965348720699
C0874,R1328,R1322,38SMB_00599_r3360_c2640,0.3609271347522735,0.752849964173035
C0876,R3777,R3773,38SMB_01411_r7920_c6000,0.3900064527988434,0.9604251406629167
C0895,R0717,R0619,38SMB_00309_r1680_c3600,0.3681564927101135,0.9383309376871785
C0898,R0492,R0491,38SMB_00242_r1200_c7680,0.3335902392864227,0.8569083974108327
C0899,R3568,R3571,38SMB_01369_r7680_c6000,0.3800302445888519,0.9627501550547312
C0900,R2650,R2655,38SMB_01133_r6240_c9680,0.4169632196426391,0.9633642157856916
C0904,R0062,R0170,38SMB_00048_r240_c1440,0.3820401430130005,0.9437822301144653
C0908,R2307,R2414,38SMB_01044_r5760_c8640,0.3996338248252868,0.9590091761832399
C0910,R0963,R0833,38SMB_00407_r2160_c6960,0.4132576882839203,0.9162228504133819
C0911,R1387,R1389,38SMB_00613_r3360_c6000,0.4149106442928314,0.8808780460399314
C0912,R3397,R3201,38SMB_01287_r7200_c6480,0.2460436671972274,0.7142345797941356
C0914,R2222,R2225,38SMB_00944_r5280_c4800,0.3438786268234253,0.9861720823006374
C0915,R1221,R1306,38SMB_00595_r3360_c1680,0.3888827264308929,0.9283912740999237
C0920,R4833,R4970,38SMB_01734_r9680_c2880,0.4144120216369629,0.9995889486306656
C0924,R1355,R1248,38SMB_00561_r3120_c3600,0.3788885772228241,0.8281000553016451
C0928,R1786,R1673,38SMB_00726_r4080_c2880,0.3856751322746277,0.9517180993863029
C0929,R1112,R1002,38SMB_00466_r2640_c960,0.3897840082645416,0.8525290771566894
C0931,R3398,R3584,38SMB_01371_r7680_c6480,0.3827794194221496,0.7215671604102706
C0932,R3368,R3364,38SMB_01324_r7440_c5280,0.3598955571651459,0.8538873631787889
C0933,R4699,R4537,38SMB_01609_r9120_c3120,0.2551757991313934,0.7362080962662599
C0937,R3091,R2939,38SMB_01228_r6960_c2400,0.3590475618839264,0.9462870120696338
C0939,R4856,R4986,38SMB_01739_r9680_c4080,0.3916713297367096,0.7965595425664779
C0939,R4856,R4862,38SMB_01698_r9600_c4320,0.3328490555286407,0.7222705531175811
C0940,R2678,R2687,38SMB_01145_r6480_c2640,0.3887739479541778,0.8528997004291647
C0944,R4081,R4245,38SMB_01528_r8640_c3840,0.2482227981090545,0.7515252330679058
C0949,R1633,R1647,38SMB_00723_r4080_c2160,0.3604941964149475,0.9242722826350074
C0950,R2965,R2969,38SMB_01235_r6960_c4080,0.4031536281108856,0.9858542736682387
C0952,R3464,R3458,38SMB_01350_r7680_c1440,0.3807400465011596,0.981958540113021
C0954,R1490,R1482,38SMB_00653_r3600_c5520,0.3688254058361053,0.9594735506648364
C0955,R2892,R2893,38SMB_01203_r6720_c6480,0.2790480256080627,0.9093344835109911
C0957,R4048,R3888,38SMB_01436_r8160_c1920,0.2929927110671997,0.7657885456172157
C0961,R3257,R3255,38SMB_01304_r7440_c480,0.3642345368862152,0.9013284279625373
C0962,R4685,R4671,38SMB_01649_r9360_c2640,0.3828833997249603,0.9647208794965159
C0966,R3068,R3066,38SMB_01256_r6960_c9120,0.3916626870632171,0.984346949485921
C0971,R1683,R1696,38SMB_00728_r4080_c3360,0.3502111732959747,0.9231836333192944
C0973,R0577,R0669,38SMB_00343_r1920_c1680,0.3368791043758392,0.9013549371271837
C0975,R4941,R4806,38SMB_01689_r9600_c2160,0.3989195823669433,0.9995012806052973
C0976,R3651,R3641,38SMB_01384_r7680_c9600,0.3920626640319824,0.9966789134342272
C0978,R3064,R3069,38SMB_01257_r6960_c9360,0.3216891586780548,0.8279768112037055
C0979,R4027,R3851,38SMB_01431_r8160_c720,0.3355875611305237,0.9697512878895397
C0979,R4027,R3841,38SMB_01430_r8160_c480,0.2228386849164962,0.7073810732679119
C0979,R4027,R4020,38SMB_01472_r8400_c480,0.1664500683546066,0.7553580891264223
C0983,R0348,R0295,38SMB_00131_r720_c1200,0.1066621392965316,0.8032856660732884
C0989,R0408,R0413,38SMB_00189_r960_c5040,0.3765570819377899,0.9522378200425645
C0989,R0408,R0483,38SMB_00230_r1200_c4800,0.2634256184101105,0.8509407212109624
C0989,R0408,R0484,38SMB_00231_r1200_c5040,0.2407364249229431,0.8649506244294566
C0993,R0330,R0398,38SMB_00186_r960_c4320,0.1608851253986358,0.7933895699925951
C0997,R0420,R0339,38SMB_00150_r720_c5760,0.3221203982830047,0.938064300521733
C0997,R0420,R0341,38SMB_00150_r720_c5760,0.1073923036456108,0.7242832340181404
C0998,R1425,R1419,38SMB_00641_r3600_c2640,0.3623409569263458,0.722309128851072
C1004,R4097,R4086,38SMB_01487_r8400_c4080,0.3685579299926758,0.7258189517645838
C1009,R2753,R2751,38SMB_01156_r6480_c5280,0.1403428018093109,0.7677540724085804
C1011,R1809,R1912,38SMB_00812_r4560_c3360,0.358980655670166,0.8310748695932497
C1016,R4834,R4826,38SMB_01691_r9600_c2640,0.3477124273777008,0.9643186162490288
C1017,R4191,R4179,38SMB_01522_r8640_c2400,0.3339954018592834,0.7727412937208491
C1017,R4191,R4185,38SMB_01522_r8640_c2400,0.141266256570816,0.8296634180044112
C1019,R4151,R4148,38SMB_01505_r8400_c8400,0.3294291198253631,0.7691049705873503
C1022,R3652,R3642,38SMB_01384_r7680_c9600,0.3878098726272583,0.9977097801611419
C1023,R3761,R3949,38SMB_01448_r8160_c4800,0.3579890429973602,0.8891577505098422
C1027,R2868,R2990,38SMB_01238_r6960_c4800,0.2107053846120834,0.7165922178018841
C1029,R1521,R1527,38SMB_00683_r3840_c2640,0.3774555325508117,0.823313462931794
C1033,R2234,R2237,38SMB_00955_r5280_c7440,0.3533200025558471,0.8846858625191263
C1038,R2847,R2976,38SMB_01236_r6960_c4320,0.3711341917514801,0.9731059899190931
C1039,R2696,R2827,38SMB_01192_r6720_c3840,0.3740972876548767,0.9860118289993962
C1040,R1646,R1662,38SMB_00724_r4080_c2400,0.2101778835058212,0.8088997992128579
C1042,R4984,R4987,38SMB_01739_r9680_c4080,0.37827068567276,0.9717360133644526
C1043,R2708,R2698,38SMB_01150_r6480_c3840,0.2363726496696472,0.7852532235322813
C1044,R3976,R3791,38SMB_01415_r7920_c6960,0.3417018353939056,0.980357279918931
C1052,R1634,R1510,38SMB_00680_r3840_c1920,0.3324511051177978,0.7746822886330587
C1053,R4757,R4907,38SMB_01710_r9600_c7200,0.2024552226066589,0.789443698582661
C1058,R3663,R3668,38SMB_01390_r7920_c960,0.3714419603347778,0.8258150527913699
C1058,R3663,R3850,38SMB_01431_r8160_c720,0.3561654686927795,0.9395284219885348
C1058,R3663,R3866,38SMB_01432_r8160_c960,0.3432967960834503,0.7878733453976745
C1064,R4045,R4041,38SMB_01475_r8400_c1200,0.353671669960022,0.947908846570752
C1065,R3980,R4133,38SMB_01500_r8400_c7200,0.2770135998725891,0.9831458857165514
C1067,R0389,R0464,38SMB_00224_r1200_c3360,0.159875601530075,0.7106368946981793
C1068,R2697,R2709,38SMB_01151_r6480_c4080,0.3521509766578674,0.9789785345821418
C1068,R2697,R2828,38SMB_01192_r6720_c3840,0.3518739342689514,0.957987589436546
C1068,R2697,R2835,38SMB_01193_r6720_c4080,0.3387824892997741,0.974323413962011
C1071,R2911,R3044,38SMB_01253_r6960_c8400,0.2144836038351059,0.8254756112891151
C1072,R4459,R4608,38SMB_01637_r9120_c9680,0.2993811666965484,0.9261849363903036
C1072,R4459,R4458,38SMB_01594_r8880_c9600,0.1043857261538505,0.7249574475046501
C1078,R2190,R2202,38SMB_00940_r5280_c3840,0.109914131462574,0.7186084108780089
C1086,R4825,R4835,38SMB_01692_r9600_c2880,0.3483036458492279,0.9614940774122159
C1087,R4942,R4807,38SMB_01689_r9600_c2160,0.3079761564731598,0.7861111578763352
C1090,R3465,R3676,38SMB_01393_r7920_c1680,0.2693806886672973,0.7112592925452335
C1093,R0912,R0924,38SMB_00432_r2400_c2880,0.2838199436664581,0.8356643878061171
C1098,R0231,R0286,38SMB_00130_r720_c960,0.3625867068767547,0.9245725382908624
C1101,R3477,R3276,38SMB_01312_r7440_c2400,0.3512336611747741,0.7277134963431624
C1102,R3981,R3985,38SMB_01459_r8160_c7440,0.3462709486484527,0.943974686030403
C1105,R3480,R3282,38SMB_01313_r7440_c2640,0.3617711663246155,0.9848495647663557
C1109,R0131,R0141,38SMB_00045_r240_c720,0.3511511087417602,0.9888448426508056
C1112,R0490,R0554,38SMB_00281_r1440_c6960,0.304509550333023,0.7563257558886444
C1118,R3817,R4007,38SMB_01466_r8160_c9120,0.1047850176692009,0.7375239958396236
C1127,R0954,R1085,38SMB_00483_r2640_c5040,0.3327218890190124,0.7680189674479463
C1130,R4230,R4240,38SMB_01527_r8640_c3600,0.3278381824493408,0.7335322195438765
C1132,R1313,R1223,38SMB_00554_r3120_c1920,0.2438022047281265,0.846562536666448
C1134,R3412,R3415,38SMB_01334_r7440_c7680,0.3106008470058441,0.9233736246971117
C1137,R0590,R0580,38SMB_00301_r1680_c1680,0.208781898021698,0.7850699084343604
C1138,R1097,R1098,38SMB_00497_r2640_c8400,0.1427061557769775,0.8185075458041107
C1140,R0931,R0930,38SMB_00434_r2400_c3360,0.2750032544136047,0.897137467402848
C1141,R0204,R0201,38SMB_00058_r240_c3840,0.2524674832820892,0.7519356600201295
C1144,R2640,R2639,38SMB_01123_r6240_c7440,0.3314410746097564,0.9822326302875396
C1144,R2640,R2764,38SMB_01166_r6480_c7680,0.2007681727409362,0.7413452847681318
C1144,R2640,R2763,38SMB_01165_r6480_c7440,0.1834865808486938,0.7407275447030315
C1149,R3204,R3200,38SMB_01287_r7200_c6480,0.3501772284507751,0.7078568481437785
C1150,R3653,R3666,38SMB_01389_r7920_c720,0.3336649537086487,0.9015851212106211
C1150,R3653,R3453,38SMB_01346_r7680_c480,0.2822925150394439,0.9252129705511186
C1150,R3653,R3454,38SMB_01347_r7680_c720,0.2784377336502075,0.9273251877676972
C1152,R4554,R4561,38SMB_01612_r9120_c3840,0.3104273080825805,0.7528382822476213
C1156,R1101,R1100,38SMB_00502_r2640_c9600,0.3428511023521423,0.884513419248763
C1160,R0069,R0080,38SMB_00008_r0_c1920,0.3442442715167999,0.9861661787804775
C1162,R2207,R2125,38SMB_00899_r5040_c4080,0.333903968334198,0.9789009526193582
C1163,R1274,R1268,38SMB_00565_r3120_c4560,0.3270269930362701,0.9397995328079889
C1164,R4916,R5058,38SMB_01762_r9680_c9600,0.348996490240097,0.9815153572671131
C1164,R4916,R4914,38SMB_01719_r9600_c9360,0.3140757083892822,0.809760396298564
C1164,R4916,R5056,38SMB_01761_r9680_c9360,0.3133557438850403,0.8064943606675115
C1178,R4560,R4567,38SMB_01613_r9120_c4080,0.1536714285612106,0.846913691968722
C1180,R2995,R3006,38SMB_01240_r6960_c5280,0.3331327438354492,0.9927368290976805
C1181,R2134,R2036,38SMB_00858_r4800_c4320,0.3182452917098999,0.8774022705115448
C1183,R5025,R5030,38SMB_01747_r9680_c6000,0.3403997421264648,0.9071360198489461
C1184,R1984,R2072,38SMB_00871_r4800_c7440,0.3235764801502228,0.8723377718625994
C1191,R3627,R3428,38SMB_01341_r7440_c9360,0.2824642062187195,0.9283177180678637
C1193,R0932,R0938,38SMB_00438_r2400_c4320,0.3414767682552337,0.9731515827522162
C1193,R0932,R1061,38SMB_00479_r2640_c4080,0.2669059038162231,0.7550532395344521
C1193,R0932,R1065,38SMB_00480_r2640_c4320,0.2638055086135864,0.7512206110891597
C1195,R0322,R0267,38SMB_00097_r480_c3120,0.3398976922035217,0.8436912030060116
C1197,R2312,R2314,38SMB_01004_r5520_c9120,0.2817966639995575,0.7258542812530621
C1198,R0755,R0766,38SMB_00382_r2160_c960,0.3101602494716644,0.8937816415772661
C1200,R3304,R3112,38SMB_01274_r7200_c3360,0.2990704178810119,0.9916599139666669
C1202,R4087,R3922,38SMB_01445_r8160_c4080,0.2867167890071869,0.9414395460231672
C1206,R3926,R3938,38SMB_01447_r8160_c4560,0.3190465867519378,0.9682698918465086
C1208,R2011,R2008,38SMB_00854_r4800_c3360,0.284781277179718,0.971655115581723
C1211,R2762,R2637,38SMB_01120_r6240_c6720,0.2741724550724029,0.9800167234402449
C1213,R1192,R1189,38SMB_00528_r2880_c5760,0.3235297203063965,0.9772781814147267
C1216,R0522,R0517,38SMB_00260_r1440_c1920,0.2685482203960418,0.9621378028838675
C1218,R3146,R3138,38SMB_01278_r7200_c4320,0.3174358606338501,0.8305744287120934
C1219,R3369,R3365,38SMB_01324_r7440_c5280,0.3287314176559448,0.9700332326302035
C1220,R2380,R2494,38SMB_01070_r6000_c4800,0.218587264418602,0.95097893838999
C1221,R2555,R2679,38SMB_01144_r6480_c2400,0.3258491456508636,0.9496268991851596
C1224,R4253,R4089,38SMB_01487_r8400_c4080,0.3129175007343292,0.9828548159293088
C1231,R1685,R1800,38SMB_00769_r4320_c3120,0.2986026108264923,0.9214626494694448
C1234,R0578,R0670,38SMB_00343_r1920_c1680,0.3294338583946228,0.819354480760069
C1234,R0578,R0672,38SMB_00343_r1920_c1680,0.1503077745437622,0.8455903970866849
C1235,R2022,R2013,38SMB_00855_r4800_c3600,0.3006175458431244,0.9567041431315736
C1236,R0132,R0126,38SMB_00043_r240_c240,0.3300853967666626,0.7510110036655929
C1236,R0132,R0222,38SMB_00086_r480_c480,0.324527382850647,0.9449538076924131
C1236,R0132,R0219,38SMB_00085_r480_c240,0.2677607536315918,0.723688318924353
C1237,R0390,R0387,38SMB_00181_r960_c3120,0.3026843667030334,0.7148349807274781
C1239,R3821,R3818,38SMB_01424_r7920_c9120,0.3131953179836273,0.9931687267362632
C1240,R3179,R3017,38SMB_01242_r6960_c5760,0.2771169245243072,0.9027432974181041
C1250,R1876,R1882,38SMB_00779_r4320_c5520,0.2986645400524139,0.9448662053786392
C1250,R1876,R1732,38SMB_00736_r4080_c5280,0.1315002739429474,0.7650317366504892
C1252,R1470,R1474,38SMB_00652_r3600_c5280,0.2567051351070404,0.7983831380565213
C1253,R1516,R1522,38SMB_00682_r3840_c2400,0.3010183870792389,0.9273048656254821
C1255,R3374,R3372,38SMB_01325_r7440_c5520,0.2253411263227462,0.903181249311105
C1263,R3130,R3330,38SMB_01319_r7440_c4080,0.3064009845256805,0.7181154387668648
C1268,R1407,R1307,38SMB_00595_r3360_c1680,0.2364175766706466,0.9169704704444155
C1269,R3868,R4035,38SMB_01474_r8400_c960,0.3028481602668762,0.9556733333425734
C1273,R2768,R2646,38SMB_01126_r6240_c8160,0.2309615910053253,0.7486268276163367
C1276,R3741,R3536,38SMB_01361_r7680_c4080,0.2552353143692016,0.7029209938305705
C1283,R3567,R3370,38SMB_01325_r7440_c5520,0.3230840563774109,0.8813558024042527
C1283,R3567,R3377,38SMB_01326_r7440_c5760,0.2438796162605285,0.7002891552356629
C1283,R3567,R3569,38SMB_01368_r7680_c5760,0.2368355244398117,0.7788155551201306
C1284,R4867,R4874,38SMB_01701_r9600_c5040,0.306600421667099,0.9641083653365439
C1284,R4867,R4998,38SMB_01742_r9680_c4800,0.2680124044418335,0.9224952341014679
C1284,R4867,R5004,38SMB_01743_r9680_c5040,0.2505267858505249,0.8975209717268506
C1285,R1439,R1446,38SMB_00645_r3600_c3600,0.2978805601596832,0.9565994693205802
C1290,R4104,R3939,38SMB_01447_r8160_c4560,0.3034305870532989,0.7396817851313832
C1290,R4104,R3942,38SMB_01447_r8160_c4560,0.1994893997907638,0.7690207168071347
C1291,R4901,R5039,38SMB_01748_r9680_c6240,0.3228204846382141,0.9989606720036248
C1292,R3459,R3466,38SMB_01351_r7680_c1680,0.3133477568626404,0.9877614645385682
C1296,R0017,R0007,38SMB_00001_r0_c240,0.2876472473144531,0.9459564044194184
C1298,R0391,R0395,38SMB_00184_r960_c3840,0.2030416131019592,0.794130330751317
C1301,R4079,R4242,38SMB_01527_r8640_c3600,0.1903779804706573,0.7028548170580453
C1304,R5031,R4896,38SMB_01705_r9600_c6000,0.3075251281261444,0.9936329245054002
C1305,R3977,R3983,38SMB_01458_r8160_c7200,0.2630226016044616,0.8030938416471399
C1314,R2143,R2139,38SMB_00901_r5040_c4560,0.3080962896347046,0.7791807923876971
C1318,R2538,R2533,38SMB_01090_r6000_c9600,0.3156909346580505,0.9514097479729942
C1327,R4555,R4548,38SMB_01610_r9120_c3360,0.2957727015018463,0.9635391623572105
C1332,R2526,R2527,38SMB_01084_r6000_c8160,0.2657366991043091,0.7844852443672059
C1336,R3750,R3742,38SMB_01403_r7920_c4080,0.2356969714164734,0.8291489369151464
C1339,R4964,R4827,38SMB_01691_r9600_c2640,0.3125466108322143,0.9975123832236826
C1341,R4641,R4660,38SMB_01647_r9360_c2160,0.1264873594045639,0.709645235756112
C1342,R1336,R1349,38SMB_00602_r3360_c3360,0.3081979751586914,0.918447053534835
C1345,R4989,R4857,38SMB_01697_r9600_c4080,0.2717969417572021,0.8313775438727503
C1346,R1923,R1915,38SMB_00812_r4560_c3360,0.1794306337833404,0.9588848500071934
C1358,R5019,R4886,38SMB_01703_r9600_c5520,0.2435391396284103,0.9194968017720756
C1361,R2869,R2989,38SMB_01238_r6960_c4800,0.2257548123598098,0.7609882276268094
C1362,R3231,R3236,38SMB_01299_r7200_c9360,0.235077366232872,0.871023223708133
C1364,R1574,R1711,38SMB_00730_r4080_c3840,0.2765790820121765,0.879774307275158
C1364,R1574,R1719,38SMB_00731_r4080_c4080,0.223770797252655,0.7387453965219722
C1364,R1574,R1582,38SMB_00689_r3840_c4080,0.211836576461792,0.7329038684598846
C1365,R4808,R4943,38SMB_01731_r9680_c2160,0.3064950406551361,0.9998519558100392
C1367,R3481,R3490,38SMB_01356_r7680_c2880,0.1684107929468155,0.7670330092516385
C1373,R5057,R4915,38SMB_01719_r9600_c9360,0.3043371140956878,0.9962054276073371
C1374,R5026,R4892,38SMB_01704_r9600_c5760,0.305485337972641,0.9998154965291973
C1377,R4014,R4157,38SMB_01513_r8640_c240,0.2284991294145584,0.7234294746553956
C1378,R4930,R4798,38SMB_01688_r9600_c1920,0.2979347109794616,0.9973451037516692
C1379,R2680,R2558,38SMB_01102_r6240_c2400,0.2310407161712646,0.8195495003087266
C1381,R0371,R0378,38SMB_00177_r960_c2160,0.2471831738948822,0.9194587926914232
C1387,R0906,R0914,38SMB_00431_r2400_c2640,0.2979909777641296,0.9458893525578821
C1402,R3207,R3208,38SMB_01290_r7200_c7200,0.2622930407524109,0.8193775923358098
C1408,R3974,R3786,38SMB_01414_r7920_c6720,0.283515989780426,0.9770280782075847
C1410,R1202,R1113,38SMB_00508_r2880_c960,0.260642260313034,0.7691183289943743
C1411,R2197,R2266,38SMB_00982_r5520_c3840,0.2931939661502838,0.987568002975119
C1416,R1801,R1812,38SMB_00770_r4320_c3360,0.2649977803230285,0.9495579632412706
C1417,R4736,R4748,38SMB_01658_r9360_c4800,0.1859877556562423,0.874717119278155
C1418,R3092,R3099,38SMB_01271_r7200_c2640,0.1266271024942398,0.7839790284527063
C1419,R1324,R1422,38SMB_00641_r3600_c2640,0.1833463162183761,0.7012198488777269
C1421,R2582,R2590,38SMB_01109_r6240_c4080,0.1571541577577591,0.8271222306266071
C1423,R4205,R4193,38SMB_01523_r8640_c2640,0.1641246378421783,0.8195800697091208
C1430,R1686,R1698,38SMB_00728_r4080_c3360,0.2874041795730591,0.9770974744206568
C1430,R1686,R1811,38SMB_00770_r4320_c3360,0.2703172862529754,0.970787416833524
C1430,R1686,R1802,38SMB_00769_r4320_c3120,0.263069748878479,0.9802958719030535
C1431,R3383,R3375,38SMB_01326_r7440_c5760,0.2924954295158386,0.9771520626619493
C1433,R1517,R1523,38SMB_00682_r3840_c2400,0.2680022418498993,0.8229990216103674
C1433,R1517,R1652,38SMB_00723_r4080_c2160,0.1524256020784378,0.7009745767866911
C1438,R4069,R3905,38SMB_01441_r8160_c3120,0.2457248568534851,0.9779833235833514
C1444,R2441,R2553,38SMB_01101_r6240_c2160,0.2136664986610412,0.887152536295571
C1446,R0500,R0505,38SMB_00258_r1440_c1440,0.2338713705539703,0.7561296570334879
C1452,R4799,R4931,38SMB_01730_r9680_c1920,0.2883687317371368,0.9973149747714595
C1453,R0545,R0538,38SMB_00269_r1440_c4080,0.2830716967582702,0.9787835176199787
C1455,R2394,R2510,38SMB_01075_r6000_c6000,0.2772887051105499,0.9689566092152844
C1457,R2055,R2059,38SMB_00864_r4800_c5760,0.2762871384620666,0.9805006632414727
C1460,R3805,R3802,38SMB_01417_r7920_c7440,0.2805871069431305,0.9226272759237831
C1464,R0372,R0452,38SMB_00218_r1200_c1920,0.2562906444072723,0.9816040969622767
C1465,R1528,R1538,38SMB_00684_r3840_c2880,0.2611580193042755,0.8055932536180722
C1467,R0508,R0518,38SMB_00260_r1440_c1920,0.2165715098381042,0.7785372298587538
C1468,R2449,R2444,38SMB_01060_r6000_c2400,0.2639612853527069,0.707823013875073
C1472,R5009,R4879,38SMB_01702_r9600_c5280,0.2675163447856903,0.7336997266438232
C1473,R4232,R4241,38SMB_01527_r8640_c3600,0.2482649981975555,0.9851419992603053
C1474,R3043,R3038,38SMB_01252_r6960_c8160,0.2414011806249618,0.9735836680612311
C1484,R1529,R1525,38SMB_00682_r3840_c2400,0.1117438003420829,0.794728171427195
C1490,R4615,R4465,38SMB_01601_r9120_c1200,0.2568129599094391,0.7953140425592289
C1493,R1548,R1431,38SMB_00643_r3600_c3120,0.257327139377594,0.9515936157474403
C1497,R2878,R2747,38SMB_01155_r6480_c5040,0.2445555329322815,0.8345533160382285
C1499,R2539,R2534,38SMB_01090_r6000_c9600,0.2782878279685974,0.99860886423561
C1501,R2829,R2837,38SMB_01193_r6720_c4080,0.2357517182826995,0.9671474270496782
C1501,R2829,R2839,38SMB_01193_r6720_c4080,0.2176287025213241,0.7095855611243532
C1509,R4909,R5054,38SMB_01754_r9680_c7680,0.1522927731275558,0.8414406946169625
C1511,R2917,R2912,38SMB_01211_r6720_c8400,0.2336931973695755,0.8058653311429387
C1513,R4329,R4339,38SMB_01565_r8880_c2640,0.2576178610324859,0.861515583442673
C1514,R1484,R1492,38SMB_00654_r3600_c5760,0.2650842368602752,0.9373310761176369
C1515,R0867,R0773,38SMB_00383_r2160_c1200,0.1645944118499755,0.7439572418836998
C1517,R0177,R0184,38SMB_00050_r240_c1920,0.2086231410503387,0.8131731741821138
C1518,R4965,R4828,38SMB_01691_r9600_c2640,0.2766777575016022,0.9981270284820094
C1520,R0899,R1036,38SMB_00471_r2640_c2160,0.258259117603302,0.9587334548391593
C1525,R1537,R1674,38SMB_00726_r4080_c2880,0.2739756107330322,0.7250256188471562
C1525,R1537,R1554,38SMB_00685_r3840_c3120,0.1844188421964645,0.7213170882196681
C1538,R2746,R2616,38SMB_01113_r6240_c5040,0.2331462800502777,0.7379840522383605
C1538,R2746,R2618,38SMB_01113_r6240_c5040,0.1400061398744583,0.7142101910099788
C1540,R0359,R0300,38SMB_00132_r720_c1440,0.2050694525241851,0.708382790853138
C1542,R2681,R2797,38SMB_01186_r6720_c2400,0.2644041776657104,0.952589880624067
C1544,R4847,R4706,38SMB_01652_r9360_c3360,0.2472822219133377,0.9937199956130244
C1545,R0486,R0485,38SMB_00233_r1200_c5520,0.190612107515335,0.7390288411573986
C1546,R2389,R2385,38SMB_01029_r5760_c5040,0.2648163139820099,0.7543501344155618
C1546,R2389,R2387,38SMB_01029_r5760_c5040,0.1140007674694061,0.7164770256149684
C1548,R2572,R2569,38SMB_01104_r6240_c2880,0.2404795885086059,0.9232794113620283
C1559,R0627,R0725,38SMB_00355_r1920_c4560,0.2507316172122955,0.7311885992675536
C1563,R2556,R2445,38SMB_01060_r6000_c2400,0.2197523862123489,0.731407318443807
C1566,R0373,R0309,38SMB_00134_r720_c1920,0.2602871656417846,0.7971698948782224
C1570,R3885,R3678,38SMB_01393_r7920_c1680,0.1845367103815078,0.9928506210262781
C1573,R2931,R2928,38SMB_01216_r6720_c9600,0.2648690640926361,0.9944638452244572
C1573,R2931,R3072,38SMB_01259_r6960_c9680,0.1794183552265167,0.8131995590790595
C1573,R2931,R3071,38SMB_01258_r6960_c9600,0.1791581809520721,0.8135395928471626
C1575,R2415,R2421,38SMB_01045_r5760_c8880,0.1628787517547607,0.7124733052122185
C1577,R0377,R0458,38SMB_00219_r1200_c2160,0.2448699027299881,0.9735234836558697
C1586,R0410,R0333,38SMB_00146_r720_c4800,0.2435635179281234,0.8733597577739338
C1587,R4858,R4731,38SMB_01655_r9360_c4080,0.1015678569674491,0.7889464846264002
C1591,R4486,R4505,38SMB_01606_r9120_c2400,0.2202900201082229,0.8499520474543165
C1592,R4386,R4376,38SMB_01568_r8880_c3360,0.2521466016769409,0.9859544548494508
C1611,R2677,R2554,38SMB_01101_r6240_c2160,0.1732694953680038,0.858763552060708
C1612,R1229,R1234,38SMB_00556_r3120_c2400,0.2236142307519912,0.9597706710608459
C1613,R3877,R3670,38SMB_01391_r7920_c1200,0.207248568534851,0.7411034437909457
C1616,R3030,R3209,38SMB_01293_r7200_c7920,0.2000844031572342,0.8130659190542983
C1623,R0064,R0172,38SMB_00048_r240_c1440,0.2567459046840668,0.90622635159377
C1624,R1269,R1378,38SMB_00607_r3360_c4560,0.1932573765516281,0.9584395950750545
C1625,R0524,R0526,38SMB_00262_r1440_c2400,0.2268517911434173,0.9719185123286148
C1627,R1814,R1830,38SMB_00771_r4320_c3600,0.2000386118888855,0.7246348382581091
C1632,R4409,R4569,38SMB_01614_r9120_c4320,0.2443187981843948,0.966592365576043
C1635,R0863,R0767,38SMB_00382_r2160_c960,0.2486585080623626,0.9440637297462946
C1637,R3221,R3227,38SMB_01297_r7200_c8880,0.1827351599931717,0.8622699357171693
C1642,R4924,R4788,38SMB_01687_r9600_c1680,0.2420391887426376,0.9626263332744048
C1643,R1938,R1857,38SMB_00773_r4320_c4080,0.1573530882596969,0.8944566424087516
C1649,R1127,R1225,38SMB_00554_r3120_c1920,0.2256171405315399,0.8689829574050129
C1649,R1127,R1230,38SMB_00555_r3120_c2160,0.2025358378887176,0.736437161392315
C1649,R1127,R1136,38SMB_00513_r2880_c2160,0.1935661733150482,0.8147241717802073
C1650,R5032,R4897,38SMB_01705_r9600_c6000,0.2519549429416656,0.9976338203036991
C1655,R4999,R4868,38SMB_01700_r9600_c4800,0.1877803802490234,0.9225454538239004
C1655,R4999,R5006,38SMB_01743_r9680_c5040,0.1595547944307327,0.7217180757442151
C1656,R0360,R0444,38SMB_00216_r1200_c1440,0.1557841151952743,0.7252905295848361
C1660,R1575,R1453,38SMB_00646_r3600_c3840,0.1217021197080612,0.7739895672837769
C1660,R1575,R1572,38SMB_00687_r3840_c3600,0.1056734398007392,0.736400807622803
C1666,R1303,R1309,38SMB_00595_r3360_c1680,0.1914112120866775,0.7916019430849754
C1672,R4809,R4945,38SMB_01731_r9680_c2160,0.2140731066465377,0.7940127594180222
C1681,R0815,R0812,38SMB_00392_r2160_c3360,0.1651061922311782,0.9516626801398932
C1683,R3531,R3324,38SMB_01318_r7440_c3840,0.2421121895313263,0.9860750295946313
C1686,R2651,R2657,38SMB_01133_r6240_c9680,0.246477723121643,0.9989248710633328
C1687,R4787,R4925,38SMB_01729_r9680_c1680,0.2454997301101684,0.9967873571926942
C1691,R0680,R0592,38SMB_00302_r1680_c1920,0.2311575561761856,0.8083006456698355
C1695,R2199,R2268,38SMB_00982_r5520_c3840,0.1667825877666473,0.9210770633681399
C1696,R0189,R0269,38SMB_00098_r480_c3360,0.1199471428990364,0.8761996875367974
C1700,R2557,R2446,38SMB_01060_r6000_c2400,0.2067531645298004,0.9804172324313146
C1700,R2557,R2566,38SMB_01103_r6240_c2640,0.1774425357580185,0.978158009622021
C1700,R2557,R2454,38SMB_01061_r6000_c2640,0.1536026746034622,0.9612045495491681
C1701,R4255,R4090,38SMB_01487_r8400_c4080,0.2369350641965866,0.7869997948905383
C1704,R2918,R2913,38SMB_01211_r6720_c8400,0.207280695438385,0.728775743066868
C1706,R4434,R4282,38SMB_01540_r8640_c6720,0.1732427179813385,0.7939524716819286
C1710,R1298,R1299,38SMB_00587_r3120_c9680,0.2441234141588211,0.9997676230509769
C1718,R2056,R2060,38SMB_00864_r4800_c5760,0.2394131571054458,0.9831256921259928
C1720,R3909,R3916,38SMB_01443_r8160_c3600,0.2196253836154937,0.9699579437348241
C1722,R4520,R4512,38SMB_01607_r9120_c2640,0.2336179167032241,0.7681776555049956
C1722,R4520,R4343,38SMB_01565_r8880_c2640,0.1803034842014312,0.8266825094756337
C1722,R4520,R4349,38SMB_01566_r8880_c2880,0.1769607365131378,0.9093781037084815
C1723,R1468,R1381,38SMB_00608_r3360_c4800,0.2231130450963974,0.7151460270015472
C1729,R2622,R2615,38SMB_01113_r6240_c5040,0.2368601262569427,0.8557441175314785
C1732,R3525,R3532,38SMB_01360_r7680_c3840,0.2334998697042465,0.7184273218912159
C1743,R3154,R3162,38SMB_01282_r7200_c5280,0.2385650128126144,0.97862683435944
C1749,R0280,R0279,38SMB_00104_r480_c4800,0.1156407296657562,0.7332382064616222
C1753,R4775,R4612,38SMB_01642_r9360_c960,0.1757244765758514,0.8945298534881326
C1759,R4470,R4468,38SMB_01602_r9120_c1440,0.1577186733484268,0.9124775930257372
C1762,R0681,R0596,38SMB_00302_r1680_c1920,0.1956512629985809,0.9846287233155864
C1764,R4982,R4848,38SMB_01694_r9600_c3360,0.220198318362236,0.9866881509396005
C1768,R1500,R1620,38SMB_00703_r3840_c7440,0.2294912934303283,0.9622095393197375
C1776,R4297,R4457,38SMB_01593_r8880_c9360,0.2227056622505188,0.9275445502843477
C1777,R4521,R4690,38SMB_01650_r9360_c2880,0.2140593230724334,0.8969587417633481
C1777,R4521,R4692,38SMB_01650_r9360_c2880,0.1650665700435638,0.7355599080867387
C1778,R1562,R1699,38SMB_00728_r4080_c3360,0.2199606299400329,0.8318782618174896
C1780,R0462,R0386,38SMB_00180_r960_c2880,0.2239725589752197,0.9881411917836965
C1780,R0462,R0461,38SMB_00221_r1200_c2640,0.1695403903722763,0.8739885934971987
C1780,R0462,R0383,38SMB_00179_r960_c2640,0.1610549390316009,0.875849222428935
C1785,R0366,R0448,38SMB_00217_r1200_c1680,0.2081550359725952,0.940351049733482
C1787,R0855,R0759,38SMB_00381_r2160_c720,0.2197455316781997,0.913327989308822
C1790,R1751,R1624,38SMB_00714_r4080_c0,0.2284356653690338,0.9668755909638383
C1794,R0838,R0837,38SMB_00415_r2160_c8880,0.2122317999601364,0.941383874527372
C1802,R3683,R3693,38SMB_01395_r7920_c2160,0.1981675028800964,0.7382379321258016
C1803,R1742,R1617,38SMB_00698_r3840_c6240,0.2024964094161987,0.8759844756030994
C1811,R0190,R0198,38SMB_00057_r240_c3600,0.1742362976074218,0.9188487313348671
C1815,R4550,R4558,38SMB_01611_r9120_c3600,0.203275665640831,0.7706105005735685
C1816,R3507,R3530,38SMB_01359_r7680_c3600,0.1113091111183166,0.842590208865448
C1829,R2788,R2791,38SMB_01182_r6720_c1440,0.2070709466934204,0.9310883581174649
C1829,R2788,R2793,38SMB_01182_r6720_c1440,0.1023424640297889,0.7382057090561616
C1832,R4504,R4491,38SMB_01605_r9120_c2160,0.1872792392969131,0.8318246194479151
C1837,R3216,R3222,38SMB_01296_r7200_c8640,0.2216023504734039,0.9260883337158844
C1840,R3940,R3928,38SMB_01446_r8160_c4320,0.2171380668878555,0.9647618100662797
C1843,R3570,R3379,38SMB_01326_r7440_c5760,0.1817956864833831,0.8528673126030341
C1849,R2838,R2848,38SMB_01194_r6720_c4320,0.2237947583198547,0.9627719289555561
C1850,R3560,R3551,38SMB_01363_r7680_c4560,0.2242413759231567,0.9731119736287744
C1852,R1907,R2002,38SMB_00853_r4800_c3120,0.2127172946929931,0.7526361578660153
C1853,R0083,R0071,38SMB_00007_r0_c1680,0.2254514843225479,0.9397152355687451
C1856,R1170,R1082,38SMB_00482_r2640_c4800,0.1617735773324966,0.8114108195466382
C1858,R0531,R0528,38SMB_00262_r1440_c2400,0.1464367508888244,0.9736731834466328
C1861,R4363,R4221,38SMB_01525_r8640_c3120,0.162022665143013,0.7287609913836129
C1862,R0780,R0875,38SMB_00426_r2400_c1440,0.1989930570125579,0.7147935119034391
C1862,R0780,R0774,38SMB_00383_r2160_c1200,0.1573236882686615,0.7240870549519446
C1865,R1606,R1613,38SMB_00696_r3840_c5760,0.168130025267601,0.8244977343560261
C1866,R4665,R4655,38SMB_01647_r9360_c2160,0.2075086385011673,0.854883365215664
C1871,R3692,R3686,38SMB_01394_r7920_c1920,0.177997276186943,0.9643679696076431
C1871,R3692,R3475,38SMB_01353_r7680_c2160,0.1685830801725387,0.8025358306095377
C1871,R3692,R3469,38SMB_01352_r7680_c1920,0.1581660956144333,0.7820700370788439
C1872,R4629,R4624,38SMB_01644_r9360_c1440,0.1628135442733764,0.9834741049352921
C1872,R4629,R4786,38SMB_01686_r9600_c1440,0.1139400601387023,0.8277917032282059
C1873,R1581,R1591,38SMB_00690_r3840_c4320,0.192377507686615,0.7795552477184714
C1881,R0002,R0010,38SMB_00001_r0_c240,0.2144459187984466,0.9860045170135474
C1884,R4099,R4105,38SMB_01489_r8400_c4560,0.2205435335636139,0.8332384865672842
C1889,R3545,R3342,38SMB_01320_r7440_c4320,0.1285818666219711,0.8281084578657737
C1891,R4782,R4921,38SMB_01728_r9680_c1440,0.2178359478712082,0.9906211166803537
C1891,R4782,R4779,38SMB_01685_r9600_c1200,0.1177943423390388,0.7891041627796775
C1891,R4782,R4919,38SMB_01727_r9680_c1200,0.1142445504665374,0.7898476872619442
C1892,R3492,R3510,38SMB_01358_r7680_c3360,0.1586851328611374,0.9503099391608515
C1894,R4115,R4119,38SMB_01493_r8400_c5520,0.2177545726299286,0.9739068603815618
C1894,R4115,R3958,38SMB_01450_r8160_c5280,0.2172832638025283,0.9922605111116102
C1894,R4115,R3960,38SMB_01451_r8160_c5520,0.2160738855600357,0.9752176061796426
C1897,R4995,R4865,38SMB_01699_r9600_c4560,0.2197156846523285,0.9782666485515977
C1902,R4985,R4991,38SMB_01739_r9680_c4080,0.1867710053920745,0.9280716662644
C1903,R1266,R1374,38SMB_00606_r3360_c4320,0.1179636195302009,0.7743761475580515
C1905,R1540,R1550,38SMB_00685_r3840_c3120,0.2162820249795913,0.989516100408403
C1907,R5033,R4898,38SMB_01705_r9600_c6000,0.2206241339445114,0.9997891017657755
C1912,R0072,R0179,38SMB_00049_r240_c1680,0.1395636200904846,0.7235223852517275
C1913,R0962,R0831,38SMB_00406_r2160_c6720,0.2153751701116562,0.935944629880999
C1920,R3919,R3917,38SMB_01443_r8160_c3600,0.2062669992446899,0.9408135605034126
C1923,R4489,R4654,38SMB_01647_r9360_c2160,0.2121132612228393,0.9642814326354666
C1926,R3587,R3600,38SMB_01372_r7680_c6720,0.100923091173172,0.8442499165480538
C1937,R1066,R0939,38SMB_00438_r2400_c4320,0.1979407519102096,0.8957065297814217
C1938,R5027,R4893,38SMB_01704_r9600_c5760,0.216823548078537,0.9992684336388176
C1940,R4821,R4958,38SMB_01732_r9680_c2400,0.2066938281059265,0.8478629633470515
C1941,R4266,R4271,38SMB_01531_r8640_c4560,0.1513401269912719,0.7125764814699015
C1943,R3070,R3237,38SMB_01299_r7200_c9360,0.1336904913187027,0.7197396681859666
C1945,R2272,R2208,38SMB_00941_r5280_c4080,0.2143784463405609,0.9812273005059802
C1951,R2335,R2442,38SMB_01059_r6000_c2160,0.1604266613721847,0.718391197034107
C1952,R0525,R0527,38SMB_00262_r1440_c2400,0.1988584995269775,0.9318977149009763
C1954,R4859,R4990,38SMB_01739_r9680_c4080,0.2096186429262161,0.7601164733769783
C1956,R2226,R2224,38SMB_00943_r5280_c4560,0.2058864533901214,0.9425311935345362
C1958,R3013,R3172,38SMB_01283_r7200_c5520,0.1850354373455047,0.9381289909768795
C1959,R0447,R0368,38SMB_00175_r960_c1680,0.1420632600784301,0.9324651277028294
C1960,R4653,R4810,38SMB_01689_r9600_c2160,0.2029950022697448,0.8760806323420327
C1969,R2025,R1934,38SMB_00814_r4560_c3840,0.1733587086200714,0.9862414816838185
C1972,R2535,R2540,38SMB_01091_r6000_c9680,0.2112369090318679,0.9983801783974234
C1974,R1394,R1296,38SMB_00580_r3120_c8160,0.1627633720636367,0.8566326810978244
C1977,R2168,R2232,38SMB_00953_r5280_c6960,0.1721829921007156,0.7122145908673252
C1984,R0191,R0099,38SMB_00014_r0_c3360,0.1546153724193573,0.7897717688024493
C1991,R4522,R4351,38SMB_01566_r8880_c2880,0.1568183749914169,0.8425361157836927
C1992,R5005,R4876,38SMB_01701_r9600_c5040,0.1719725430011749,0.836102945657083
C1992,R5005,R5012,38SMB_01744_r9680_c5280,0.1231192946434021,0.7190802288503427
C1994,R3460,R3467,38SMB_01351_r7680_c1680,0.2084755897521972,0.9566354825345901
C2009,R2303,R2242,38SMB_00959_r5280_c8400,0.1237297505140304,0.7005762182388771
C2011,R4746,R4579,38SMB_01616_r9120_c4800,0.1373046785593032,0.7232599948927941
C2013,R0750,R0747,38SMB_00379_r2160_c240,0.1672379374504089,0.775406687007794
C2014,R0316,R0318,38SMB_00137_r720_c2640,0.1148095428943634,0.774935312395069
C2016,R0658,R0653,38SMB_00339_r1920_c720,0.1923495084047317,0.9624836735769577
C2018,R1576,R1570,38SMB_00687_r3840_c3600,0.1486839205026626,0.7111881852142301
C2019,R2018,R2026,38SMB_00856_r4800_c3840,0.1538123786449432,0.793511886537118
C2021,R1277,R1180,38SMB_00526_r2880_c5280,0.1982792019844055,0.7405002958803429
C2024,R3250,R3073,38SMB_01260_r7200_c0,0.1990589052438736,0.9800267167081396
C2025,R1080,R1171,38SMB_00524_r2880_c4800,0.1875506788492202,0.817981969541453
C2026,R4922,R4783,38SMB_01686_r9600_c1440,0.2070744633674621,0.9955524515449479
C2029,R4313,R4478,38SMB_01604_r9120_c1920,0.1892789900302887,0.8880931500107028
C2029,R4313,R4309,38SMB_01561_r8880_c1680,0.1298877298831939,0.9073800125877912
C2030,R2209,R2274,38SMB_00983_r5520_c4080,0.1784828305244445,0.9790833759109385
C2031,R1392,R1294,38SMB_00579_r3120_c7920,0.1320881843566894,0.8096664455042178
C2034,R2381,R2495,38SMB_01070_r6000_c4800,0.2021189481019973,0.9849986209141024
C2035,R2699,R2692,38SMB_01149_r6480_c3600,0.1711817234754562,0.8126257621768053
C2037,R0057,R0161,38SMB_00047_r240_c1200,0.2001726329326629,0.975061448240617
C2039,R1854,R1942,38SMB_00815_r4560_c4080,0.1507688164710998,0.8416281167099045
C2041,R4412,R4417,38SMB_01573_r8880_c4560,0.2031880319118499,0.9883640629417477
C2047,R0205,R0276,38SMB_00101_r480_c4080,0.1362949162721634,0.7869617846605049
C2053,R1689,R1700,38SMB_00728_r4080_c3360,0.1971448063850402,0.9754887595742066
C2054,R1583,R1577,38SMB_00688_r3840_c3840,0.1647844910621643,0.9596547453687699
C2055,R0594,R0610,38SMB_00303_r1680_c2160,0.1631954908370971,0.8887520429616789
C2056,R4455,R4452,38SMB_01588_r8880_c8160,0.184748113155365,0.9885930949312692
C2058,R0351,R0433,38SMB_00215_r1200_c1200,0.1950607597827911,0.8467487480278272
C2078,R2126,R2211,38SMB_00941_r5280_c4080,0.1755133122205734,0.8744484437823882
C2080,R1551,R1565,38SMB_00686_r3840_c3360,0.1434407383203506,0.7673761424661966
C2083,R1104,R1199,38SMB_00547_r3120_c240,0.100122332572937,0.9513983216035242
C2088,R0826,R0824,38SMB_00399_r2160_c5040,0.1841701716184616,0.8748517127555846
C2093,R3078,R3075,38SMB_01262_r7200_c480,0.1941271871328354,0.9196365009236412
C2096,R0510,R0449,38SMB_00217_r1200_c1680,0.1829344183206558,0.9688631816038522
C2101,R4673,R4666,38SMB_01648_r9360_c2400,0.1690511703491211,0.9126399931960121
C2102,R2320,R2324,38SMB_01015_r5760_c1680,0.1663457751274109,0.9517108318171308
C2103,R3265,R3462,38SMB_01350_r7680_c1440,0.1185949221253395,0.9078815450912155
C2109,R0981,R1105,38SMB_00505_r2880_c240,0.1347735226154327,0.8129497327129985
C2111,R3814,R4001,38SMB_01462_r8160_c8160,0.1837387531995773,0.9011525370966499
C2112,R1788,R1775,38SMB_00767_r4320_c2640,0.1918608248233795,0.7062727905774253
C2112,R1788,R1668,38SMB_00725_r4080_c2640,0.1753806471824646,0.7299222104938148
C2112,R1788,R1676,38SMB_00726_r4080_c2880,0.1593856066465377,0.9543502066245614
C2118,R4774,R4917,38SMB_01722_r9680_c0,0.1702349036931991,0.8514884462570262
C2119,R3447,R3252,38SMB_01302_r7440_c0,0.1339143216609954,0.7118858843232526
C2120,R2748,R2617,38SMB_01113_r6240_c5040,0.1832208484411239,0.9217344889622922
C2122,R0968,R0971,38SMB_00461_r2400_c9680,0.1986825317144394,0.9970007574165237
C2125,R0153,R0047,38SMB_00004_r0_c960,0.1814689487218856,0.9503044649794614
C2128,R0634,R0736,38SMB_00364_r1920_c6720,0.1954067349433899,0.8086899815895046
C2143,R3184,R3387,38SMB_01327_r7440_c6000,0.185996800661087,0.7351502461667954
C2145,R2665,R2778,38SMB_01177_r6720_c240,0.1842487156391143,0.9381383769006937
C2158,R0972,R0969,38SMB_00460_r2400_c9600,0.1955702304840088,0.9920665302639611
C2166,R2502,R2500,38SMB_01071_r6000_c5040,0.1813598126173019,0.9384106256610146
C2167,R0746,R0742,38SMB_00378_r2160_c0,0.1617458313703537,0.8929346593471826
C2168,R4811,R4947,38SMB_01731_r9680_c2160,0.1950929462909698,0.9993667054639279
C2178,R1008,R0870,38SMB_00425_r2400_c1200,0.146261379122734,0.7472965798017126
C2184,R0319,R0264,38SMB_00096_r480_c2880,0.1872489750385284,0.9814988228445694
C2185,R2673,R2784,38SMB_01180_r6720_c960,0.1743887215852737,0.9719833682599498
C2189,R2610,R2601,38SMB_01111_r6240_c4560,0.1479168385267257,0.8815977472285654
C2196,R1855,R1941,38SMB_00815_r4560_c4080,0.1530367732048034,0.9361811432235544
C2196,R1855,R1936,38SMB_00814_r4560_c3840,0.1191781386733055,0.8105377131175526
C2196,R1855,R1845,38SMB_00772_r4320_c3840,0.105070374906063,0.8079858786587353
C2198,R4083,R4247,38SMB_01528_r8640_c3840,0.191158264875412,0.9207165435884485
C2200,R3331,R3537,38SMB_01361_r7680_c4080,0.1908895969390869,0.982374209943925
C2201,R0207,R0278,38SMB_00103_r480_c4560,0.1746266037225723,0.9483838537838339
C2207,R2117,R2128,38SMB_00899_r5040_c4080,0.1675995737314224,0.9456675140921257
C2209,R4980,R4845,38SMB_01693_r9600_c3120,0.1915002167224884,0.9995570544951807
C2210,R3384,R3186,38SMB_01285_r7200_c6000,0.1608761548995971,0.7600145315429506
C2211,R0710,R0706,38SMB_00347_r1920_c2640,0.1794694662094116,0.9729601009244924
C2217,R0892,R1028,38SMB_00470_r2640_c1920,0.1803377270698547,0.964302791512035
C2221,R0900,R1037,38SMB_00471_r2640_c2160,0.1824319213628769,0.9689429179610214
C2222,R2700,R2693,38SMB_01149_r6480_c3600,0.1022888571023941,0.7107700664096075
C2227,R0411,R0405,38SMB_00187_r960_c4560,0.1693463027477264,0.7705409896274704
C2232,R2630,R2633,38SMB_01117_r6240_c6000,0.1727825999259948,0.9835622376497706
C2232,R2630,R2507,38SMB_01074_r6000_c5760,0.1216584369540214,0.7993242419148466
C2232,R2630,R2511,38SMB_01075_r6000_c6000,0.1178801879286766,0.8269554740083827
C2235,R3386,R3185,38SMB_01285_r7200_c6000,0.1832720786333084,0.9822132518339327
C2236,R2341,R2340,38SMB_01018_r5760_c2400,0.1336385905742645,0.7665818201892816
C2244,R4789,R4926,38SMB_01729_r9680_c1680,0.1873097121715545,0.9992716152525335
C2246,R0988,R0847,38SMB_00422_r2400_c480,0.144498810172081,0.7336790822229857
C2247,R3429,R3440,38SMB_01342_r7440_c9600,0.1165020614862442,0.8553958661632914
C2252,R3055,R3223,38SMB_01296_r7200_c8640,0.1776995658874511,0.9924267231549432
C2255,R3897,R3907,38SMB_01441_r8160_c3120,0.1770326942205429,0.9406868865472809
C2256,R1092,R1185,38SMB_00527_r2880_c5520,0.150565817952156,0.9737795896458447
C2258,R3423,R3421,38SMB_01336_r7440_c8160,0.1815358102321624,0.9961243627550344
C2266,R3279,R3285,38SMB_01313_r7440_c2640,0.1404636055231094,0.9314459496093077
C2267,R0265,R0320,38SMB_00138_r720_c2880,0.1064921990036964,0.7857733085422323
C2269,R0802,R0915,38SMB_00431_r2400_c2640,0.1832393109798431,0.9619993646111467
C2269,R0802,R0798,38SMB_00388_r2160_c2400,0.1623498052358627,0.9843135874242461
C2269,R0802,R0907,38SMB_00430_r2400_c2400,0.1590594202280044,0.9361396095136403
C2270,R1397,R1396,38SMB_00628_r3360_c9600,0.1513073593378067,0.7070793122506939
C2277,R3430,R3436,38SMB_01342_r7440_c9600,0.1664827615022659,0.9531146981621942
C2284,R2127,R2118,38SMB_00898_r5040_c3840,0.1791663020849228,0.9693896491586443
C2286,R1258,R1255,38SMB_00562_r3120_c3840,0.1812973171472549,0.8465627519628086
C2290,R4837,R4974,38SMB_01734_r9680_c2880,0.1828857660293579,0.9999097346895436
C2303,R2809,R2954,38SMB_01231_r6960_c3120,0.1201043128967285,0.7888818244760838
C2305,R4116,R4120,38SMB_01493_r8400_c5520,0.1771271228790283,0.7985886422225081
C2306,R4348,R4206,38SMB_01524_r8640_c2880,0.1742218285799026,0.9873933462881626
C2306,R4348,R4365,38SMB_01567_r8880_c3120,0.1725232303142547,0.9581768760985574
C2306,R4348,R4220,38SMB_01525_r8640_c3120,0.1647124588489532,0.969331901959389
C2311,R1755,R1762,38SMB_00765_r4320_c2160,0.1792671680450439,0.9659760817615233
C2321,R3479,R3697,38SMB_01396_r7920_c2400,0.1297558546066284,0.7932576723679281
C2324,R3435,R3443,38SMB_01343_r7440_c9680,0.1792475283145904,0.9984765263145204
C2325,R3758,R3943,38SMB_01447_r8160_c4560,0.1567936539649963,0.9517236499506796
C2330,R0702,R0691,38SMB_00345_r1920_c2160,0.1726510971784591,0.7798988320075306
C2336,R3461,R3468,38SMB_01351_r7680_c1680,0.1525552570819854,0.7920129634726146
C2348,R0982,R0842,38SMB_00421_r2400_c240,0.1702920198440551,0.9732903104676726
C2357,R2393,R2506,38SMB_01074_r6000_c5760,0.1682355552911758,0.9403361809084897
C2361,R0111,R0115,38SMB_00017_r0_c4080,0.173840582370758,0.9877654314384227
C2368,R4784,R4625,38SMB_01644_r9360_c1440,0.1537155210971832,0.8394884605794483
C2378,R1181,R1279,38SMB_00568_r3120_c5280,0.1374420523643493,0.769511650568012
C2378,R1181,R1186,38SMB_00527_r2880_c5520,0.1324861645698547,0.834258043783024
C2378,R1181,R1280,38SMB_00568_r3120_c5280,0.1072984561324119,0.7539543319228771
C2379,R0926,R0916,38SMB_00431_r2400_c2640,0.1127925440669059,0.7592536129148358
C2386,R4631,R4471,38SMB_01603_r9120_c1680,0.1689278930425644,0.8022975471694483
C2392,R5021,R4887,38SMB_01703_r9600_c5520,0.1734416186809539,0.9912926957801579
C2393,R1866,R1856,38SMB_00773_r4320_c4080,0.1689254939556121,0.946050413254203
C2395,R3090,R3273,38SMB_01311_r7440_c2160,0.1514256298542022,0.8669198689612884
C2395,R3090,R3086,38SMB_01268_r7200_c1920,0.1397611647844314,0.7119809759331267
C2405,R1886,R1741,38SMB_00738_r4080_c5760,0.1399943083524704,0.9163964674119629
C2413,R0443,R0450,38SMB_00217_r1200_c1680,0.1588755548000335,0.8771821538435667
C2425,R0379,R0312,38SMB_00135_r720_c2160,0.1701320111751556,0.881437009724699
C2433,R0396,R0326,38SMB_00142_r720_c3840,0.1610185950994491,0.7565024555004539
C2435,R2169,R2170,38SMB_00912_r5040_c7200,0.1358837038278579,0.9826937293726833
C2443,R4377,R4393,38SMB_01569_r8880_c3600,0.1148364022374153,0.7548716537314438
C2444,R3774,R3573,38SMB_01369_r7680_c6000,0.1480608284473419,0.8022321700120496
C2455,R2940,R2943,38SMB_01229_r6960_c2640,0.1494509726762771,0.9648060651575256
C2457,R4513,R4676,38SMB_01649_r9360_c2640,0.1595203429460525,0.8003135375702439
C2458,R0803,R0799,38SMB_00388_r2160_c2400,0.142515555024147,0.730690168173538
C2462,R2529,R2528,38SMB_01084_r6000_c8160,0.1671042293310165,0.9531102678593274
C2474,R4606,R4609,38SMB_01637_r9120_c9680,0.1663434505462646,0.9961143098254225
C2474,R4606,R4772,38SMB_01678_r9360_c9600,0.1135510802268982,0.7446800190325975
C2474,R4606,R4773,38SMB_01679_r9360_c9680,0.1125090271234512,0.7458428526849512
C2478,R3245,R3239,38SMB_01300_r7200_c9600,0.1601361334323883,0.9338122573441321
C2483,R2549,R2435,38SMB_01054_r6000_c960,0.149372324347496,0.9559333105031715
C2483,R2549,R2546,38SMB_01095_r6240_c720,0.1295790374279022,0.9666144908200253
C2483,R2549,R2434,38SMB_01053_r6000_c720,0.1127806156873703,0.8797162176306174
C2484,R1115,R1203,38SMB_00550_r3120_c960,0.1564507037401199,0.9904080046498008
C2487,R1081,R1172,38SMB_00524_r2880_c4800,0.1524637937545776,0.7414343761590958
C2489,R3589,R3400,38SMB_01329_r7440_c6480,0.1638692170381546,0.7753365743143463
C2495,R4587,R4432,38SMB_01577_r8880_c5520,0.1559334248304367,0.9426007870045999
C2495,R4587,R4590,38SMB_01620_r9120_c5760,0.1394194960594177,0.8892207456081817
C2495,R4587,R4433,38SMB_01578_r8880_c5760,0.1304657161235809,0.9280734615931612
C2512,R2019,R2027,38SMB_00856_r4800_c3840,0.1312158852815628,0.8594583288105653
C2513,R4256,R4402,38SMB_01571_r8880_c4080,0.1310019642114639,0.8782469806138333
C2517,R2653,R2658,38SMB_01133_r6240_c9680,0.1641039699316024,0.9991798056824749
C2519,R4613,R4776,38SMB_01684_r9600_c960,0.1310104876756668,0.815726083058006
C2520,R3643,R3629,38SMB_01383_r7680_c9360,0.1560214906930923,0.8599019360424944
C2528,R1518,R1511,38SMB_00680_r3840_c1920,0.1625084280967712,0.9645814047556055
C2532,R1844,R1858,38SMB_00773_r4320_c4080,0.1351219266653061,0.7097970048364953
C2540,R4479,R4496,38SMB_01605_r9120_c2160,0.1152190938591957,0.7618055305417779
C2542,R1959,R2043,38SMB_00860_r4800_c4800,0.1392279416322708,0.8956357183234684
C2550,R4436,R4286,38SMB_01541_r8640_c6960,0.1601976454257965,0.9579092489718042
C2556,R0048,R0059,38SMB_00005_r0_c1200,0.1538894772529602,0.8342325945744546
C2562,R2964,R2824,38SMB_01191_r6720_c3600,0.1415150612592697,0.8641989252281651
C2563,R1005,R0998,38SMB_00465_r2640_c720,0.1230179071426391,0.8053658362740779
C2569,R0097,R0187,38SMB_00055_r240_c3120,0.1223880350589752,0.7483318030320428
C2573,R4135,R4139,38SMB_01501_r8400_c7440,0.1376313716173172,0.86453463061126
C2578,R4829,R4967,38SMB_01733_r9680_c2640,0.15915147960186,0.9975797326032081
C2579,R3546,R3556,38SMB_01363_r7680_c4560,0.1255484968423843,0.8952558821558018
C2594,R1411,R1417,38SMB_00640_r3600_c2400,0.1314814835786819,0.7342682416287312
C2601,R0768,R0660,38SMB_00340_r1920_c960,0.1314683705568313,0.9533184372841597
C2605,R1089,R1088,38SMB_00483_r2640_c5040,0.1344216614961624,0.8038282963471727
C2610,R5011,R4880,38SMB_01702_r9600_c5280,0.1433001160621643,0.9963816975163431
C2612,R4950,R4814,38SMB_01689_r9600_c2160,0.1570411324501037,0.9996695659160677
C2628,R4815,R4951,38SMB_01731_r9680_c2160,0.1560832858085632,0.999307176133557
C2635,R0133,R0223,38SMB_00086_r480_c480,0.1542306542396545,0.8649249801897506
C2635,R0133,R0224,38SMB_00086_r480_c480,0.1336778551340103,0.766195130955734
C2637,R4632,R4793,38SMB_01687_r9600_c1680,0.1255647838115692,0.7062160193482782
C2640,R2999,R3009,38SMB_01240_r6960_c5280,0.130424290895462,0.8787525589395927
C2640,R2999,R3167,38SMB_01282_r7200_c5280,0.1013995930552482,0.8628898770493041
C2641,R1599,R1596,38SMB_00691_r3840_c4560,0.1473724693059921,0.9695821058696508
C2641,R1599,R1727,38SMB_00734_r4080_c4800,0.1362449079751968,0.8114498192474535
C2641,R1599,R1724,38SMB_00733_r4080_c4560,0.1260356456041336,0.7928850494222647
C2642,R4952,R4818,38SMB_01689_r9600_c2160,0.1184814497828483,0.7226601214653099
C2643,R2624,R2752,38SMB_01156_r6480_c5280,0.1344162225723266,0.9690808226726964
C2647,R1752,R1625,38SMB_00714_r4080_c0,0.1535506695508957,0.9917438283794404
C2652,R3045,R3217,38SMB_01295_r7200_c8400,0.1216615960001945,0.969360143869202
C2654,R0173,R0180,38SMB_00049_r240_c1680,0.1257190555334091,0.7149840826916034
C2656,R0989,R0848,38SMB_00422_r2400_c480,0.1272561699151992,0.7545436836086822
C2666,R0990,R0983,38SMB_00463_r2640_c240,0.1078913211822509,0.7194508522858412
C2669,R4869,R5000,38SMB_01742_r9680_c4800,0.1515345573425293,0.9947410130826296
C2669,R4869,R4866,38SMB_01699_r9600_c4560,0.1373165398836136,0.9331377873523358
C2669,R4869,R4996,38SMB_01741_r9680_c4560,0.1294497847557068,0.9095040724045554
C2670,R2647,R2648,38SMB_01127_r6240_c8400,0.1368280947208404,0.9827577941919221
C2680,R0567,R0644,38SMB_00338_r1920_c480,0.1346824169158935,0.9698149811825328
C2682,R4573,R4577,38SMB_01616_r9120_c4800,0.1457370072603225,0.9473883032298762
C2687,R3437,R3444,38SMB_01343_r7440_c9680,0.152128055691719,0.9980137504597072
C2692,R4801,R4932,38SMB_01730_r9680_c1920,0.1511407047510147,0.9952143256589909
C2695,R4633,R4795,38SMB_01687_r9600_c1680,0.1080295965075492,0.7808757522974219
C2696,R1638,R1654,38SMB_00723_r4080_c2160,0.1285014301538467,0.7167546904270071
C2700,R3164,R3010,38SMB_01240_r6960_c5280,0.1199527159333229,0.9159959237833792
C2703,R1639,R1653,38SMB_00723_r4080_c2160,0.150333359837532,0.9734495369807261
C2704,R2929,R2932,38SMB_01217_r6720_c9680,0.1502521783113479,0.9905700732338851
C2705,R2852,R2982,38SMB_01236_r6960_c4320,0.1123144477605819,0.8887913589986945
C2706,R3781,R3590,38SMB_01371_r7680_c6480,0.1433332562446594,0.9965738105604286
C2710,R0367,R0307,38SMB_00133_r720_c1680,0.1500667631626129,0.9882446681664138
C2728,R3920,R4084,38SMB_01486_r8400_c3840,0.1293127238750457,0.7342462750986307
C2729,R0726,R0822,38SMB_00397_r2160_c4560,0.1419658958911895,0.9609223869073843
C2735,R2447,R2562,38SMB_01102_r6240_c2400,0.1432089358568191,0.9402559842876991
C2739,R1943,R1860,38SMB_00773_r4320_c4080,0.1022387742996215,0.7894327106137318
C2742,R4335,R4324,38SMB_01563_r8880_c2160,0.100373551249504,0.9253322985248233
C2744,R2987,R2983,38SMB_01236_r6960_c4320,0.1017367243766784,0.8190172482429094
C2745,R2904,R2901,38SMB_01209_r6720_c7920,0.1168999522924423,0.7849133623697863
C2746,R2148,R2159,38SMB_00904_r5040_c5280,0.1144362613558769,0.7657854108609367
C2750,R3155,R3151,38SMB_01280_r7200_c4800,0.1343248188495636,0.9676232927934016
C2760,R3156,R3358,38SMB_01323_r7440_c5040,0.1310850977897644,0.8981618911896775
C2765,R0074,R0086,38SMB_00008_r0_c1920,0.142516016960144,0.96209518576954
C2766,R0964,R0835,38SMB_00407_r2160_c6960,0.1349207609891891,0.988787205623333
C2777,R2583,R2702,38SMB_01150_r6480_c3840,0.1125377342104911,0.7209371641531391
C2780,R4888,R5022,38SMB_01745_r9680_c5520,0.1469335705041885,0.9984142898708793
C2783,R3246,R3241,38SMB_01300_r7200_c9600,0.1291446685791015,0.9244401357189487
C2784,R1006,R0996,38SMB_00465_r2640_c720,0.1395967155694961,0.9511729295025394
C2784,R1006,R0865,38SMB_00424_r2400_c960,0.1314217746257782,0.9438075837129056
C2784,R1006,R0859,38SMB_00423_r2400_c720,0.1297739595174789,0.9427145492142718
C2787,R4427,R4423,38SMB_01575_r8880_c5040,0.1073829755187034,0.9738473942928104
C2788,R1434,R1445,38SMB_00644_r3600_c3360,0.1349741071462631,0.8334721812469156
C2797,R4466,R4617,38SMB_01643_r9360_c1200,0.1213512197136879,0.9427185338618523
C2800,R0908,R0918,38SMB_00431_r2400_c2640,0.1047449558973312,0.7054319681359895
C2801,R2186,R2262,38SMB_00976_r5520_c2400,0.1316211223602295,0.8410732565539173
C2802,R2727,R2860,38SMB_01195_r6720_c4560,0.1277427077293396,0.9341925236017372
C2811,R4761,R4765,38SMB_01671_r9360_c7920,0.1423921287059784,0.831816077267951
C2816,R4136,R3984,38SMB_01458_r8160_c7200,0.1202521920204162,0.9261542516380046
C2824,R2561,R2685,38SMB_01144_r6480_c2400,0.1347449421882629,0.977354247879011
C2832,R3202,R3205,38SMB_01288_r7200_c6720,0.1253986060619354,0.9797139157258526
C2837,R0374,R0454,38SMB_00218_r1200_c1920,0.1401140540838241,0.9603671581922675
C2842,R4975,R4968,38SMB_01733_r9680_c2640,0.1357865929603576,0.864048034197231
C2848,R1610,R1603,38SMB_00694_r3840_c5280,0.1167869716882705,0.8445177547107566
C2851,R4012,R4010,38SMB_01468_r8160_c9600,0.1427569091320037,0.9943356348042915
C2860,R1408,R1512,38SMB_00680_r3840_c1920,0.1264433711767196,0.8656986640923485
C2871,R4785,R4923,38SMB_01728_r9680_c1440,0.1387577205896377,0.9939065586014697
C2902,R4614,R4618,38SMB_01643_r9360_c1200,0.1062374413013458,0.9013294745906208
C2909,R3247,R3242,38SMB_01300_r7200_c9600,0.1229864284396171,0.8510988812466733
C2913,R0934,R0944,38SMB_00438_r2400_c4320,0.1068196296691894,0.7460399059024022
C2915,R1232,R1227,38SMB_00554_r3120_c1920,0.1022300198674202,0.9616620660440696
C2918,R2220,R2285,38SMB_00984_r5520_c4320,0.1293004900217056,0.9520574657298471
C2927,R0864,R0769,38SMB_00382_r2160_c960,0.1107780709862709,0.9487729304517527
C2928,R2792,R2934,38SMB_01224_r6960_c1440,0.1109059900045394,0.919546691280737
C2943,R4603,R4768,38SMB_01672_r9360_c8160,0.129102736711502,0.7877678460889055
C2948,R2096,R2106,38SMB_00897_r5040_c3600,0.1342780292034149,0.9777308315672838
C2960,R3107,R3098,38SMB_01271_r7200_c2640,0.1289908289909362,0.9668180416099349
C2969,R3002,R3012,38SMB_01240_r6960_c5280,0.1100375279784202,0.8014283646221632
C2970,R1108,R1200,38SMB_00548_r3120_c480,0.1332776993513107,0.7507013411442475
C2981,R4243,R4392,38SMB_01569_r8880_c3600,0.1332643330097198,0.9508657361866469
C2989,R4881,R5013,38SMB_01744_r9680_c5280,0.1202239915728569,0.9828295936943368
C2993,R4902,R5040,38SMB_01748_r9680_c6240,0.1343825012445449,0.9985956926610652
C2994,R2386,R2292,38SMB_00987_r5520_c5040,0.128670647740364,0.9563865669443934
C2997,R1874,R1878,38SMB_00778_r4320_c5280,0.1165107488632202,0.851130941069623
C3000,R1904,R1792,38SMB_00768_r4320_c2880,0.1156903877854347,0.8367859036536225
C3001,R2853,R2719,38SMB_01152_r6480_c4320,0.1199678257107734,0.9917858898667284
C3016,R4838,R4976,38SMB_01734_r9680_c2880,0.1331557631492614,0.9996199597783789
C3020,R1925,R1834,38SMB_00771_r4320_c3600,0.1074044704437255,0.9836837224381909
C3025,R1330,R1427,38SMB_00642_r3600_c2880,0.1002573519945144,0.9792963230523508
C3029,R1641,R1513,38SMB_00680_r3840_c1920,0.1148742213845253,0.7609048485490308
C3044,R4802,R4933,38SMB_01730_r9680_c1920,0.1319968104362487,0.9994056109849093
C3047,R1832,R1821,38SMB_00770_r4320_c3360,0.1039739996194839,0.9075996911621553
C3052,R4540,R4529,38SMB_01608_r9120_c2880,0.1229133084416389,0.8750407327220784
C3054,R2759,R2631,38SMB_01116_r6240_c5760,0.1299412995576858,0.9865048725161796
C3059,R3248,R3243,38SMB_01300_r7200_c9600,0.1198139488697052,0.9567378277687181
C3063,R0707,R0617,38SMB_00305_r1680_c2640,0.1061197817325592,0.7813212992892089
C3070,R1720,R1588,38SMB_00689_r3840_c4080,0.1231818944215774,0.9655200307235233
C3070,R1720,R1715,38SMB_00730_r4080_c3840,0.1142100542783737,0.7489539677489203
C3070,R1720,R1579,38SMB_00688_r3840_c3840,0.1001794412732124,0.7921696998232749
C3073,R0123,R0004,38SMB_00000_r0_c0,0.1298105716705322,0.941034802182453
C3077,R3580,R3778,38SMB_01412_r7920_c6240,0.1216199696063995,0.8041012907511669
C3089,R4830,R4822,38SMB_01690_r9600_c2400,0.1177416294813156,0.8896663962750306
C3091,R3969,R3782,38SMB_01413_r7920_c6480,0.1072651669383049,0.9783289410297629
C3097,R0434,R0502,38SMB_00257_r1440_c1200,0.1023928970098495,0.7378941471079568
C3098,R3694,R3893,38SMB_01437_r8160_c2160,0.1153831481933593,0.9414209168706853
C3100,R4469,R4626,38SMB_01644_r9360_c1440,0.1130698919296264,0.9117289736953456
C3102,R1692,R1805,38SMB_00769_r4320_c3120,0.1187002882361412,0.7592789966749157
C3103,R4871,R5001,38SMB_01742_r9680_c4800,0.129219114780426,0.9981778184324374
C3121,R3575,R3776,38SMB_01411_r7920_c6000,0.11625736951828,0.9825674026704941
C3135,R4234,R4223,38SMB_01525_r8640_c3120,0.1268471628427505,0.9865500696571493
C3144,R2890,R2756,38SMB_01157_r6480_c5520,0.1041503995656967,0.7009221626948836
C3145,R4803,R4934,38SMB_01730_r9680_c1920,0.1271793246269226,0.999660395765832
C3158,R0715,R0814,38SMB_00392_r2160_c3360,0.1007644534111023,0.7868272674704053
C3159,R1275,R1173,38SMB_00524_r2880_c4800,0.1070175692439079,0.9183742101753934
C3168,R3800,R3612,38SMB_01374_r7680_c7200,0.1075020655989646,0.9601196320293177
C3178,R2080,R2179,38SMB_00918_r5040_c8640,0.1092483326792717,0.8739833858486271
C3182,R1339,R1436,38SMB_00643_r3600_c3120,0.1066833138465881,0.9717290249339525
C3186,R4287,R4131,38SMB_01499_r8400_c6960,0.1247839927673339,0.8320758088703001
C3187,R1519,R1655,38SMB_00723_r4080_c2160,0.1021638736128807,0.9616276887632944
C3190,R2486,R2604,38SMB_01111_r6240_c4560,0.1177252754569053,0.7150758898158356
C3191,R3445,R3439,38SMB_01342_r7440_c9600,0.1253946721553802,0.9993669288485022
C3196,R2944,R3100,38SMB_01271_r7200_c2640,0.122712604701519,0.9595450363764567
C3197,R0460,R0529,38SMB_00262_r1440_c2400,0.1018684059381485,0.7345946049210336
C3215,R3079,R3077,38SMB_01262_r7200_c480,0.1121782660484314,0.730403000455089
C3216,R0343,R0282,38SMB_00112_r480_c6720,0.1073611304163932,0.9192977559747016
C3219,R2321,R2325,38SMB_01015_r5760_c1680,0.1000324413180351,0.9212687982295322
C3241,R4935,R4955,38SMB_01731_r9680_c2160,0.110283762216568,0.9847027896435298
C3248,R2728,R2742,38SMB_01154_r6480_c4800,0.1059160381555557,0.7353584304889415
C3256,R3954,R3945,38SMB_01447_r8160_c4560,0.105283185839653,0.9718809436140119
C3262,R4839,R4977,38SMB_01734_r9680_c2880,0.1216119304299354,0.9995624167572745
C3263,R5035,R5042,38SMB_01748_r9680_c6240,0.1111963242292404,0.9581236809499533
C3287,R4029,R4021,38SMB_01472_r8400_c480,0.1061654612421989,0.8724507101715252
C3288,R4846,R4981,38SMB_01735_r9680_c3120,0.1133568361401557,0.8674784459275703
C3303,R2316,R2318,38SMB_01007_r5520_c9680,0.1176942810416221,0.9962576089375506
C3312,R0695,R0611,38SMB_00303_r1680_c2160,0.1182914674282074,0.9575868093632295
C3314,R1139,R1129,38SMB_00512_r2880_c1920,0.1193909421563148,0.9593334031582691
C3316,R2981,R3142,38SMB_01278_r7200_c4320,0.1086872965097427,0.9076422605188131
C3317,R2955,R2961,38SMB_01232_r6960_c3360,0.1108920723199844,0.886384987176717
C3324,R2176,R2076,38SMB_00872_r4800_c7680,0.1120344474911689,0.8617104817679668
C3334,R2754,R2627,38SMB_01115_r6240_c5520,0.1085875183343887,0.7463356391988676
C3335,R2201,R2269,38SMB_00982_r5520_c3840,0.1004379838705062,0.9481479603676898
C3339,R2438,R2330,38SMB_01016_r5760_c1920,0.1168144717812538,0.9826229425331038
C3354,R0423,R0345,38SMB_00157_r720_c7440,0.1122690513730049,0.9041467385185927
C3376,R4438,R4292,38SMB_01542_r8640_c7200,0.1001504808664321,0.9221126166521066
C3391,R1083,R0952,38SMB_00440_r2400_c4800,0.1141985282301902,0.9747686342148841
C3398,R0876,R1015,38SMB_00468_r2640_c1440,0.1159447357058525,0.7888354262769314
C3404,R1030,R0896,38SMB_00428_r2400_c1920,0.1115584969520568,0.9452942540194718
C3411,R3557,R3547,38SMB_01362_r7680_c4320,0.1039044559001922,0.8104664902393074
C3413,R3074,R3253,38SMB_01302_r7440_c0,0.1034205332398414,0.9835037432255869
C3414,R2243,R2241,38SMB_00958_r5280_c8160,0.1060145124793052,0.8680853879092391
C3438,R3730,R3717,38SMB_01400_r7920_c3360,0.1012786030769348,0.9675145419435769
C3445,R2790,R2786,38SMB_01180_r6720_c960,0.1058909371495246,0.9388852999480823
C3446,R0615,R0612,38SMB_00303_r1680_c2160,0.1057482212781906,0.9599197247674468
C3451,R4762,R4911,38SMB_01712_r9600_c7680,0.1050718203186988,0.9517813720522234
C3484,R4804,R4936,38SMB_01730_r9680_c1920,0.1130604669451713,0.9945439244754846
C3498,R4882,R5015,38SMB_01744_r9680_c5280,0.1125083267688751,0.951969418389993
C3507,R2611,R2741,38SMB_01154_r6480_c4800,0.1093498095870018,0.9646305613720799
C3512,R0682,R0696,38SMB_00345_r1920_c2160,0.1113715320825576,0.9315223751055208
C3532,R4992,R4861,38SMB_01697_r9600_c4080,0.1048125848174095,0.762099487532644
C3540,R4831,R4969,38SMB_01733_r9680_c2640,0.1109073087573051,0.9974350234759343
C3572,R4162,R4031,38SMB_01473_r8400_c720,0.1034687384963035,0.9739196773739688
C3573,R3087,R3084,38SMB_01267_r7200_c1680,0.104191243648529,0.7998704105866059
C3582,R1212,R1206,38SMB_00550_r3120_c960,0.1065929308533668,0.9230672546805828
C3584,R3165,R3176,38SMB_01283_r7200_c5520,0.1096065640449523,0.8166992993717569
C3597,R2332,R2439,38SMB_01058_r6000_c1920,0.103325679898262,0.7985599421085217
C3612,R2862,R2729,38SMB_01153_r6480_c4560,0.1084179133176803,0.9314741440556576
C3613,R4908,R5049,38SMB_01752_r9680_c7200,0.1092211380600929,0.9939801147177346
C3620,R1928,R1835,38SMB_00771_r4320_c3600,0.103988878428936,0.9892509304647144
C3629,R4299,R4300,38SMB_01555_r8880_c240,0.1039061844348907,0.9812697219722449
C3643,R4824,R4963,38SMB_01732_r9680_c2400,0.1071489602327346,0.9946515757864768
C3644,R2317,R2319,38SMB_01007_r5520_c9680,0.1075233370065689,0.9966139176180575
C3661,R2146,R2142,38SMB_00901_r5040_c4560,0.1071318015456199,0.9793532343155301
C3664,R4753,R4584,38SMB_01617_r9120_c5040,0.1073449626564979,0.9890822737675748
C3665,R2541,R2660,38SMB_01133_r6240_c9680,0.1010606810450553,0.9697229556419971
C3672,R4900,R5037,38SMB_01747_r9680_c6000,0.1070535257458686,0.9993866608878277
C3674,R2628,R2755,38SMB_01157_r6480_c5520,0.1062451377511024,0.7016467864289289
C3700,R4796,R4927,38SMB_01729_r9680_c1680,0.1054583862423896,0.9963821108260696
C3702,R1626,R1753,38SMB_00756_r4320_c0,0.1011085137724876,0.965172611872819
C3751,R4713,R4700,38SMB_01651_r9360_c3120,0.1031414791941642,0.9450954660335313
C3772,R3946,R3759,38SMB_01405_r7920_c4560,0.1025919914245605,0.9737462787352443
C3807,R3254,R3450,38SMB_01344_r7680_c0,0.1002192497253418,0.9756553456414466
C3842,R2689,R2570,38SMB_01104_r6240_c2880,0.1001306176185607,0.7700665347995721
