tile_name,row_start,col_start,left,bottom,right,top,image_path
candidate_0000_r6852_c4595,6852,4595,545910.0,3526370.0,551030.0,3531490.0,/home3/gdyx28/Research Project/Research Project/iraq_tells_gis/Models/model_07_nd11_4_slope_tpi_hardneg_yolo/background_mining_pool/images/candidate_0000_r6852_c4595.png
candidate_0001_r7333_c3712,7333,3712,537080.0,3521560.0,542200.0,3526680.0,/home3/gdyx28/Research Project/Research Project/iraq_tells_gis/Models/model_07_nd11_4_slope_tpi_hardneg_yolo/background_mining_pool/images/candidate_0001_r7333_c3712.png
candidate_0002_r5211_c458,5211,458,504540.0,3542780.0,509660.0,3547900.0,/home3/gdyx28/Research Project/Research Project/iraq_tells_gis/Models/model_07_nd11_4_slope_tpi_hardneg_yolo/background_mining_pool/images/candidate_0002_r5211_c458.png
candidate_0003_r9402_c3019,9402,3019,530150.0,3500870.0,535270.0,3505990.0,/home3/gdyx28/Research Project/Research Project/iraq_tells_gis/Models/model_07_nd11_4_slope_tpi_hardneg_yolo/background_mining_pool/images/candidate_0003_r9402_c3019.png
candidate_0004_r2569_c1199,2569,1199,511950.0,3569200.0,517070.0,3574320.0,/home3/gdyx28/Research Project/Research Project/iraq_tells_gis/Models/model_07_nd11_4_slope_tpi_hardneg_yolo/background_mining_pool/images/candidate_0004_r2569_c1199.png
candidate_0005_r8602_c610,8602,610,506060.0,3508870.0,511180.0,3513990.0,/home3/gdyx28/Research Project/Research Project/iraq_tells_gis/Models/model_07_nd11_4_slope_tpi_hardneg_yolo/background_mining_pool/images/candidate_0005_r8602_c610.png
candidate_0006_r10047_c917,10047,917,509130.0,3494420.0,514250.0,3499540.0,/home3/gdyx28/Research Project/Research Project/iraq_tells_gis/Models/model_07_nd11_4_slope_tpi_hardneg_yolo/background_mining_pool/images/candidate_0006_r10047_c917.png
candidate_0007_r6944_c4524,6944,4524,545200.0,3525450.0,550320.0,3530570.0,/home3/gdyx28/Research Project/Research Project/iraq_tells_gis/Models/model_07_nd11_4_slope_tpi_hardneg_yolo/background_mining_pool/images/candidate_0007_r6944_c4524.png
candidate_0008_r8237_c435,8237,435,504310.0,3512520.0,509430.0,3517640.0,/home3/gdyx28/Research Project/Research Project/iraq_tells_gis/Models/model_07_nd11_4_slope_tpi_hardneg_yolo/background_mining_pool/images/candidate_0008_r8237_c435.png
candidate_0009_r7094_c1082,7094,1082,510780.0,3523950.0,515900.0,3529070.0,/home3/gdyx28/Research Project/Research Project/iraq_tells_gis/Models/model_07_nd11_4_slope_tpi_hardneg_yolo/background_mining_pool/images/candidate_0009_r7094_c1082.png
candidate_0010_r6646_c3046,6646,3046,530420.0,3528430.0,535540.0,3533550.0,/home3/gdyx28/Research Project/Research Project/iraq_tells_gis/Models/model_07_nd11_4_slope_tpi_hardneg_yolo/background_mining_pool/images/candidate_0010_r6646_c3046.png
candidate_0011_r4540_c1506,4540,1506,515020.0,3549490.0,520140.0,3554610.0,/home3/gdyx28/Research Project/Research Project/iraq_tells_gis/Models/model_07_nd11_4_slope_tpi_hardneg_yolo/background_mining_pool/images/candidate_0011_r4540_c1506.png
candidate_0012_r9781_c145,9781,145,501410.0,3497080.0,506530.0,3502200.0,/home3/gdyx28/Research Project/Research Project/iraq_tells_gis/Models/model_07_nd11_4_slope_tpi_hardneg_yolo/background_mining_pool/images/candidate_0012_r9781_c145.png
candidate_0013_r10147_c1275,10147,1275,512710.0,3493420.0,517830.0,3498540.0,/home3/gdyx28/Research Project/Research Project/iraq_tells_gis/Models/model_07_nd11_4_slope_tpi_hardneg_yolo/background_mining_pool/images/candidate_0013_r10147_c1275.png
candidate_0014_r8646_c1372,8646,1372,513680.0,3508430.0,518800.0,3513550.0,/home3/gdyx28/Research Project/Research Project/iraq_tells_gis/Models/model_07_nd11_4_slope_tpi_hardneg_yolo/background_mining_pool/images/candidate_0014_r8646_c1372.png
candidate_0015_r4541_c1295,4541,1295,512910.0,3549480.0,518030.0,3554600.0,/home3/gdyx28/Research Project/Research Project/iraq_tells_gis/Models/model_07_nd11_4_slope_tpi_hardneg_yolo/background_mining_pool/images/candidate_0015_r4541_c1295.png
candidate_0016_r5225_c260,5225,260,502560.0,3542640.0,507680.0,3547760.0,/home3/gdyx28/Research Project/Research Project/iraq_tells_gis/Models/model_07_nd11_4_slope_tpi_hardneg_yolo/background_mining_pool/images/candidate_0016_r5225_c260.png
candidate_0017_r10041_c1102,10041,1102,510980.0,3494480.0,516100.0,3499600.0,/home3/gdyx28/Research Project/Research Project/iraq_tells_gis/Models/model_07_nd11_4_slope_tpi_hardneg_yolo/background_mining_pool/images/candidate_0017_r10041_c1102.png
candidate_0018_r6266_c1733,6266,1733,517290.0,3532230.0,522410.0,3537350.0,/home3/gdyx28/Research Project/Research Project/iraq_tells_gis/Models/model_07_nd11_4_slope_tpi_hardneg_yolo/background_mining_pool/images/candidate_0018_r6266_c1733.png
candidate_0019_r6044_c1608,6044,1608,516040.0,3534450.0,521160.0,3539570.0,/home3/gdyx28/Research Project/Research Project/iraq_tells_gis/Models/model_07_nd11_4_slope_tpi_hardneg_yolo/background_mining_pool/images/candidate_0019_r6044_c1608.png
candidate_0020_r4770_c1209,4770,1209,512050.0,3547190.0,517170.0,3552310.0,/home3/gdyx28/Research Project/Research Project/iraq_tells_gis/Models/model_07_nd11_4_slope_tpi_hardneg_yolo/background_mining_pool/images/candidate_0020_r4770_c1209.png
candidate_0021_r8699_c558,8699,558,505540.0,3507900.0,510660.0,3513020.0,/home3/gdyx28/Research Project/Research Project/iraq_tells_gis/Models/model_07_nd11_4_slope_tpi_hardneg_yolo/background_mining_pool/images/candidate_0021_r8699_c558.png
candidate_0022_r10305_c5282,10305,5282,552780.0,3491840.0,557900.0,3496960.0,/home3/gdyx28/Research Project/Research Project/iraq_tells_gis/Models/model_07_nd11_4_slope_tpi_hardneg_yolo/background_mining_pool/images/candidate_0022_r10305_c5282.png
candidate_0023_r5162_c1900,5162,1900,518960.0,3543270.0,524080.0,3548390.0,/home3/gdyx28/Research Project/Research Project/iraq_tells_gis/Models/model_07_nd11_4_slope_tpi_hardneg_yolo/background_mining_pool/images/candidate_0023_r5162_c1900.png
candidate_0024_r6080_c884,6080,884,508800.0,3534090.0,513920.0,3539210.0,/home3/gdyx28/Research Project/Research Project/iraq_tells_gis/Models/model_07_nd11_4_slope_tpi_hardneg_yolo/background_mining_pool/images/candidate_0024_r6080_c884.png
candidate_0025_r8846_c1253,8846,1253,512490.0,3506430.0,517610.0,3511550.0,/home3/gdyx28/Research Project/Research Project/iraq_tells_gis/Models/model_07_nd11_4_slope_tpi_hardneg_yolo/background_mining_pool/images/candidate_0025_r8846_c1253.png
candidate_0026_r6642_c2832,6642,2832,528280.0,3528470.0,533400.0,3533590.0,/home3/gdyx28/Research Project/Research Project/iraq_tells_gis/Models/model_07_nd11_4_slope_tpi_hardneg_yolo/background_mining_pool/images/candidate_0026_r6642_c2832.png
candidate_0027_r10063_c1547,10063,1547,515430.0,3494260.0,520550.0,3499380.0,/home3/gdyx28/Research Project/Research Project/iraq_tells_gis/Models/model_07_nd11_4_slope_tpi_hardneg_yolo/background_mining_pool/images/candidate_0027_r10063_c1547.png
candidate_0028_r4745_c1497,4745,1497,514930.0,3547440.0,520050.0,3552560.0,/home3/gdyx28/Research Project/Research Project/iraq_tells_gis/Models/model_07_nd11_4_slope_tpi_hardneg_yolo/background_mining_pool/images/candidate_0028_r4745_c1497.png
candidate_0029_r9520_c378,9520,378,503740.0,3499690.0,508860.0,3504810.0,/home3/gdyx28/Research Project/Research Project/iraq_tells_gis/Models/model_07_nd11_4_slope_tpi_hardneg_yolo/background_mining_pool/images/candidate_0029_r9520_c378.png
candidate_0030_r7300_c5282,7300,5282,552780.0,3521890.0,557900.0,3527010.0,/home3/gdyx28/Research Project/Research Project/iraq_tells_gis/Models/model_07_nd11_4_slope_tpi_hardneg_yolo/background_mining_pool/images/candidate_0030_r7300_c5282.png
candidate_0031_r5332_c570,5332,570,505660.0,3541570.0,510780.0,3546690.0,/home3/gdyx28/Research Project/Research Project/iraq_tells_gis/Models/model_07_nd11_4_slope_tpi_hardneg_yolo/background_mining_pool/images/candidate_0031_r5332_c570.png
candidate_0032_r4674_c1519,4674,1519,515150.0,3548150.0,520270.0,3553270.0,/home3/gdyx28/Research Project/Research Project/iraq_tells_gis/Models/model_07_nd11_4_slope_tpi_hardneg_yolo/background_mining_pool/images/candidate_0032_r4674_c1519.png
candidate_0033_r10190_c1404,10190,1404,514000.0,3492990.0,519120.0,3498110.0,/home3/gdyx28/Research Project/Research Project/iraq_tells_gis/Models/model_07_nd11_4_slope_tpi_hardneg_yolo/background_mining_pool/images/candidate_0033_r10190_c1404.png
candidate_0034_r10068_c5368,10068,5368,553640.0,3494210.0,558760.0,3499330.0,/home3/gdyx28/Research Project/Research Project/iraq_tells_gis/Models/model_07_nd11_4_slope_tpi_hardneg_yolo/background_mining_pool/images/candidate_0034_r10068_c5368.png
candidate_0035_r7677_c5447,7677,5447,554430.0,3518120.0,559550.0,3523240.0,/home3/gdyx28/Research Project/Research Project/iraq_tells_gis/Models/model_07_nd11_4_slope_tpi_hardneg_yolo/background_mining_pool/images/candidate_0035_r7677_c5447.png
candidate_0036_r8604_c581,8604,581,505770.0,3508850.0,510890.0,3513970.0,/home3/gdyx28/Research Project/Research Project/iraq_tells_gis/Models/model_07_nd11_4_slope_tpi_hardneg_yolo/background_mining_pool/images/candidate_0036_r8604_c581.png
candidate_0037_r5104_c1811,5104,1811,518070.0,3543850.0,523190.0,3548970.0,/home3/gdyx28/Research Project/Research Project/iraq_tells_gis/Models/model_07_nd11_4_slope_tpi_hardneg_yolo/background_mining_pool/images/candidate_0037_r5104_c1811.png
candidate_0038_r9451_c153,9451,153,501490.0,3500380.0,506610.0,3505500.0,/home3/gdyx28/Research Project/Research Project/iraq_tells_gis/Models/model_07_nd11_4_slope_tpi_hardneg_yolo/background_mining_pool/images/candidate_0038_r9451_c153.png
candidate_0039_r6998_c1253,6998,1253,512490.0,3524910.0,517610.0,3530030.0,/home3/gdyx28/Research Project/Research Project/iraq_tells_gis/Models/model_07_nd11_4_slope_tpi_hardneg_yolo/background_mining_pool/images/candidate_0039_r6998_c1253.png
candidate_0040_r7920_c5498,7920,5498,554940.0,3515690.0,560060.0,3520810.0,/home3/gdyx28/Research Project/Research Project/iraq_tells_gis/Models/model_07_nd11_4_slope_tpi_hardneg_yolo/background_mining_pool/images/candidate_0040_r7920_c5498.png
candidate_0041_r4886_c1714,4886,1714,517100.0,3546030.0,522220.0,3551150.0,/home3/gdyx28/Research Project/Research Project/iraq_tells_gis/Models/model_07_nd11_4_slope_tpi_hardneg_yolo/background_mining_pool/images/candidate_0041_r4886_c1714.png
candidate_0042_r3440_c838,3440,838,508340.0,3560490.0,513460.0,3565610.0,/home3/gdyx28/Research Project/Research Project/iraq_tells_gis/Models/model_07_nd11_4_slope_tpi_hardneg_yolo/background_mining_pool/images/candidate_0042_r3440_c838.png
candidate_0043_r6426_c608,6426,608,506040.0,3530630.0,511160.0,3535750.0,/home3/gdyx28/Research Project/Research Project/iraq_tells_gis/Models/model_07_nd11_4_slope_tpi_hardneg_yolo/background_mining_pool/images/candidate_0043_r6426_c608.png
candidate_0044_r3872_c5285,3872,5285,552810.0,3556170.0,557930.0,3561290.0,/home3/gdyx28/Research Project/Research Project/iraq_tells_gis/Models/model_07_nd11_4_slope_tpi_hardneg_yolo/background_mining_pool/images/candidate_0044_r3872_c5285.png
candidate_0045_r6102_c5223,6102,5223,552190.0,3533870.0,557310.0,3538990.0,/home3/gdyx28/Research Project/Research Project/iraq_tells_gis/Models/model_07_nd11_4_slope_tpi_hardneg_yolo/background_mining_pool/images/candidate_0045_r6102_c5223.png
candidate_0046_r4399_c3220,4399,3220,532160.0,3550900.0,537280.0,3556020.0,/home3/gdyx28/Research Project/Research Project/iraq_tells_gis/Models/model_07_nd11_4_slope_tpi_hardneg_yolo/background_mining_pool/images/candidate_0046_r4399_c3220.png
candidate_0047_r3997_c512,3997,512,505080.0,3554920.0,510200.0,3560040.0,/home3/gdyx28/Research Project/Research Project/iraq_tells_gis/Models/model_07_nd11_4_slope_tpi_hardneg_yolo/background_mining_pool/images/candidate_0047_r3997_c512.png
candidate_0048_r7066_c3580,7066,3580,535760.0,3524230.0,540880.0,3529350.0,/home3/gdyx28/Research Project/Research Project/iraq_tells_gis/Models/model_07_nd11_4_slope_tpi_hardneg_yolo/background_mining_pool/images/candidate_0048_r7066_c3580.png
candidate_0049_r8919_c1168,8919,1168,511640.0,3505700.0,516760.0,3510820.0,/home3/gdyx28/Research Project/Research Project/iraq_tells_gis/Models/model_07_nd11_4_slope_tpi_hardneg_yolo/background_mining_pool/images/candidate_0049_r8919_c1168.png
candidate_0050_r8139_c633,8139,633,506290.0,3513500.0,511410.0,3518620.0,/home3/gdyx28/Research Project/Research Project/iraq_tells_gis/Models/model_07_nd11_4_slope_tpi_hardneg_yolo/background_mining_pool/images/candidate_0050_r8139_c633.png
candidate_0051_r5052_c508,5052,508,505040.0,3544370.0,510160.0,3549490.0,/home3/gdyx28/Research Project/Research Project/iraq_tells_gis/Models/model_07_nd11_4_slope_tpi_hardneg_yolo/background_mining_pool/images/candidate_0051_r5052_c508.png
candidate_0052_r3339_c1447,3339,1447,514430.0,3561500.0,519550.0,3566620.0,/home3/gdyx28/Research Project/Research Project/iraq_tells_gis/Models/model_07_nd11_4_slope_tpi_hardneg_yolo/background_mining_pool/images/candidate_0052_r3339_c1447.png
candidate_0053_r8548_c327,8548,327,503230.0,3509410.0,508350.0,3514530.0,/home3/gdyx28/Research Project/Research Project/iraq_tells_gis/Models/model_07_nd11_4_slope_tpi_hardneg_yolo/background_mining_pool/images/candidate_0053_r8548_c327.png
candidate_0054_r5171_c49,5171,49,500450.0,3543180.0,505570.0,3548300.0,/home3/gdyx28/Research Project/Research Project/iraq_tells_gis/Models/model_07_nd11_4_slope_tpi_hardneg_yolo/background_mining_pool/images/candidate_0054_r5171_c49.png
candidate_0055_r4792_c1704,4792,1704,517000.0,3546970.0,522120.0,3552090.0,/home3/gdyx28/Research Project/Research Project/iraq_tells_gis/Models/model_07_nd11_4_slope_tpi_hardneg_yolo/background_mining_pool/images/candidate_0055_r4792_c1704.png
candidate_0056_r4013_c199,4013,199,501950.0,3554760.0,507070.0,3559880.0,/home3/gdyx28/Research Project/Research Project/iraq_tells_gis/Models/model_07_nd11_4_slope_tpi_hardneg_yolo/background_mining_pool/images/candidate_0056_r4013_c199.png
candidate_0057_r9868_c130,9868,130,501260.0,3496210.0,506380.0,3501330.0,/home3/gdyx28/Research Project/Research Project/iraq_tells_gis/Models/model_07_nd11_4_slope_tpi_hardneg_yolo/background_mining_pool/images/candidate_0057_r9868_c130.png
candidate_0058_r3752_c5447,3752,5447,554430.0,3557370.0,559550.0,3562490.0,/home3/gdyx28/Research Project/Research Project/iraq_tells_gis/Models/model_07_nd11_4_slope_tpi_hardneg_yolo/background_mining_pool/images/candidate_0058_r3752_c5447.png
candidate_0059_r9835_c985,9835,985,509810.0,3496540.0,514930.0,3501660.0,/home3/gdyx28/Research Project/Research Project/iraq_tells_gis/Models/model_07_nd11_4_slope_tpi_hardneg_yolo/background_mining_pool/images/candidate_0059_r9835_c985.png
candidate_0060_r4907_c1564,4907,1564,515600.0,3545820.0,520720.0,3550940.0,/home3/gdyx28/Research Project/Research Project/iraq_tells_gis/Models/model_07_nd11_4_slope_tpi_hardneg_yolo/background_mining_pool/images/candidate_0060_r4907_c1564.png
candidate_0061_r4771_c242,4771,242,502380.0,3547180.0,507500.0,3552300.0,/home3/gdyx28/Research Project/Research Project/iraq_tells_gis/Models/model_07_nd11_4_slope_tpi_hardneg_yolo/background_mining_pool/images/candidate_0061_r4771_c242.png
candidate_0062_r6162_c752,6162,752,507480.0,3533270.0,512600.0,3538390.0,/home3/gdyx28/Research Project/Research Project/iraq_tells_gis/Models/model_07_nd11_4_slope_tpi_hardneg_yolo/background_mining_pool/images/candidate_0062_r6162_c752.png
candidate_0063_r4293_c1442,4293,1442,514380.0,3551960.0,519500.0,3557080.0,/home3/gdyx28/Research Project/Research Project/iraq_tells_gis/Models/model_07_nd11_4_slope_tpi_hardneg_yolo/background_mining_pool/images/candidate_0063_r4293_c1442.png
candidate_0064_r4756_c1678,4756,1678,516740.0,3547330.0,521860.0,3552450.0,/home3/gdyx28/Research Project/Research Project/iraq_tells_gis/Models/model_07_nd11_4_slope_tpi_hardneg_yolo/background_mining_pool/images/candidate_0064_r4756_c1678.png
candidate_0065_r10164_c4193,10164,4193,541890.0,3493250.0,547010.0,3498370.0,/home3/gdyx28/Research Project/Research Project/iraq_tells_gis/Models/model_07_nd11_4_slope_tpi_hardneg_yolo/background_mining_pool/images/candidate_0065_r10164_c4193.png
candidate_0066_r8785_c1600,8785,1600,515960.0,3507040.0,521080.0,3512160.0,/home3/gdyx28/Research Project/Research Project/iraq_tells_gis/Models/model_07_nd11_4_slope_tpi_hardneg_yolo/background_mining_pool/images/candidate_0066_r8785_c1600.png
candidate_0067_r7138_c3574,7138,3574,535700.0,3523510.0,540820.0,3528630.0,/home3/gdyx28/Research Project/Research Project/iraq_tells_gis/Models/model_07_nd11_4_slope_tpi_hardneg_yolo/background_mining_pool/images/candidate_0067_r7138_c3574.png
candidate_0068_r6110_c421,6110,421,504170.0,3533790.0,509290.0,3538910.0,/home3/gdyx28/Research Project/Research Project/iraq_tells_gis/Models/model_07_nd11_4_slope_tpi_hardneg_yolo/background_mining_pool/images/candidate_0068_r6110_c421.png
candidate_0069_r6635_c3029,6635,3029,530250.0,3528540.0,535370.0,3533660.0,/home3/gdyx28/Research Project/Research Project/iraq_tells_gis/Models/model_07_nd11_4_slope_tpi_hardneg_yolo/background_mining_pool/images/candidate_0069_r6635_c3029.png
candidate_0070_r5977_c1755,5977,1755,517510.0,3535120.0,522630.0,3540240.0,/home3/gdyx28/Research Project/Research Project/iraq_tells_gis/Models/model_07_nd11_4_slope_tpi_hardneg_yolo/background_mining_pool/images/candidate_0070_r5977_c1755.png
candidate_0071_r3831_c78,3831,78,500740.0,3556580.0,505860.0,3561700.0,/home3/gdyx28/Research Project/Research Project/iraq_tells_gis/Models/model_07_nd11_4_slope_tpi_hardneg_yolo/background_mining_pool/images/candidate_0071_r3831_c78.png
candidate_0072_r6026_c1846,6026,1846,518420.0,3534630.0,523540.0,3539750.0,/home3/gdyx28/Research Project/Research Project/iraq_tells_gis/Models/model_07_nd11_4_slope_tpi_hardneg_yolo/background_mining_pool/images/candidate_0072_r6026_c1846.png
candidate_0073_r332_c5407,332,5407,554030.0,3591570.0,559150.0,3596690.0,/home3/gdyx28/Research Project/Research Project/iraq_tells_gis/Models/model_07_nd11_4_slope_tpi_hardneg_yolo/background_mining_pool/images/candidate_0073_r332_c5407.png
candidate_0074_r7988_c3699,7988,3699,536950.0,3515010.0,542070.0,3520130.0,/home3/gdyx28/Research Project/Research Project/iraq_tells_gis/Models/model_07_nd11_4_slope_tpi_hardneg_yolo/background_mining_pool/images/candidate_0074_r7988_c3699.png
candidate_0075_r5339_c552,5339,552,505480.0,3541500.0,510600.0,3546620.0,/home3/gdyx28/Research Project/Research Project/iraq_tells_gis/Models/model_07_nd11_4_slope_tpi_hardneg_yolo/background_mining_pool/images/candidate_0075_r5339_c552.png
candidate_0076_r6547_c2181,6547,2181,521770.0,3529420.0,526890.0,3534540.0,/home3/gdyx28/Research Project/Research Project/iraq_tells_gis/Models/model_07_nd11_4_slope_tpi_hardneg_yolo/background_mining_pool/images/candidate_0076_r6547_c2181.png
candidate_0077_r10069_c1245,10069,1245,512410.0,3494200.0,517530.0,3499320.0,/home3/gdyx28/Research Project/Research Project/iraq_tells_gis/Models/model_07_nd11_4_slope_tpi_hardneg_yolo/background_mining_pool/images/candidate_0077_r10069_c1245.png
candidate_0078_r8937_c1436,8937,1436,514320.0,3505520.0,519440.0,3510640.0,/home3/gdyx28/Research Project/Research Project/iraq_tells_gis/Models/model_07_nd11_4_slope_tpi_hardneg_yolo/background_mining_pool/images/candidate_0078_r8937_c1436.png
candidate_0079_r4859_c278,4859,278,502740.0,3546300.0,507860.0,3551420.0,/home3/gdyx28/Research Project/Research Project/iraq_tells_gis/Models/model_07_nd11_4_slope_tpi_hardneg_yolo/background_mining_pool/images/candidate_0079_r4859_c278.png
candidate_0080_r3894_c5090,3894,5090,550860.0,3555950.0,555980.0,3561070.0,/home3/gdyx28/Research Project/Research Project/iraq_tells_gis/Models/model_07_nd11_4_slope_tpi_hardneg_yolo/background_mining_pool/images/candidate_0080_r3894_c5090.png
candidate_0081_r3793_c11,3793,11,500070.0,3556960.0,505190.0,3562080.0,/home3/gdyx28/Research Project/Research Project/iraq_tells_gis/Models/model_07_nd11_4_slope_tpi_hardneg_yolo/background_mining_pool/images/candidate_0081_r3793_c11.png
candidate_0082_r7244_c5508,7244,5508,555040.0,3522450.0,560160.0,3527570.0,/home3/gdyx28/Research Project/Research Project/iraq_tells_gis/Models/model_07_nd11_4_slope_tpi_hardneg_yolo/background_mining_pool/images/candidate_0082_r7244_c5508.png
candidate_0083_r2198_c4201,2198,4201,541970.0,3572910.0,547090.0,3578030.0,/home3/gdyx28/Research Project/Research Project/iraq_tells_gis/Models/model_07_nd11_4_slope_tpi_hardneg_yolo/background_mining_pool/images/candidate_0083_r2198_c4201.png
candidate_0084_r3413_c5221,3413,5221,552170.0,3560760.0,557290.0,3565880.0,/home3/gdyx28/Research Project/Research Project/iraq_tells_gis/Models/model_07_nd11_4_slope_tpi_hardneg_yolo/background_mining_pool/images/candidate_0084_r3413_c5221.png
candidate_0085_r10013_c3986,10013,3986,539820.0,3494760.0,544940.0,3499880.0,/home3/gdyx28/Research Project/Research Project/iraq_tells_gis/Models/model_07_nd11_4_slope_tpi_hardneg_yolo/background_mining_pool/images/candidate_0085_r10013_c3986.png
candidate_0086_r10279_c1081,10279,1081,510770.0,3492100.0,515890.0,3497220.0,/home3/gdyx28/Research Project/Research Project/iraq_tells_gis/Models/model_07_nd11_4_slope_tpi_hardneg_yolo/background_mining_pool/images/candidate_0086_r10279_c1081.png
candidate_0087_r6044_c3755,6044,3755,537510.0,3534450.0,542630.0,3539570.0,/home3/gdyx28/Research Project/Research Project/iraq_tells_gis/Models/model_07_nd11_4_slope_tpi_hardneg_yolo/background_mining_pool/images/candidate_0087_r6044_c3755.png
candidate_0088_r10139_c4074,10139,4074,540700.0,3493500.0,545820.0,3498620.0,/home3/gdyx28/Research Project/Research Project/iraq_tells_gis/Models/model_07_nd11_4_slope_tpi_hardneg_yolo/background_mining_pool/images/candidate_0088_r10139_c4074.png
candidate_0089_r9037_c2246,9037,2246,522420.0,3504520.0,527540.0,3509640.0,/home3/gdyx28/Research Project/Research Project/iraq_tells_gis/Models/model_07_nd11_4_slope_tpi_hardneg_yolo/background_mining_pool/images/candidate_0089_r9037_c2246.png
candidate_0090_r10388_c550,10388,550,505460.0,3491010.0,510580.0,3496130.0,/home3/gdyx28/Research Project/Research Project/iraq_tells_gis/Models/model_07_nd11_4_slope_tpi_hardneg_yolo/background_mining_pool/images/candidate_0090_r10388_c550.png
candidate_0091_r10248_c48,10248,48,500440.0,3492410.0,505560.0,3497530.0,/home3/gdyx28/Research Project/Research Project/iraq_tells_gis/Models/model_07_nd11_4_slope_tpi_hardneg_yolo/background_mining_pool/images/candidate_0091_r10248_c48.png
candidate_0092_r4733_c57,4733,57,500530.0,3547560.0,505650.0,3552680.0,/home3/gdyx28/Research Project/Research Project/iraq_tells_gis/Models/model_07_nd11_4_slope_tpi_hardneg_yolo/background_mining_pool/images/candidate_0092_r4733_c57.png
candidate_0093_r6067_c3921,6067,3921,539170.0,3534220.0,544290.0,3539340.0,/home3/gdyx28/Research Project/Research Project/iraq_tells_gis/Models/model_07_nd11_4_slope_tpi_hardneg_yolo/background_mining_pool/images/candidate_0093_r6067_c3921.png
candidate_0094_r6069_c1710,6069,1710,517060.0,3534200.0,522180.0,3539320.0,/home3/gdyx28/Research Project/Research Project/iraq_tells_gis/Models/model_07_nd11_4_slope_tpi_hardneg_yolo/background_mining_pool/images/candidate_0094_r6069_c1710.png
candidate_0095_r10061_c5468,10061,5468,554640.0,3494280.0,559760.0,3499400.0,/home3/gdyx28/Research Project/Research Project/iraq_tells_gis/Models/model_07_nd11_4_slope_tpi_hardneg_yolo/background_mining_pool/images/candidate_0095_r10061_c5468.png
candidate_0096_r4683_c1461,4683,1461,514570.0,3548060.0,519690.0,3553180.0,/home3/gdyx28/Research Project/Research Project/iraq_tells_gis/Models/model_07_nd11_4_slope_tpi_hardneg_yolo/background_mining_pool/images/candidate_0096_r4683_c1461.png
candidate_0097_r6011_c1973,6011,1973,519690.0,3534780.0,524810.0,3539900.0,/home3/gdyx28/Research Project/Research Project/iraq_tells_gis/Models/model_07_nd11_4_slope_tpi_hardneg_yolo/background_mining_pool/images/candidate_0097_r6011_c1973.png
candidate_0098_r2080_c4240,2080,4240,542360.0,3574090.0,547480.0,3579210.0,/home3/gdyx28/Research Project/Research Project/iraq_tells_gis/Models/model_07_nd11_4_slope_tpi_hardneg_yolo/background_mining_pool/images/candidate_0098_r2080_c4240.png
candidate_0099_r3815_c375,3815,375,503710.0,3556740.0,508830.0,3561860.0,/home3/gdyx28/Research Project/Research Project/iraq_tells_gis/Models/model_07_nd11_4_slope_tpi_hardneg_yolo/background_mining_pool/images/candidate_0099_r3815_c375.png
candidate_0100_r4069_c472,4069,472,504680.0,3554200.0,509800.0,3559320.0,/home3/gdyx28/Research Project/Research Project/iraq_tells_gis/Models/model_07_nd11_4_slope_tpi_hardneg_yolo/background_mining_pool/images/candidate_0100_r4069_c472.png
candidate_0101_r10355_c660,10355,660,506560.0,3491340.0,511680.0,3496460.0,/home3/gdyx28/Research Project/Research Project/iraq_tells_gis/Models/model_07_nd11_4_slope_tpi_hardneg_yolo/background_mining_pool/images/candidate_0101_r10355_c660.png
candidate_0102_r2040_c4099,2040,4099,540950.0,3574490.0,546070.0,3579610.0,/home3/gdyx28/Research Project/Research Project/iraq_tells_gis/Models/model_07_nd11_4_slope_tpi_hardneg_yolo/background_mining_pool/images/candidate_0102_r2040_c4099.png
candidate_0103_r9007_c2155,9007,2155,521510.0,3504820.0,526630.0,3509940.0,/home3/gdyx28/Research Project/Research Project/iraq_tells_gis/Models/model_07_nd11_4_slope_tpi_hardneg_yolo/background_mining_pool/images/candidate_0103_r9007_c2155.png
candidate_0104_r329_c5321,329,5321,553170.0,3591600.0,558290.0,3596720.0,/home3/gdyx28/Research Project/Research Project/iraq_tells_gis/Models/model_07_nd11_4_slope_tpi_hardneg_yolo/background_mining_pool/images/candidate_0104_r329_c5321.png
candidate_0105_r10189_c699,10189,699,506950.0,3493000.0,512070.0,3498120.0,/home3/gdyx28/Research Project/Research Project/iraq_tells_gis/Models/model_07_nd11_4_slope_tpi_hardneg_yolo/background_mining_pool/images/candidate_0105_r10189_c699.png
candidate_0106_r6398_c532,6398,532,505280.0,3530910.0,510400.0,3536030.0,/home3/gdyx28/Research Project/Research Project/iraq_tells_gis/Models/model_07_nd11_4_slope_tpi_hardneg_yolo/background_mining_pool/images/candidate_0106_r6398_c532.png
candidate_0107_r7379_c3883,7379,3883,538790.0,3521100.0,543910.0,3526220.0,/home3/gdyx28/Research Project/Research Project/iraq_tells_gis/Models/model_07_nd11_4_slope_tpi_hardneg_yolo/background_mining_pool/images/candidate_0107_r7379_c3883.png
candidate_0108_r3866_c5295,3866,5295,552910.0,3556230.0,558030.0,3561350.0,/home3/gdyx28/Research Project/Research Project/iraq_tells_gis/Models/model_07_nd11_4_slope_tpi_hardneg_yolo/background_mining_pool/images/candidate_0108_r3866_c5295.png
candidate_0109_r8398_c1543,8398,1543,515390.0,3510910.0,520510.0,3516030.0,/home3/gdyx28/Research Project/Research Project/iraq_tells_gis/Models/model_07_nd11_4_slope_tpi_hardneg_yolo/background_mining_pool/images/candidate_0109_r8398_c1543.png
candidate_0110_r3820_c5213,3820,5213,552090.0,3556690.0,557210.0,3561810.0,/home3/gdyx28/Research Project/Research Project/iraq_tells_gis/Models/model_07_nd11_4_slope_tpi_hardneg_yolo/background_mining_pool/images/candidate_0110_r3820_c5213.png
candidate_0111_r10359_c1137,10359,1137,511330.0,3491300.0,516450.0,3496420.0,/home3/gdyx28/Research Project/Research Project/iraq_tells_gis/Models/model_07_nd11_4_slope_tpi_hardneg_yolo/background_mining_pool/images/candidate_0111_r10359_c1137.png
candidate_0112_r7817_c606,7817,606,506020.0,3516720.0,511140.0,3521840.0,/home3/gdyx28/Research Project/Research Project/iraq_tells_gis/Models/model_07_nd11_4_slope_tpi_hardneg_yolo/background_mining_pool/images/candidate_0112_r7817_c606.png
candidate_0113_r7083_c45,7083,45,500410.0,3524060.0,505530.0,3529180.0,/home3/gdyx28/Research Project/Research Project/iraq_tells_gis/Models/model_07_nd11_4_slope_tpi_hardneg_yolo/background_mining_pool/images/candidate_0113_r7083_c45.png
candidate_0114_r10149_c1023,10149,1023,510190.0,3493400.0,515310.0,3498520.0,/home3/gdyx28/Research Project/Research Project/iraq_tells_gis/Models/model_07_nd11_4_slope_tpi_hardneg_yolo/background_mining_pool/images/candidate_0114_r10149_c1023.png
candidate_0115_r6662_c2785,6662,2785,527810.0,3528270.0,532930.0,3533390.0,/home3/gdyx28/Research Project/Research Project/iraq_tells_gis/Models/model_07_nd11_4_slope_tpi_hardneg_yolo/background_mining_pool/images/candidate_0115_r6662_c2785.png
candidate_0116_r6295_c2870,6295,2870,528660.0,3531940.0,533780.0,3537060.0,/home3/gdyx28/Research Project/Research Project/iraq_tells_gis/Models/model_07_nd11_4_slope_tpi_hardneg_yolo/background_mining_pool/images/candidate_0116_r6295_c2870.png
candidate_0117_r6500_c3014,6500,3014,530100.0,3529890.0,535220.0,3535010.0,/home3/gdyx28/Research Project/Research Project/iraq_tells_gis/Models/model_07_nd11_4_slope_tpi_hardneg_yolo/background_mining_pool/images/candidate_0117_r6500_c3014.png
candidate_0118_r3231_c5265,3231,5265,552610.0,3562580.0,557730.0,3567700.0,/home3/gdyx28/Research Project/Research Project/iraq_tells_gis/Models/model_07_nd11_4_slope_tpi_hardneg_yolo/background_mining_pool/images/candidate_0118_r3231_c5265.png
candidate_0119_r7039_c5290,7039,5290,552860.0,3524500.0,557980.0,3529620.0,/home3/gdyx28/Research Project/Research Project/iraq_tells_gis/Models/model_07_nd11_4_slope_tpi_hardneg_yolo/background_mining_pool/images/candidate_0119_r7039_c5290.png
candidate_0120_r7856_c323,7856,323,503190.0,3516330.0,508310.0,3521450.0,/home3/gdyx28/Research Project/Research Project/iraq_tells_gis/Models/model_07_nd11_4_slope_tpi_hardneg_yolo/background_mining_pool/images/candidate_0120_r7856_c323.png
candidate_0121_r4267_c284,4267,284,502800.0,3552220.0,507920.0,3557340.0,/home3/gdyx28/Research Project/Research Project/iraq_tells_gis/Models/model_07_nd11_4_slope_tpi_hardneg_yolo/background_mining_pool/images/candidate_0121_r4267_c284.png
candidate_0122_r7376_c3623,7376,3623,536190.0,3521130.0,541310.0,3526250.0,/home3/gdyx28/Research Project/Research Project/iraq_tells_gis/Models/model_07_nd11_4_slope_tpi_hardneg_yolo/background_mining_pool/images/candidate_0122_r7376_c3623.png
candidate_0123_r7214_c3457,7214,3457,534530.0,3522750.0,539650.0,3527870.0,/home3/gdyx28/Research Project/Research Project/iraq_tells_gis/Models/model_07_nd11_4_slope_tpi_hardneg_yolo/background_mining_pool/images/candidate_0123_r7214_c3457.png
candidate_0124_r10039_c5535,10039,5535,555310.0,3494500.0,560430.0,3499620.0,/home3/gdyx28/Research Project/Research Project/iraq_tells_gis/Models/model_07_nd11_4_slope_tpi_hardneg_yolo/background_mining_pool/images/candidate_0124_r10039_c5535.png
candidate_0125_r3505_c5167,3505,5167,551630.0,3559840.0,556750.0,3564960.0,/home3/gdyx28/Research Project/Research Project/iraq_tells_gis/Models/model_07_nd11_4_slope_tpi_hardneg_yolo/background_mining_pool/images/candidate_0125_r3505_c5167.png
candidate_0126_r6165_c1894,6165,1894,518900.0,3533240.0,524020.0,3538360.0,/home3/gdyx28/Research Project/Research Project/iraq_tells_gis/Models/model_07_nd11_4_slope_tpi_hardneg_yolo/background_mining_pool/images/candidate_0126_r6165_c1894.png
candidate_0127_r6146_c5,6146,5,500010.0,3533430.0,505130.0,3538550.0,/home3/gdyx28/Research Project/Research Project/iraq_tells_gis/Models/model_07_nd11_4_slope_tpi_hardneg_yolo/background_mining_pool/images/candidate_0127_r6146_c5.png
candidate_0128_r6764_c4522,6764,4522,545180.0,3527250.0,550300.0,3532370.0,/home3/gdyx28/Research Project/Research Project/iraq_tells_gis/Models/model_07_nd11_4_slope_tpi_hardneg_yolo/background_mining_pool/images/candidate_0128_r6764_c4522.png
candidate_0129_r10212_c1615,10212,1615,516110.0,3492770.0,521230.0,3497890.0,/home3/gdyx28/Research Project/Research Project/iraq_tells_gis/Models/model_07_nd11_4_slope_tpi_hardneg_yolo/background_mining_pool/images/candidate_0129_r10212_c1615.png
candidate_0130_r9887_c5237,9887,5237,552330.0,3496020.0,557450.0,3501140.0,/home3/gdyx28/Research Project/Research Project/iraq_tells_gis/Models/model_07_nd11_4_slope_tpi_hardneg_yolo/background_mining_pool/images/candidate_0130_r9887_c5237.png
candidate_0131_r9336_c2879,9336,2879,528750.0,3501530.0,533870.0,3506650.0,/home3/gdyx28/Research Project/Research Project/iraq_tells_gis/Models/model_07_nd11_4_slope_tpi_hardneg_yolo/background_mining_pool/images/candidate_0131_r9336_c2879.png
candidate_0132_r8429_c227,8429,227,502230.0,3510600.0,507350.0,3515720.0,/home3/gdyx28/Research Project/Research Project/iraq_tells_gis/Models/model_07_nd11_4_slope_tpi_hardneg_yolo/background_mining_pool/images/candidate_0132_r8429_c227.png
candidate_0133_r8078_c3766,8078,3766,537620.0,3514110.0,542740.0,3519230.0,/home3/gdyx28/Research Project/Research Project/iraq_tells_gis/Models/model_07_nd11_4_slope_tpi_hardneg_yolo/background_mining_pool/images/candidate_0133_r8078_c3766.png
candidate_0134_r7682_c481,7682,481,504770.0,3518070.0,509890.0,3523190.0,/home3/gdyx28/Research Project/Research Project/iraq_tells_gis/Models/model_07_nd11_4_slope_tpi_hardneg_yolo/background_mining_pool/images/candidate_0134_r7682_c481.png
candidate_0135_r3758_c193,3758,193,501890.0,3557310.0,507010.0,3562430.0,/home3/gdyx28/Research Project/Research Project/iraq_tells_gis/Models/model_07_nd11_4_slope_tpi_hardneg_yolo/background_mining_pool/images/candidate_0135_r3758_c193.png
candidate_0136_r5331_c126,5331,126,501220.0,3541580.0,506340.0,3546700.0,/home3/gdyx28/Research Project/Research Project/iraq_tells_gis/Models/model_07_nd11_4_slope_tpi_hardneg_yolo/background_mining_pool/images/candidate_0136_r5331_c126.png
candidate_0137_r8263_c818,8263,818,508140.0,3512260.0,513260.0,3517380.0,/home3/gdyx28/Research Project/Research Project/iraq_tells_gis/Models/model_07_nd11_4_slope_tpi_hardneg_yolo/background_mining_pool/images/candidate_0137_r8263_c818.png
candidate_0138_r5252_c1608,5252,1608,516040.0,3542370.0,521160.0,3547490.0,/home3/gdyx28/Research Project/Research Project/iraq_tells_gis/Models/model_07_nd11_4_slope_tpi_hardneg_yolo/background_mining_pool/images/candidate_0138_r5252_c1608.png
candidate_0139_r7566_c5338,7566,5338,553340.0,3519230.0,558460.0,3524350.0,/home3/gdyx28/Research Project/Research Project/iraq_tells_gis/Models/model_07_nd11_4_slope_tpi_hardneg_yolo/background_mining_pool/images/candidate_0139_r7566_c5338.png
candidate_0140_r7655_c5445,7655,5445,554410.0,3518340.0,559530.0,3523460.0,/home3/gdyx28/Research Project/Research Project/iraq_tells_gis/Models/model_07_nd11_4_slope_tpi_hardneg_yolo/background_mining_pool/images/candidate_0140_r7655_c5445.png
candidate_0141_r4760_c1463,4760,1463,514590.0,3547290.0,519710.0,3552410.0,/home3/gdyx28/Research Project/Research Project/iraq_tells_gis/Models/model_07_nd11_4_slope_tpi_hardneg_yolo/background_mining_pool/images/candidate_0141_r4760_c1463.png
candidate_0142_r4456_c335,4456,335,503310.0,3550330.0,508430.0,3555450.0,/home3/gdyx28/Research Project/Research Project/iraq_tells_gis/Models/model_07_nd11_4_slope_tpi_hardneg_yolo/background_mining_pool/images/candidate_0142_r4456_c335.png
candidate_0143_r4327_c144,4327,144,501400.0,3551620.0,506520.0,3556740.0,/home3/gdyx28/Research Project/Research Project/iraq_tells_gis/Models/model_07_nd11_4_slope_tpi_hardneg_yolo/background_mining_pool/images/candidate_0143_r4327_c144.png
candidate_0144_r9462_c2982,9462,2982,529780.0,3500270.0,534900.0,3505390.0,/home3/gdyx28/Research Project/Research Project/iraq_tells_gis/Models/model_07_nd11_4_slope_tpi_hardneg_yolo/background_mining_pool/images/candidate_0144_r9462_c2982.png
candidate_0145_r7716_c443,7716,443,504390.0,3517730.0,509510.0,3522850.0,/home3/gdyx28/Research Project/Research Project/iraq_tells_gis/Models/model_07_nd11_4_slope_tpi_hardneg_yolo/background_mining_pool/images/candidate_0145_r7716_c443.png
candidate_0146_r7645_c5260,7645,5260,552560.0,3518440.0,557680.0,3523560.0,/home3/gdyx28/Research Project/Research Project/iraq_tells_gis/Models/model_07_nd11_4_slope_tpi_hardneg_yolo/background_mining_pool/images/candidate_0146_r7645_c5260.png
candidate_0147_r7759_c408,7759,408,504040.0,3517300.0,509160.0,3522420.0,/home3/gdyx28/Research Project/Research Project/iraq_tells_gis/Models/model_07_nd11_4_slope_tpi_hardneg_yolo/background_mining_pool/images/candidate_0147_r7759_c408.png
candidate_0148_r9890_c1133,9890,1133,511290.0,3495990.0,516410.0,3501110.0,/home3/gdyx28/Research Project/Research Project/iraq_tells_gis/Models/model_07_nd11_4_slope_tpi_hardneg_yolo/background_mining_pool/images/candidate_0148_r9890_c1133.png
candidate_0149_r8631_c343,8631,343,503390.0,3508580.0,508510.0,3513700.0,/home3/gdyx28/Research Project/Research Project/iraq_tells_gis/Models/model_07_nd11_4_slope_tpi_hardneg_yolo/background_mining_pool/images/candidate_0149_r8631_c343.png
candidate_0150_r3423_c939,3423,939,509350.0,3560660.0,514470.0,3565780.0,/home3/gdyx28/Research Project/Research Project/iraq_tells_gis/Models/model_07_nd11_4_slope_tpi_hardneg_yolo/background_mining_pool/images/candidate_0150_r3423_c939.png
candidate_0151_r470_c5279,470,5279,552750.0,3590190.0,557870.0,3595310.0,/home3/gdyx28/Research Project/Research Project/iraq_tells_gis/Models/model_07_nd11_4_slope_tpi_hardneg_yolo/background_mining_pool/images/candidate_0151_r470_c5279.png
candidate_0152_r10167_c4112,10167,4112,541080.0,3493220.0,546200.0,3498340.0,/home3/gdyx28/Research Project/Research Project/iraq_tells_gis/Models/model_07_nd11_4_slope_tpi_hardneg_yolo/background_mining_pool/images/candidate_0152_r10167_c4112.png
candidate_0153_r7751_c5261,7751,5261,552570.0,3517380.0,557690.0,3522500.0,/home3/gdyx28/Research Project/Research Project/iraq_tells_gis/Models/model_07_nd11_4_slope_tpi_hardneg_yolo/background_mining_pool/images/candidate_0153_r7751_c5261.png
candidate_0154_r9841_c1206,9841,1206,512020.0,3496480.0,517140.0,3501600.0,/home3/gdyx28/Research Project/Research Project/iraq_tells_gis/Models/model_07_nd11_4_slope_tpi_hardneg_yolo/background_mining_pool/images/candidate_0154_r9841_c1206.png
candidate_0155_r4930_c1636,4930,1636,516320.0,3545590.0,521440.0,3550710.0,/home3/gdyx28/Research Project/Research Project/iraq_tells_gis/Models/model_07_nd11_4_slope_tpi_hardneg_yolo/background_mining_pool/images/candidate_0155_r4930_c1636.png
candidate_0156_r6411_c703,6411,703,506990.0,3530780.0,512110.0,3535900.0,/home3/gdyx28/Research Project/Research Project/iraq_tells_gis/Models/model_07_nd11_4_slope_tpi_hardneg_yolo/background_mining_pool/images/candidate_0156_r6411_c703.png
candidate_0157_r5110_c1428,5110,1428,514240.0,3543790.0,519360.0,3548910.0,/home3/gdyx28/Research Project/Research Project/iraq_tells_gis/Models/model_07_nd11_4_slope_tpi_hardneg_yolo/background_mining_pool/images/candidate_0157_r5110_c1428.png
candidate_0158_r312_c5315,312,5315,553110.0,3591770.0,558230.0,3596890.0,/home3/gdyx28/Research Project/Research Project/iraq_tells_gis/Models/model_07_nd11_4_slope_tpi_hardneg_yolo/background_mining_pool/images/candidate_0158_r312_c5315.png
candidate_0159_r9412_c50,9412,50,500460.0,3500770.0,505580.0,3505890.0,/home3/gdyx28/Research Project/Research Project/iraq_tells_gis/Models/model_07_nd11_4_slope_tpi_hardneg_yolo/background_mining_pool/images/candidate_0159_r9412_c50.png
candidate_0160_r7979_c3687,7979,3687,536830.0,3515100.0,541950.0,3520220.0,/home3/gdyx28/Research Project/Research Project/iraq_tells_gis/Models/model_07_nd11_4_slope_tpi_hardneg_yolo/background_mining_pool/images/candidate_0160_r7979_c3687.png
candidate_0161_r8821_c341,8821,341,503370.0,3506680.0,508490.0,3511800.0,/home3/gdyx28/Research Project/Research Project/iraq_tells_gis/Models/model_07_nd11_4_slope_tpi_hardneg_yolo/background_mining_pool/images/candidate_0161_r8821_c341.png
candidate_0162_r3214_c1451,3214,1451,514470.0,3562750.0,519590.0,3567870.0,/home3/gdyx28/Research Project/Research Project/iraq_tells_gis/Models/model_07_nd11_4_slope_tpi_hardneg_yolo/background_mining_pool/images/candidate_0162_r3214_c1451.png
candidate_0163_r6840_c723,6840,723,507190.0,3526490.0,512310.0,3531610.0,/home3/gdyx28/Research Project/Research Project/iraq_tells_gis/Models/model_07_nd11_4_slope_tpi_hardneg_yolo/background_mining_pool/images/candidate_0163_r6840_c723.png
candidate_0164_r293_c5242,293,5242,552380.0,3591960.0,557500.0,3597080.0,/home3/gdyx28/Research Project/Research Project/iraq_tells_gis/Models/model_07_nd11_4_slope_tpi_hardneg_yolo/background_mining_pool/images/candidate_0164_r293_c5242.png
candidate_0165_r3662_c5460,3662,5460,554560.0,3558270.0,559680.0,3563390.0,/home3/gdyx28/Research Project/Research Project/iraq_tells_gis/Models/model_07_nd11_4_slope_tpi_hardneg_yolo/background_mining_pool/images/candidate_0165_r3662_c5460.png
candidate_0166_r10225_c5524,10225,5524,555200.0,3492640.0,560320.0,3497760.0,/home3/gdyx28/Research Project/Research Project/iraq_tells_gis/Models/model_07_nd11_4_slope_tpi_hardneg_yolo/background_mining_pool/images/candidate_0166_r10225_c5524.png
candidate_0167_r5218_c1679,5218,1679,516750.0,3542710.0,521870.0,3547830.0,/home3/gdyx28/Research Project/Research Project/iraq_tells_gis/Models/model_07_nd11_4_slope_tpi_hardneg_yolo/background_mining_pool/images/candidate_0167_r5218_c1679.png
candidate_0168_r3873_c5442,3873,5442,554380.0,3556160.0,559500.0,3561280.0,/home3/gdyx28/Research Project/Research Project/iraq_tells_gis/Models/model_07_nd11_4_slope_tpi_hardneg_yolo/background_mining_pool/images/candidate_0168_r3873_c5442.png
candidate_0169_r8194_c1497,8194,1497,514930.0,3512950.0,520050.0,3518070.0,/home3/gdyx28/Research Project/Research Project/iraq_tells_gis/Models/model_07_nd11_4_slope_tpi_hardneg_yolo/background_mining_pool/images/candidate_0169_r8194_c1497.png
candidate_0170_r9890_c1107,9890,1107,511030.0,3495990.0,516150.0,3501110.0,/home3/gdyx28/Research Project/Research Project/iraq_tells_gis/Models/model_07_nd11_4_slope_tpi_hardneg_yolo/background_mining_pool/images/candidate_0170_r9890_c1107.png
candidate_0171_r8847_c558,8847,558,505540.0,3506420.0,510660.0,3511540.0,/home3/gdyx28/Research Project/Research Project/iraq_tells_gis/Models/model_07_nd11_4_slope_tpi_hardneg_yolo/background_mining_pool/images/candidate_0171_r8847_c558.png
candidate_0172_r2660_c1013,2660,1013,510090.0,3568290.0,515210.0,3573410.0,/home3/gdyx28/Research Project/Research Project/iraq_tells_gis/Models/model_07_nd11_4_slope_tpi_hardneg_yolo/background_mining_pool/images/candidate_0172_r2660_c1013.png
candidate_0173_r9817_c3078,9817,3078,530740.0,3496720.0,535860.0,3501840.0,/home3/gdyx28/Research Project/Research Project/iraq_tells_gis/Models/model_07_nd11_4_slope_tpi_hardneg_yolo/background_mining_pool/images/candidate_0173_r9817_c3078.png
candidate_0174_r10390_c262,10390,262,502580.0,3490990.0,507700.0,3496110.0,/home3/gdyx28/Research Project/Research Project/iraq_tells_gis/Models/model_07_nd11_4_slope_tpi_hardneg_yolo/background_mining_pool/images/candidate_0174_r10390_c262.png
candidate_0175_r4988_c431,4988,431,504270.0,3545010.0,509390.0,3550130.0,/home3/gdyx28/Research Project/Research Project/iraq_tells_gis/Models/model_07_nd11_4_slope_tpi_hardneg_yolo/background_mining_pool/images/candidate_0175_r4988_c431.png
candidate_0176_r3949_c165,3949,165,501610.0,3555400.0,506730.0,3560520.0,/home3/gdyx28/Research Project/Research Project/iraq_tells_gis/Models/model_07_nd11_4_slope_tpi_hardneg_yolo/background_mining_pool/images/candidate_0176_r3949_c165.png
candidate_0177_r3986_c272,3986,272,502680.0,3555030.0,507800.0,3560150.0,/home3/gdyx28/Research Project/Research Project/iraq_tells_gis/Models/model_07_nd11_4_slope_tpi_hardneg_yolo/background_mining_pool/images/candidate_0177_r3986_c272.png
candidate_0178_r3693_c40,3693,40,500360.0,3557960.0,505480.0,3563080.0,/home3/gdyx28/Research Project/Research Project/iraq_tells_gis/Models/model_07_nd11_4_slope_tpi_hardneg_yolo/background_mining_pool/images/candidate_0178_r3693_c40.png
candidate_0179_r5135_c330,5135,330,503260.0,3543540.0,508380.0,3548660.0,/home3/gdyx28/Research Project/Research Project/iraq_tells_gis/Models/model_07_nd11_4_slope_tpi_hardneg_yolo/background_mining_pool/images/candidate_0179_r5135_c330.png
candidate_0180_r3616_c3587,3616,3587,535830.0,3558730.0,540950.0,3563850.0,/home3/gdyx28/Research Project/Research Project/iraq_tells_gis/Models/model_07_nd11_4_slope_tpi_hardneg_yolo/background_mining_pool/images/candidate_0180_r3616_c3587.png
candidate_0181_r10399_c863,10399,863,508590.0,3490900.0,513710.0,3496020.0,/home3/gdyx28/Research Project/Research Project/iraq_tells_gis/Models/model_07_nd11_4_slope_tpi_hardneg_yolo/background_mining_pool/images/candidate_0181_r10399_c863.png
candidate_0182_r7317_c5455,7317,5455,554510.0,3521720.0,559630.0,3526840.0,/home3/gdyx28/Research Project/Research Project/iraq_tells_gis/Models/model_07_nd11_4_slope_tpi_hardneg_yolo/background_mining_pool/images/candidate_0182_r7317_c5455.png
candidate_0183_r2184_c4130,2184,4130,541260.0,3573050.0,546380.0,3578170.0,/home3/gdyx28/Research Project/Research Project/iraq_tells_gis/Models/model_07_nd11_4_slope_tpi_hardneg_yolo/background_mining_pool/images/candidate_0183_r2184_c4130.png
candidate_0184_r6963_c2987,6963,2987,529830.0,3525260.0,534950.0,3530380.0,/home3/gdyx28/Research Project/Research Project/iraq_tells_gis/Models/model_07_nd11_4_slope_tpi_hardneg_yolo/background_mining_pool/images/candidate_0184_r6963_c2987.png
candidate_0185_r8660_c1460,8660,1460,514560.0,3508290.0,519680.0,3513410.0,/home3/gdyx28/Research Project/Research Project/iraq_tells_gis/Models/model_07_nd11_4_slope_tpi_hardneg_yolo/background_mining_pool/images/candidate_0185_r8660_c1460.png
candidate_0186_r4231_c127,4231,127,501230.0,3552580.0,506350.0,3557700.0,/home3/gdyx28/Research Project/Research Project/iraq_tells_gis/Models/model_07_nd11_4_slope_tpi_hardneg_yolo/background_mining_pool/images/candidate_0186_r4231_c127.png
candidate_0187_r9409_c28,9409,28,500240.0,3500800.0,505360.0,3505920.0,/home3/gdyx28/Research Project/Research Project/iraq_tells_gis/Models/model_07_nd11_4_slope_tpi_hardneg_yolo/background_mining_pool/images/candidate_0187_r9409_c28.png
candidate_0188_r10362_c974,10362,974,509700.0,3491270.0,514820.0,3496390.0,/home3/gdyx28/Research Project/Research Project/iraq_tells_gis/Models/model_07_nd11_4_slope_tpi_hardneg_yolo/background_mining_pool/images/candidate_0188_r10362_c974.png
candidate_0189_r10364_c344,10364,344,503400.0,3491250.0,508520.0,3496370.0,/home3/gdyx28/Research Project/Research Project/iraq_tells_gis/Models/model_07_nd11_4_slope_tpi_hardneg_yolo/background_mining_pool/images/candidate_0189_r10364_c344.png
candidate_0190_r100_c5156,100,5156,551520.0,3593890.0,556640.0,3599010.0,/home3/gdyx28/Research Project/Research Project/iraq_tells_gis/Models/model_07_nd11_4_slope_tpi_hardneg_yolo/background_mining_pool/images/candidate_0190_r100_c5156.png
candidate_0191_r6373_c641,6373,641,506370.0,3531160.0,511490.0,3536280.0,/home3/gdyx28/Research Project/Research Project/iraq_tells_gis/Models/model_07_nd11_4_slope_tpi_hardneg_yolo/background_mining_pool/images/candidate_0191_r6373_c641.png
candidate_0192_r4381_c418,4381,418,504140.0,3551080.0,509260.0,3556200.0,/home3/gdyx28/Research Project/Research Project/iraq_tells_gis/Models/model_07_nd11_4_slope_tpi_hardneg_yolo/background_mining_pool/images/candidate_0192_r4381_c418.png
candidate_0193_r4649_c296,4649,296,502920.0,3548400.0,508040.0,3553520.0,/home3/gdyx28/Research Project/Research Project/iraq_tells_gis/Models/model_07_nd11_4_slope_tpi_hardneg_yolo/background_mining_pool/images/candidate_0193_r4649_c296.png
candidate_0194_r6382_c566,6382,566,505620.0,3531070.0,510740.0,3536190.0,/home3/gdyx28/Research Project/Research Project/iraq_tells_gis/Models/model_07_nd11_4_slope_tpi_hardneg_yolo/background_mining_pool/images/candidate_0194_r6382_c566.png
candidate_0195_r6149_c672,6149,672,506680.0,3533400.0,511800.0,3538520.0,/home3/gdyx28/Research Project/Research Project/iraq_tells_gis/Models/model_07_nd11_4_slope_tpi_hardneg_yolo/background_mining_pool/images/candidate_0195_r6149_c672.png
candidate_0196_r8740_c1296,8740,1296,512920.0,3507490.0,518040.0,3512610.0,/home3/gdyx28/Research Project/Research Project/iraq_tells_gis/Models/model_07_nd11_4_slope_tpi_hardneg_yolo/background_mining_pool/images/candidate_0196_r8740_c1296.png
candidate_0197_r4285_c253,4285,253,502490.0,3552040.0,507610.0,3557160.0,/home3/gdyx28/Research Project/Research Project/iraq_tells_gis/Models/model_07_nd11_4_slope_tpi_hardneg_yolo/background_mining_pool/images/candidate_0197_r4285_c253.png
candidate_0198_r6207_c603,6207,603,505990.0,3532820.0,511110.0,3537940.0,/home3/gdyx28/Research Project/Research Project/iraq_tells_gis/Models/model_07_nd11_4_slope_tpi_hardneg_yolo/background_mining_pool/images/candidate_0198_r6207_c603.png
candidate_0199_r6321_c628,6321,628,506240.0,3531680.0,511360.0,3536800.0,/home3/gdyx28/Research Project/Research Project/iraq_tells_gis/Models/model_07_nd11_4_slope_tpi_hardneg_yolo/background_mining_pool/images/candidate_0199_r6321_c628.png
candidate_0200_r10366_c1765,10366,1765,517610.0,3491230.0,522730.0,3496350.0,/home3/gdyx28/Research Project/Research Project/iraq_tells_gis/Models/model_07_nd11_4_slope_tpi_hardneg_yolo/background_mining_pool/images/candidate_0200_r10366_c1765.png
candidate_0201_r7792_c4379,7792,4379,543750.0,3516970.0,548870.0,3522090.0,/home3/gdyx28/Research Project/Research Project/iraq_tells_gis/Models/model_07_nd11_4_slope_tpi_hardneg_yolo/background_mining_pool/images/candidate_0201_r7792_c4379.png
candidate_0202_r10390_c1919,10390,1919,519150.0,3490990.0,524270.0,3496110.0,/home3/gdyx28/Research Project/Research Project/iraq_tells_gis/Models/model_07_nd11_4_slope_tpi_hardneg_yolo/background_mining_pool/images/candidate_0202_r10390_c1919.png
candidate_0203_r9787_c5295,9787,5295,552910.0,3497020.0,558030.0,3502140.0,/home3/gdyx28/Research Project/Research Project/iraq_tells_gis/Models/model_07_nd11_4_slope_tpi_hardneg_yolo/background_mining_pool/images/candidate_0203_r9787_c5295.png
candidate_0204_r5207_c635,5207,635,506310.0,3542820.0,511430.0,3547940.0,/home3/gdyx28/Research Project/Research Project/iraq_tells_gis/Models/model_07_nd11_4_slope_tpi_hardneg_yolo/background_mining_pool/images/candidate_0204_r5207_c635.png
candidate_0205_r9542_c52,9542,52,500480.0,3499470.0,505600.0,3504590.0,/home3/gdyx28/Research Project/Research Project/iraq_tells_gis/Models/model_07_nd11_4_slope_tpi_hardneg_yolo/background_mining_pool/images/candidate_0205_r9542_c52.png
candidate_0206_r9441_c497,9441,497,504930.0,3500480.0,510050.0,3505600.0,/home3/gdyx28/Research Project/Research Project/iraq_tells_gis/Models/model_07_nd11_4_slope_tpi_hardneg_yolo/background_mining_pool/images/candidate_0206_r9441_c497.png
candidate_0207_r6230_c1811,6230,1811,518070.0,3532590.0,523190.0,3537710.0,/home3/gdyx28/Research Project/Research Project/iraq_tells_gis/Models/model_07_nd11_4_slope_tpi_hardneg_yolo/background_mining_pool/images/candidate_0207_r6230_c1811.png
candidate_0208_r3524_c8,3524,8,500040.0,3559650.0,505160.0,3564770.0,/home3/gdyx28/Research Project/Research Project/iraq_tells_gis/Models/model_07_nd11_4_slope_tpi_hardneg_yolo/background_mining_pool/images/candidate_0208_r3524_c8.png
candidate_0209_r8450_c1296,8450,1296,512920.0,3510390.0,518040.0,3515510.0,/home3/gdyx28/Research Project/Research Project/iraq_tells_gis/Models/model_07_nd11_4_slope_tpi_hardneg_yolo/background_mining_pool/images/candidate_0209_r8450_c1296.png
candidate_0210_r7305_c45,7305,45,500410.0,3521840.0,505530.0,3526960.0,/home3/gdyx28/Research Project/Research Project/iraq_tells_gis/Models/model_07_nd11_4_slope_tpi_hardneg_yolo/background_mining_pool/images/candidate_0210_r7305_c45.png
candidate_0211_r389_c5311,389,5311,553070.0,3591000.0,558190.0,3596120.0,/home3/gdyx28/Research Project/Research Project/iraq_tells_gis/Models/model_07_nd11_4_slope_tpi_hardneg_yolo/background_mining_pool/images/candidate_0211_r389_c5311.png
candidate_0212_r10373_c843,10373,843,508390.0,3491160.0,513510.0,3496280.0,/home3/gdyx28/Research Project/Research Project/iraq_tells_gis/Models/model_07_nd11_4_slope_tpi_hardneg_yolo/background_mining_pool/images/candidate_0212_r10373_c843.png
candidate_0213_r5916_c1615,5916,1615,516110.0,3535730.0,521230.0,3540850.0,/home3/gdyx28/Research Project/Research Project/iraq_tells_gis/Models/model_07_nd11_4_slope_tpi_hardneg_yolo/background_mining_pool/images/candidate_0213_r5916_c1615.png
candidate_0214_r10270_c998,10270,998,509940.0,3492190.0,515060.0,3497310.0,/home3/gdyx28/Research Project/Research Project/iraq_tells_gis/Models/model_07_nd11_4_slope_tpi_hardneg_yolo/background_mining_pool/images/candidate_0214_r10270_c998.png
candidate_0215_r7051_c1533,7051,1533,515290.0,3524380.0,520410.0,3529500.0,/home3/gdyx28/Research Project/Research Project/iraq_tells_gis/Models/model_07_nd11_4_slope_tpi_hardneg_yolo/background_mining_pool/images/candidate_0215_r7051_c1533.png
candidate_0216_r5227_c1976,5227,1976,519720.0,3542620.0,524840.0,3547740.0,/home3/gdyx28/Research Project/Research Project/iraq_tells_gis/Models/model_07_nd11_4_slope_tpi_hardneg_yolo/background_mining_pool/images/candidate_0216_r5227_c1976.png
candidate_0217_r9988_c1102,9988,1102,510980.0,3495010.0,516100.0,3500130.0,/home3/gdyx28/Research Project/Research Project/iraq_tells_gis/Models/model_07_nd11_4_slope_tpi_hardneg_yolo/background_mining_pool/images/candidate_0217_r9988_c1102.png
candidate_0218_r10015_c5203,10015,5203,551990.0,3494740.0,557110.0,3499860.0,/home3/gdyx28/Research Project/Research Project/iraq_tells_gis/Models/model_07_nd11_4_slope_tpi_hardneg_yolo/background_mining_pool/images/candidate_0218_r10015_c5203.png
candidate_0219_r3357_c749,3357,749,507450.0,3561320.0,512570.0,3566440.0,/home3/gdyx28/Research Project/Research Project/iraq_tells_gis/Models/model_07_nd11_4_slope_tpi_hardneg_yolo/background_mining_pool/images/candidate_0219_r3357_c749.png
candidate_0220_r5082_c669,5082,669,506650.0,3544070.0,511770.0,3549190.0,/home3/gdyx28/Research Project/Research Project/iraq_tells_gis/Models/model_07_nd11_4_slope_tpi_hardneg_yolo/background_mining_pool/images/candidate_0220_r5082_c669.png
candidate_0221_r7315_c5266,7315,5266,552620.0,3521740.0,557740.0,3526860.0,/home3/gdyx28/Research Project/Research Project/iraq_tells_gis/Models/model_07_nd11_4_slope_tpi_hardneg_yolo/background_mining_pool/images/candidate_0221_r7315_c5266.png
candidate_0222_r7216_c3458,7216,3458,534540.0,3522730.0,539660.0,3527850.0,/home3/gdyx28/Research Project/Research Project/iraq_tells_gis/Models/model_07_nd11_4_slope_tpi_hardneg_yolo/background_mining_pool/images/candidate_0222_r7216_c3458.png
candidate_0223_r4167_c1414,4167,1414,514100.0,3553220.0,519220.0,3558340.0,/home3/gdyx28/Research Project/Research Project/iraq_tells_gis/Models/model_07_nd11_4_slope_tpi_hardneg_yolo/background_mining_pool/images/candidate_0223_r4167_c1414.png
candidate_0224_r3808_c5311,3808,5311,553070.0,3556810.0,558190.0,3561930.0,/home3/gdyx28/Research Project/Research Project/iraq_tells_gis/Models/model_07_nd11_4_slope_tpi_hardneg_yolo/background_mining_pool/images/candidate_0224_r3808_c5311.png
candidate_0225_r10443_c1402,10443,1402,513980.0,3490460.0,519100.0,3495580.0,/home3/gdyx28/Research Project/Research Project/iraq_tells_gis/Models/model_07_nd11_4_slope_tpi_hardneg_yolo/background_mining_pool/images/candidate_0225_r10443_c1402.png
candidate_0226_r3693_c5535,3693,5535,555310.0,3557960.0,560430.0,3563080.0,/home3/gdyx28/Research Project/Research Project/iraq_tells_gis/Models/model_07_nd11_4_slope_tpi_hardneg_yolo/background_mining_pool/images/candidate_0226_r3693_c5535.png
candidate_0227_r7093_c904,7093,904,509000.0,3523960.0,514120.0,3529080.0,/home3/gdyx28/Research Project/Research Project/iraq_tells_gis/Models/model_07_nd11_4_slope_tpi_hardneg_yolo/background_mining_pool/images/candidate_0227_r7093_c904.png
candidate_0228_r7825_c795,7825,795,507910.0,3516640.0,513030.0,3521760.0,/home3/gdyx28/Research Project/Research Project/iraq_tells_gis/Models/model_07_nd11_4_slope_tpi_hardneg_yolo/background_mining_pool/images/candidate_0228_r7825_c795.png
candidate_0229_r2968_c4629,2968,4629,546250.0,3565210.0,551370.0,3570330.0,/home3/gdyx28/Research Project/Research Project/iraq_tells_gis/Models/model_07_nd11_4_slope_tpi_hardneg_yolo/background_mining_pool/images/candidate_0229_r2968_c4629.png
candidate_0230_r8281_c2184,8281,2184,521800.0,3512080.0,526920.0,3517200.0,/home3/gdyx28/Research Project/Research Project/iraq_tells_gis/Models/model_07_nd11_4_slope_tpi_hardneg_yolo/background_mining_pool/images/candidate_0230_r8281_c2184.png
candidate_0231_r10392_c25,10392,25,500210.0,3490970.0,505330.0,3496090.0,/home3/gdyx28/Research Project/Research Project/iraq_tells_gis/Models/model_07_nd11_4_slope_tpi_hardneg_yolo/background_mining_pool/images/candidate_0231_r10392_c25.png
candidate_0232_r4031_c6,4031,6,500020.0,3554580.0,505140.0,3559700.0,/home3/gdyx28/Research Project/Research Project/iraq_tells_gis/Models/model_07_nd11_4_slope_tpi_hardneg_yolo/background_mining_pool/images/candidate_0232_r4031_c6.png
candidate_0233_r7776_c5199,7776,5199,551950.0,3517130.0,557070.0,3522250.0,/home3/gdyx28/Research Project/Research Project/iraq_tells_gis/Models/model_07_nd11_4_slope_tpi_hardneg_yolo/background_mining_pool/images/candidate_0233_r7776_c5199.png
candidate_0234_r5074_c510,5074,510,505060.0,3544150.0,510180.0,3549270.0,/home3/gdyx28/Research Project/Research Project/iraq_tells_gis/Models/model_07_nd11_4_slope_tpi_hardneg_yolo/background_mining_pool/images/candidate_0234_r5074_c510.png
candidate_0235_r10247_c172,10247,172,501680.0,3492420.0,506800.0,3497540.0,/home3/gdyx28/Research Project/Research Project/iraq_tells_gis/Models/model_07_nd11_4_slope_tpi_hardneg_yolo/background_mining_pool/images/candidate_0235_r10247_c172.png
candidate_0236_r9833_c5217,9833,5217,552130.0,3496560.0,557250.0,3501680.0,/home3/gdyx28/Research Project/Research Project/iraq_tells_gis/Models/model_07_nd11_4_slope_tpi_hardneg_yolo/background_mining_pool/images/candidate_0236_r9833_c5217.png
candidate_0237_r10457_c1470,10457,1470,514660.0,3490320.0,519780.0,3495440.0,/home3/gdyx28/Research Project/Research Project/iraq_tells_gis/Models/model_07_nd11_4_slope_tpi_hardneg_yolo/background_mining_pool/images/candidate_0237_r10457_c1470.png
candidate_0238_r10388_c4088,10388,4088,540840.0,3491010.0,545960.0,3496130.0,/home3/gdyx28/Research Project/Research Project/iraq_tells_gis/Models/model_07_nd11_4_slope_tpi_hardneg_yolo/background_mining_pool/images/candidate_0238_r10388_c4088.png
candidate_0239_r43_c5248,43,5248,552440.0,3594460.0,557560.0,3599580.0,/home3/gdyx28/Research Project/Research Project/iraq_tells_gis/Models/model_07_nd11_4_slope_tpi_hardneg_yolo/background_mining_pool/images/candidate_0239_r43_c5248.png
candidate_0240_r5240_c1499,5240,1499,514950.0,3542490.0,520070.0,3547610.0,/home3/gdyx28/Research Project/Research Project/iraq_tells_gis/Models/model_07_nd11_4_slope_tpi_hardneg_yolo/background_mining_pool/images/candidate_0240_r5240_c1499.png
candidate_0241_r10151_c3978,10151,3978,539740.0,3493380.0,544860.0,3498500.0,/home3/gdyx28/Research Project/Research Project/iraq_tells_gis/Models/model_07_nd11_4_slope_tpi_hardneg_yolo/background_mining_pool/images/candidate_0241_r10151_c3978.png
candidate_0242_r6225_c3644,6225,3644,536400.0,3532640.0,541520.0,3537760.0,/home3/gdyx28/Research Project/Research Project/iraq_tells_gis/Models/model_07_nd11_4_slope_tpi_hardneg_yolo/background_mining_pool/images/candidate_0242_r6225_c3644.png
candidate_0243_r5061_c259,5061,259,502550.0,3544280.0,507670.0,3549400.0,/home3/gdyx28/Research Project/Research Project/iraq_tells_gis/Models/model_07_nd11_4_slope_tpi_hardneg_yolo/background_mining_pool/images/candidate_0243_r5061_c259.png
candidate_0244_r6917_c3468,6917,3468,534640.0,3525720.0,539760.0,3530840.0,/home3/gdyx28/Research Project/Research Project/iraq_tells_gis/Models/model_07_nd11_4_slope_tpi_hardneg_yolo/background_mining_pool/images/candidate_0244_r6917_c3468.png
candidate_0245_r7793_c5356,7793,5356,553520.0,3516960.0,558640.0,3522080.0,/home3/gdyx28/Research Project/Research Project/iraq_tells_gis/Models/model_07_nd11_4_slope_tpi_hardneg_yolo/background_mining_pool/images/candidate_0245_r7793_c5356.png
candidate_0246_r8408_c611,8408,611,506070.0,3510810.0,511190.0,3515930.0,/home3/gdyx28/Research Project/Research Project/iraq_tells_gis/Models/model_07_nd11_4_slope_tpi_hardneg_yolo/background_mining_pool/images/candidate_0246_r8408_c611.png
candidate_0247_r8726_c5366,8726,5366,553620.0,3507630.0,558740.0,3512750.0,/home3/gdyx28/Research Project/Research Project/iraq_tells_gis/Models/model_07_nd11_4_slope_tpi_hardneg_yolo/background_mining_pool/images/candidate_0247_r8726_c5366.png
candidate_0248_r3720_c5144,3720,5144,551400.0,3557690.0,556520.0,3562810.0,/home3/gdyx28/Research Project/Research Project/iraq_tells_gis/Models/model_07_nd11_4_slope_tpi_hardneg_yolo/background_mining_pool/images/candidate_0248_r3720_c5144.png
candidate_0249_r6917_c889,6917,889,508850.0,3525720.0,513970.0,3530840.0,/home3/gdyx28/Research Project/Research Project/iraq_tells_gis/Models/model_07_nd11_4_slope_tpi_hardneg_yolo/background_mining_pool/images/candidate_0249_r6917_c889.png
candidate_0250_r3731_c5495,3731,5495,554910.0,3557580.0,560030.0,3562700.0,/home3/gdyx28/Research Project/Research Project/iraq_tells_gis/Models/model_07_nd11_4_slope_tpi_hardneg_yolo/background_mining_pool/images/candidate_0250_r3731_c5495.png
candidate_0251_r7186_c3400,7186,3400,533960.0,3523030.0,539080.0,3528150.0,/home3/gdyx28/Research Project/Research Project/iraq_tells_gis/Models/model_07_nd11_4_slope_tpi_hardneg_yolo/background_mining_pool/images/candidate_0251_r7186_c3400.png
candidate_0252_r8652_c1607,8652,1607,516030.0,3508370.0,521150.0,3513490.0,/home3/gdyx28/Research Project/Research Project/iraq_tells_gis/Models/model_07_nd11_4_slope_tpi_hardneg_yolo/background_mining_pool/images/candidate_0252_r8652_c1607.png
candidate_0253_r8799_c1440,8799,1440,514360.0,3506900.0,519480.0,3512020.0,/home3/gdyx28/Research Project/Research Project/iraq_tells_gis/Models/model_07_nd11_4_slope_tpi_hardneg_yolo/background_mining_pool/images/candidate_0253_r8799_c1440.png
candidate_0254_r10318_c418,10318,418,504140.0,3491710.0,509260.0,3496830.0,/home3/gdyx28/Research Project/Research Project/iraq_tells_gis/Models/model_07_nd11_4_slope_tpi_hardneg_yolo/background_mining_pool/images/candidate_0254_r10318_c418.png
candidate_0255_r8480_c295,8480,295,502910.0,3510090.0,508030.0,3515210.0,/home3/gdyx28/Research Project/Research Project/iraq_tells_gis/Models/model_07_nd11_4_slope_tpi_hardneg_yolo/background_mining_pool/images/candidate_0255_r8480_c295.png
candidate_0256_r8550_c1255,8550,1255,512510.0,3509390.0,517630.0,3514510.0,/home3/gdyx28/Research Project/Research Project/iraq_tells_gis/Models/model_07_nd11_4_slope_tpi_hardneg_yolo/background_mining_pool/images/candidate_0256_r8550_c1255.png
candidate_0257_r7455_c5478,7455,5478,554740.0,3520340.0,559860.0,3525460.0,/home3/gdyx28/Research Project/Research Project/iraq_tells_gis/Models/model_07_nd11_4_slope_tpi_hardneg_yolo/background_mining_pool/images/candidate_0257_r7455_c5478.png
candidate_0258_r4494_c1501,4494,1501,514970.0,3549950.0,520090.0,3555070.0,/home3/gdyx28/Research Project/Research Project/iraq_tells_gis/Models/model_07_nd11_4_slope_tpi_hardneg_yolo/background_mining_pool/images/candidate_0258_r4494_c1501.png
candidate_0259_r6989_c1109,6989,1109,511050.0,3525000.0,516170.0,3530120.0,/home3/gdyx28/Research Project/Research Project/iraq_tells_gis/Models/model_07_nd11_4_slope_tpi_hardneg_yolo/background_mining_pool/images/candidate_0259_r6989_c1109.png
candidate_0260_r5998_c1518,5998,1518,515140.0,3534910.0,520260.0,3540030.0,/home3/gdyx28/Research Project/Research Project/iraq_tells_gis/Models/model_07_nd11_4_slope_tpi_hardneg_yolo/background_mining_pool/images/candidate_0260_r5998_c1518.png
candidate_0261_r6550_c2118,6550,2118,521140.0,3529390.0,526260.0,3534510.0,/home3/gdyx28/Research Project/Research Project/iraq_tells_gis/Models/model_07_nd11_4_slope_tpi_hardneg_yolo/background_mining_pool/images/candidate_0261_r6550_c2118.png
candidate_0262_r9521_c573,9521,573,505690.0,3499680.0,510810.0,3504800.0,/home3/gdyx28/Research Project/Research Project/iraq_tells_gis/Models/model_07_nd11_4_slope_tpi_hardneg_yolo/background_mining_pool/images/candidate_0262_r9521_c573.png
candidate_0263_r7193_c5167,7193,5167,551630.0,3522960.0,556750.0,3528080.0,/home3/gdyx28/Research Project/Research Project/iraq_tells_gis/Models/model_07_nd11_4_slope_tpi_hardneg_yolo/background_mining_pool/images/candidate_0263_r7193_c5167.png
candidate_0264_r6999_c997,6999,997,509930.0,3524900.0,515050.0,3530020.0,/home3/gdyx28/Research Project/Research Project/iraq_tells_gis/Models/model_07_nd11_4_slope_tpi_hardneg_yolo/background_mining_pool/images/candidate_0264_r6999_c997.png
candidate_0265_r7519_c3556,7519,3556,535520.0,3519700.0,540640.0,3524820.0,/home3/gdyx28/Research Project/Research Project/iraq_tells_gis/Models/model_07_nd11_4_slope_tpi_hardneg_yolo/background_mining_pool/images/candidate_0265_r7519_c3556.png
candidate_0266_r10423_c1804,10423,1804,518000.0,3490660.0,523120.0,3495780.0,/home3/gdyx28/Research Project/Research Project/iraq_tells_gis/Models/model_07_nd11_4_slope_tpi_hardneg_yolo/background_mining_pool/images/candidate_0266_r10423_c1804.png
candidate_0267_r10086_c918,10086,918,509140.0,3494030.0,514260.0,3499150.0,/home3/gdyx28/Research Project/Research Project/iraq_tells_gis/Models/model_07_nd11_4_slope_tpi_hardneg_yolo/background_mining_pool/images/candidate_0267_r10086_c918.png
candidate_0268_r8500_c1298,8500,1298,512940.0,3509890.0,518060.0,3515010.0,/home3/gdyx28/Research Project/Research Project/iraq_tells_gis/Models/model_07_nd11_4_slope_tpi_hardneg_yolo/background_mining_pool/images/candidate_0268_r8500_c1298.png
candidate_0269_r10463_c1830,10463,1830,518260.0,3490260.0,523380.0,3495380.0,/home3/gdyx28/Research Project/Research Project/iraq_tells_gis/Models/model_07_nd11_4_slope_tpi_hardneg_yolo/background_mining_pool/images/candidate_0269_r10463_c1830.png
candidate_0270_r7070_c999,7070,999,509950.0,3524190.0,515070.0,3529310.0,/home3/gdyx28/Research Project/Research Project/iraq_tells_gis/Models/model_07_nd11_4_slope_tpi_hardneg_yolo/background_mining_pool/images/candidate_0270_r7070_c999.png
candidate_0271_r428_c5432,428,5432,554280.0,3590610.0,559400.0,3595730.0,/home3/gdyx28/Research Project/Research Project/iraq_tells_gis/Models/model_07_nd11_4_slope_tpi_hardneg_yolo/background_mining_pool/images/candidate_0271_r428_c5432.png
candidate_0272_r4_c5538,4,5538,555340.0,3594850.0,560460.0,3599970.0,/home3/gdyx28/Research Project/Research Project/iraq_tells_gis/Models/model_07_nd11_4_slope_tpi_hardneg_yolo/background_mining_pool/images/candidate_0272_r4_c5538.png
candidate_0273_r8332_c350,8332,350,503460.0,3511570.0,508580.0,3516690.0,/home3/gdyx28/Research Project/Research Project/iraq_tells_gis/Models/model_07_nd11_4_slope_tpi_hardneg_yolo/background_mining_pool/images/candidate_0273_r8332_c350.png
candidate_0274_r10354_c4231,10354,4231,542270.0,3491350.0,547390.0,3496470.0,/home3/gdyx28/Research Project/Research Project/iraq_tells_gis/Models/model_07_nd11_4_slope_tpi_hardneg_yolo/background_mining_pool/images/candidate_0274_r10354_c4231.png
candidate_0275_r9441_c2929,9441,2929,529250.0,3500480.0,534370.0,3505600.0,/home3/gdyx28/Research Project/Research Project/iraq_tells_gis/Models/model_07_nd11_4_slope_tpi_hardneg_yolo/background_mining_pool/images/candidate_0275_r9441_c2929.png
candidate_0276_r9737_c1230,9737,1230,512260.0,3497520.0,517380.0,3502640.0,/home3/gdyx28/Research Project/Research Project/iraq_tells_gis/Models/model_07_nd11_4_slope_tpi_hardneg_yolo/background_mining_pool/images/candidate_0276_r9737_c1230.png
candidate_0277_r2728_c1188,2728,1188,511840.0,3567610.0,516960.0,3572730.0,/home3/gdyx28/Research Project/Research Project/iraq_tells_gis/Models/model_07_nd11_4_slope_tpi_hardneg_yolo/background_mining_pool/images/candidate_0277_r2728_c1188.png
candidate_0278_r5226_c1600,5226,1600,515960.0,3542630.0,521080.0,3547750.0,/home3/gdyx28/Research Project/Research Project/iraq_tells_gis/Models/model_07_nd11_4_slope_tpi_hardneg_yolo/background_mining_pool/images/candidate_0278_r5226_c1600.png
candidate_0279_r7076_c739,7076,739,507350.0,3524130.0,512470.0,3529250.0,/home3/gdyx28/Research Project/Research Project/iraq_tells_gis/Models/model_07_nd11_4_slope_tpi_hardneg_yolo/background_mining_pool/images/candidate_0279_r7076_c739.png
candidate_0280_r8822_c319,8822,319,503150.0,3506670.0,508270.0,3511790.0,/home3/gdyx28/Research Project/Research Project/iraq_tells_gis/Models/model_07_nd11_4_slope_tpi_hardneg_yolo/background_mining_pool/images/candidate_0280_r8822_c319.png
candidate_0281_r7396_c5359,7396,5359,553550.0,3520930.0,558670.0,3526050.0,/home3/gdyx28/Research Project/Research Project/iraq_tells_gis/Models/model_07_nd11_4_slope_tpi_hardneg_yolo/background_mining_pool/images/candidate_0281_r7396_c5359.png
candidate_0282_r10128_c76,10128,76,500720.0,3493610.0,505840.0,3498730.0,/home3/gdyx28/Research Project/Research Project/iraq_tells_gis/Models/model_07_nd11_4_slope_tpi_hardneg_yolo/background_mining_pool/images/candidate_0282_r10128_c76.png
candidate_0283_r268_c5448,268,5448,554440.0,3592210.0,559560.0,3597330.0,/home3/gdyx28/Research Project/Research Project/iraq_tells_gis/Models/model_07_nd11_4_slope_tpi_hardneg_yolo/background_mining_pool/images/candidate_0283_r268_c5448.png
candidate_0284_r9857_c1065,9857,1065,510610.0,3496320.0,515730.0,3501440.0,/home3/gdyx28/Research Project/Research Project/iraq_tells_gis/Models/model_07_nd11_4_slope_tpi_hardneg_yolo/background_mining_pool/images/candidate_0284_r9857_c1065.png
candidate_0285_r7106_c736,7106,736,507320.0,3523830.0,512440.0,3528950.0,/home3/gdyx28/Research Project/Research Project/iraq_tells_gis/Models/model_07_nd11_4_slope_tpi_hardneg_yolo/background_mining_pool/images/candidate_0285_r7106_c736.png
candidate_0286_r7620_c5440,7620,5440,554360.0,3518690.0,559480.0,3523810.0,/home3/gdyx28/Research Project/Research Project/iraq_tells_gis/Models/model_07_nd11_4_slope_tpi_hardneg_yolo/background_mining_pool/images/candidate_0286_r7620_c5440.png
candidate_0287_r10467_c715,10467,715,507110.0,3490220.0,512230.0,3495340.0,/home3/gdyx28/Research Project/Research Project/iraq_tells_gis/Models/model_07_nd11_4_slope_tpi_hardneg_yolo/background_mining_pool/images/candidate_0287_r10467_c715.png
candidate_0288_r6136_c543,6136,543,505390.0,3533530.0,510510.0,3538650.0,/home3/gdyx28/Research Project/Research Project/iraq_tells_gis/Models/model_07_nd11_4_slope_tpi_hardneg_yolo/background_mining_pool/images/candidate_0288_r6136_c543.png
candidate_0289_r4597_c1535,4597,1535,515310.0,3548920.0,520430.0,3554040.0,/home3/gdyx28/Research Project/Research Project/iraq_tells_gis/Models/model_07_nd11_4_slope_tpi_hardneg_yolo/background_mining_pool/images/candidate_0289_r4597_c1535.png
candidate_0290_r10038_c5465,10038,5465,554610.0,3494510.0,559730.0,3499630.0,/home3/gdyx28/Research Project/Research Project/iraq_tells_gis/Models/model_07_nd11_4_slope_tpi_hardneg_yolo/background_mining_pool/images/candidate_0290_r10038_c5465.png
candidate_0291_r5333_c203,5333,203,501990.0,3541560.0,507110.0,3546680.0,/home3/gdyx28/Research Project/Research Project/iraq_tells_gis/Models/model_07_nd11_4_slope_tpi_hardneg_yolo/background_mining_pool/images/candidate_0291_r5333_c203.png
candidate_0292_r6569_c2691,6569,2691,526870.0,3529200.0,531990.0,3534320.0,/home3/gdyx28/Research Project/Research Project/iraq_tells_gis/Models/model_07_nd11_4_slope_tpi_hardneg_yolo/background_mining_pool/images/candidate_0292_r6569_c2691.png
candidate_0293_r9824_c146,9824,146,501420.0,3496650.0,506540.0,3501770.0,/home3/gdyx28/Research Project/Research Project/iraq_tells_gis/Models/model_07_nd11_4_slope_tpi_hardneg_yolo/background_mining_pool/images/candidate_0293_r9824_c146.png
candidate_0294_r5956_c1446,5956,1446,514420.0,3535330.0,519540.0,3540450.0,/home3/gdyx28/Research Project/Research Project/iraq_tells_gis/Models/model_07_nd11_4_slope_tpi_hardneg_yolo/background_mining_pool/images/candidate_0294_r5956_c1446.png
candidate_0295_r9056_c1584,9056,1584,515800.0,3504330.0,520920.0,3509450.0,/home3/gdyx28/Research Project/Research Project/iraq_tells_gis/Models/model_07_nd11_4_slope_tpi_hardneg_yolo/background_mining_pool/images/candidate_0295_r9056_c1584.png
candidate_0296_r6215_c1733,6215,1733,517290.0,3532740.0,522410.0,3537860.0,/home3/gdyx28/Research Project/Research Project/iraq_tells_gis/Models/model_07_nd11_4_slope_tpi_hardneg_yolo/background_mining_pool/images/candidate_0296_r6215_c1733.png
candidate_0297_r6449_c2933,6449,2933,529290.0,3530400.0,534410.0,3535520.0,/home3/gdyx28/Research Project/Research Project/iraq_tells_gis/Models/model_07_nd11_4_slope_tpi_hardneg_yolo/background_mining_pool/images/candidate_0297_r6449_c2933.png
candidate_0298_r250_c5171,250,5171,551670.0,3592390.0,556790.0,3597510.0,/home3/gdyx28/Research Project/Research Project/iraq_tells_gis/Models/model_07_nd11_4_slope_tpi_hardneg_yolo/background_mining_pool/images/candidate_0298_r250_c5171.png
candidate_0299_r4668_c197,4668,197,501930.0,3548210.0,507050.0,3553330.0,/home3/gdyx28/Research Project/Research Project/iraq_tells_gis/Models/model_07_nd11_4_slope_tpi_hardneg_yolo/background_mining_pool/images/candidate_0299_r4668_c197.png
candidate_0300_r10202_c1277,10202,1277,512730.0,3492870.0,517850.0,3497990.0,/home3/gdyx28/Research Project/Research Project/iraq_tells_gis/Models/model_07_nd11_4_slope_tpi_hardneg_yolo/background_mining_pool/images/candidate_0300_r10202_c1277.png
candidate_0301_r6764_c4515,6764,4515,545110.0,3527250.0,550230.0,3532370.0,/home3/gdyx28/Research Project/Research Project/iraq_tells_gis/Models/model_07_nd11_4_slope_tpi_hardneg_yolo/background_mining_pool/images/candidate_0301_r6764_c4515.png
candidate_0302_r7157_c5167,7157,5167,551630.0,3523320.0,556750.0,3528440.0,/home3/gdyx28/Research Project/Research Project/iraq_tells_gis/Models/model_07_nd11_4_slope_tpi_hardneg_yolo/background_mining_pool/images/candidate_0302_r7157_c5167.png
candidate_0303_r4155_c256,4155,256,502520.0,3553340.0,507640.0,3558460.0,/home3/gdyx28/Research Project/Research Project/iraq_tells_gis/Models/model_07_nd11_4_slope_tpi_hardneg_yolo/background_mining_pool/images/candidate_0303_r4155_c256.png
candidate_0304_r8648_c1704,8648,1704,517000.0,3508410.0,522120.0,3513530.0,/home3/gdyx28/Research Project/Research Project/iraq_tells_gis/Models/model_07_nd11_4_slope_tpi_hardneg_yolo/background_mining_pool/images/candidate_0304_r8648_c1704.png
candidate_0305_r7369_c3813,7369,3813,538090.0,3521200.0,543210.0,3526320.0,/home3/gdyx28/Research Project/Research Project/iraq_tells_gis/Models/model_07_nd11_4_slope_tpi_hardneg_yolo/background_mining_pool/images/candidate_0305_r7369_c3813.png
candidate_0306_r9600_c827,9600,827,508230.0,3498890.0,513350.0,3504010.0,/home3/gdyx28/Research Project/Research Project/iraq_tells_gis/Models/model_07_nd11_4_slope_tpi_hardneg_yolo/background_mining_pool/images/candidate_0306_r9600_c827.png
candidate_0307_r6179_c788,6179,788,507840.0,3533100.0,512960.0,3538220.0,/home3/gdyx28/Research Project/Research Project/iraq_tells_gis/Models/model_07_nd11_4_slope_tpi_hardneg_yolo/background_mining_pool/images/candidate_0307_r6179_c788.png
candidate_0308_r4734_c1321,4734,1321,513170.0,3547550.0,518290.0,3552670.0,/home3/gdyx28/Research Project/Research Project/iraq_tells_gis/Models/model_07_nd11_4_slope_tpi_hardneg_yolo/background_mining_pool/images/candidate_0308_r4734_c1321.png
candidate_0309_r10391_c365,10391,365,503610.0,3490980.0,508730.0,3496100.0,/home3/gdyx28/Research Project/Research Project/iraq_tells_gis/Models/model_07_nd11_4_slope_tpi_hardneg_yolo/background_mining_pool/images/candidate_0309_r10391_c365.png
candidate_0310_r7098_c1489,7098,1489,514850.0,3523910.0,519970.0,3529030.0,/home3/gdyx28/Research Project/Research Project/iraq_tells_gis/Models/model_07_nd11_4_slope_tpi_hardneg_yolo/background_mining_pool/images/candidate_0310_r7098_c1489.png
candidate_0311_r4280_c1386,4280,1386,513820.0,3552090.0,518940.0,3557210.0,/home3/gdyx28/Research Project/Research Project/iraq_tells_gis/Models/model_07_nd11_4_slope_tpi_hardneg_yolo/background_mining_pool/images/candidate_0311_r4280_c1386.png
candidate_0312_r8514_c905,8514,905,509010.0,3509750.0,514130.0,3514870.0,/home3/gdyx28/Research Project/Research Project/iraq_tells_gis/Models/model_07_nd11_4_slope_tpi_hardneg_yolo/background_mining_pool/images/candidate_0312_r8514_c905.png
candidate_0313_r8093_c734,8093,734,507300.0,3513960.0,512420.0,3519080.0,/home3/gdyx28/Research Project/Research Project/iraq_tells_gis/Models/model_07_nd11_4_slope_tpi_hardneg_yolo/background_mining_pool/images/candidate_0313_r8093_c734.png
candidate_0314_r3374_c5252,3374,5252,552480.0,3561150.0,557600.0,3566270.0,/home3/gdyx28/Research Project/Research Project/iraq_tells_gis/Models/model_07_nd11_4_slope_tpi_hardneg_yolo/background_mining_pool/images/candidate_0314_r3374_c5252.png
candidate_0315_r9943_c63,9943,63,500590.0,3495460.0,505710.0,3500580.0,/home3/gdyx28/Research Project/Research Project/iraq_tells_gis/Models/model_07_nd11_4_slope_tpi_hardneg_yolo/background_mining_pool/images/candidate_0315_r9943_c63.png
candidate_0316_r8257_c785,8257,785,507810.0,3512320.0,512930.0,3517440.0,/home3/gdyx28/Research Project/Research Project/iraq_tells_gis/Models/model_07_nd11_4_slope_tpi_hardneg_yolo/background_mining_pool/images/candidate_0316_r8257_c785.png
candidate_0317_r8536_c176,8536,176,501720.0,3509530.0,506840.0,3514650.0,/home3/gdyx28/Research Project/Research Project/iraq_tells_gis/Models/model_07_nd11_4_slope_tpi_hardneg_yolo/background_mining_pool/images/candidate_0317_r8536_c176.png
candidate_0318_r7552_c5241,7552,5241,552370.0,3519370.0,557490.0,3524490.0,/home3/gdyx28/Research Project/Research Project/iraq_tells_gis/Models/model_07_nd11_4_slope_tpi_hardneg_yolo/background_mining_pool/images/candidate_0318_r7552_c5241.png
candidate_0319_r4214_c112,4214,112,501080.0,3552750.0,506200.0,3557870.0,/home3/gdyx28/Research Project/Research Project/iraq_tells_gis/Models/model_07_nd11_4_slope_tpi_hardneg_yolo/background_mining_pool/images/candidate_0319_r4214_c112.png
candidate_0320_r8569_c1287,8569,1287,512830.0,3509200.0,517950.0,3514320.0,/home3/gdyx28/Research Project/Research Project/iraq_tells_gis/Models/model_07_nd11_4_slope_tpi_hardneg_yolo/background_mining_pool/images/candidate_0320_r8569_c1287.png
candidate_0321_r6191_c1443,6191,1443,514390.0,3532980.0,519510.0,3538100.0,/home3/gdyx28/Research Project/Research Project/iraq_tells_gis/Models/model_07_nd11_4_slope_tpi_hardneg_yolo/background_mining_pool/images/candidate_0321_r6191_c1443.png
candidate_0322_r4483_c1430,4483,1430,514260.0,3550060.0,519380.0,3555180.0,/home3/gdyx28/Research Project/Research Project/iraq_tells_gis/Models/model_07_nd11_4_slope_tpi_hardneg_yolo/background_mining_pool/images/candidate_0322_r4483_c1430.png
candidate_0323_r7415_c5437,7415,5437,554330.0,3520740.0,559450.0,3525860.0,/home3/gdyx28/Research Project/Research Project/iraq_tells_gis/Models/model_07_nd11_4_slope_tpi_hardneg_yolo/background_mining_pool/images/candidate_0323_r7415_c5437.png
candidate_0324_r6262_c1567,6262,1567,515630.0,3532270.0,520750.0,3537390.0,/home3/gdyx28/Research Project/Research Project/iraq_tells_gis/Models/model_07_nd11_4_slope_tpi_hardneg_yolo/background_mining_pool/images/candidate_0324_r6262_c1567.png
candidate_0325_r10335_c5302,10335,5302,552980.0,3491540.0,558100.0,3496660.0,/home3/gdyx28/Research Project/Research Project/iraq_tells_gis/Models/model_07_nd11_4_slope_tpi_hardneg_yolo/background_mining_pool/images/candidate_0325_r10335_c5302.png
candidate_0326_r7454_c5223,7454,5223,552190.0,3520350.0,557310.0,3525470.0,/home3/gdyx28/Research Project/Research Project/iraq_tells_gis/Models/model_07_nd11_4_slope_tpi_hardneg_yolo/background_mining_pool/images/candidate_0326_r7454_c5223.png
candidate_0327_r6622_c3020,6622,3020,530160.0,3528670.0,535280.0,3533790.0,/home3/gdyx28/Research Project/Research Project/iraq_tells_gis/Models/model_07_nd11_4_slope_tpi_hardneg_yolo/background_mining_pool/images/candidate_0327_r6622_c3020.png
candidate_0328_r10363_c4080,10363,4080,540760.0,3491260.0,545880.0,3496380.0,/home3/gdyx28/Research Project/Research Project/iraq_tells_gis/Models/model_07_nd11_4_slope_tpi_hardneg_yolo/background_mining_pool/images/candidate_0328_r10363_c4080.png
candidate_0329_r6554_c2385,6554,2385,523810.0,3529350.0,528930.0,3534470.0,/home3/gdyx28/Research Project/Research Project/iraq_tells_gis/Models/model_07_nd11_4_slope_tpi_hardneg_yolo/background_mining_pool/images/candidate_0329_r6554_c2385.png
candidate_0330_r6081_c326,6081,326,503220.0,3534080.0,508340.0,3539200.0,/home3/gdyx28/Research Project/Research Project/iraq_tells_gis/Models/model_07_nd11_4_slope_tpi_hardneg_yolo/background_mining_pool/images/candidate_0330_r6081_c326.png
candidate_0331_r8471_c741,8471,741,507370.0,3510180.0,512490.0,3515300.0,/home3/gdyx28/Research Project/Research Project/iraq_tells_gis/Models/model_07_nd11_4_slope_tpi_hardneg_yolo/background_mining_pool/images/candidate_0331_r8471_c741.png
candidate_0332_r2631_c1079,2631,1079,510750.0,3568580.0,515870.0,3573700.0,/home3/gdyx28/Research Project/Research Project/iraq_tells_gis/Models/model_07_nd11_4_slope_tpi_hardneg_yolo/background_mining_pool/images/candidate_0332_r2631_c1079.png
candidate_0333_r4752_c72,4752,72,500680.0,3547370.0,505800.0,3552490.0,/home3/gdyx28/Research Project/Research Project/iraq_tells_gis/Models/model_07_nd11_4_slope_tpi_hardneg_yolo/background_mining_pool/images/candidate_0333_r4752_c72.png
candidate_0334_r10434_c3698,10434,3698,536940.0,3490550.0,542060.0,3495670.0,/home3/gdyx28/Research Project/Research Project/iraq_tells_gis/Models/model_07_nd11_4_slope_tpi_hardneg_yolo/background_mining_pool/images/candidate_0334_r10434_c3698.png
candidate_0335_r6843_c4602,6843,4602,545980.0,3526460.0,551100.0,3531580.0,/home3/gdyx28/Research Project/Research Project/iraq_tells_gis/Models/model_07_nd11_4_slope_tpi_hardneg_yolo/background_mining_pool/images/candidate_0335_r6843_c4602.png
candidate_0336_r8970_c5304,8970,5304,553000.0,3505190.0,558120.0,3510310.0,/home3/gdyx28/Research Project/Research Project/iraq_tells_gis/Models/model_07_nd11_4_slope_tpi_hardneg_yolo/background_mining_pool/images/candidate_0336_r8970_c5304.png
candidate_0337_r5320_c580,5320,580,505760.0,3541690.0,510880.0,3546810.0,/home3/gdyx28/Research Project/Research Project/iraq_tells_gis/Models/model_07_nd11_4_slope_tpi_hardneg_yolo/background_mining_pool/images/candidate_0337_r5320_c580.png
candidate_0338_r4543_c1517,4543,1517,515130.0,3549460.0,520250.0,3554580.0,/home3/gdyx28/Research Project/Research Project/iraq_tells_gis/Models/model_07_nd11_4_slope_tpi_hardneg_yolo/background_mining_pool/images/candidate_0338_r4543_c1517.png
candidate_0339_r9864_c5295,9864,5295,552910.0,3496250.0,558030.0,3501370.0,/home3/gdyx28/Research Project/Research Project/iraq_tells_gis/Models/model_07_nd11_4_slope_tpi_hardneg_yolo/background_mining_pool/images/candidate_0339_r9864_c5295.png
candidate_0340_r4970_c1565,4970,1565,515610.0,3545190.0,520730.0,3550310.0,/home3/gdyx28/Research Project/Research Project/iraq_tells_gis/Models/model_07_nd11_4_slope_tpi_hardneg_yolo/background_mining_pool/images/candidate_0340_r4970_c1565.png
candidate_0341_r3766_c540,3766,540,505360.0,3557230.0,510480.0,3562350.0,/home3/gdyx28/Research Project/Research Project/iraq_tells_gis/Models/model_07_nd11_4_slope_tpi_hardneg_yolo/background_mining_pool/images/candidate_0341_r3766_c540.png
candidate_0342_r6103_c438,6103,438,504340.0,3533860.0,509460.0,3538980.0,/home3/gdyx28/Research Project/Research Project/iraq_tells_gis/Models/model_07_nd11_4_slope_tpi_hardneg_yolo/background_mining_pool/images/candidate_0342_r6103_c438.png
candidate_0343_r6748_c4601,6748,4601,545970.0,3527410.0,551090.0,3532530.0,/home3/gdyx28/Research Project/Research Project/iraq_tells_gis/Models/model_07_nd11_4_slope_tpi_hardneg_yolo/background_mining_pool/images/candidate_0343_r6748_c4601.png
candidate_0344_r10184_c5235,10184,5235,552310.0,3493050.0,557430.0,3498170.0,/home3/gdyx28/Research Project/Research Project/iraq_tells_gis/Models/model_07_nd11_4_slope_tpi_hardneg_yolo/background_mining_pool/images/candidate_0344_r10184_c5235.png
candidate_0345_r3709_c39,3709,39,500350.0,3557800.0,505470.0,3562920.0,/home3/gdyx28/Research Project/Research Project/iraq_tells_gis/Models/model_07_nd11_4_slope_tpi_hardneg_yolo/background_mining_pool/images/candidate_0345_r3709_c39.png
candidate_0346_r178_c5279,178,5279,552750.0,3593110.0,557870.0,3598230.0,/home3/gdyx28/Research Project/Research Project/iraq_tells_gis/Models/model_07_nd11_4_slope_tpi_hardneg_yolo/background_mining_pool/images/candidate_0346_r178_c5279.png
candidate_0347_r10172_c5531,10172,5531,555270.0,3493170.0,560390.0,3498290.0,/home3/gdyx28/Research Project/Research Project/iraq_tells_gis/Models/model_07_nd11_4_slope_tpi_hardneg_yolo/background_mining_pool/images/candidate_0347_r10172_c5531.png
candidate_0348_r10296_c545,10296,545,505410.0,3491930.0,510530.0,3497050.0,/home3/gdyx28/Research Project/Research Project/iraq_tells_gis/Models/model_07_nd11_4_slope_tpi_hardneg_yolo/background_mining_pool/images/candidate_0348_r10296_c545.png
candidate_0349_r7788_c766,7788,766,507620.0,3517010.0,512740.0,3522130.0,/home3/gdyx28/Research Project/Research Project/iraq_tells_gis/Models/model_07_nd11_4_slope_tpi_hardneg_yolo/background_mining_pool/images/candidate_0349_r7788_c766.png
candidate_0350_r2148_c4250,2148,4250,542460.0,3573410.0,547580.0,3578530.0,/home3/gdyx28/Research Project/Research Project/iraq_tells_gis/Models/model_07_nd11_4_slope_tpi_hardneg_yolo/background_mining_pool/images/candidate_0350_r2148_c4250.png
candidate_0351_r459_c5333,459,5333,553290.0,3590300.0,558410.0,3595420.0,/home3/gdyx28/Research Project/Research Project/iraq_tells_gis/Models/model_07_nd11_4_slope_tpi_hardneg_yolo/background_mining_pool/images/candidate_0351_r459_c5333.png
candidate_0352_r7262_c3612,7262,3612,536080.0,3522270.0,541200.0,3527390.0,/home3/gdyx28/Research Project/Research Project/iraq_tells_gis/Models/model_07_nd11_4_slope_tpi_hardneg_yolo/background_mining_pool/images/candidate_0352_r7262_c3612.png
candidate_0353_r8879_c1488,8879,1488,514840.0,3506100.0,519960.0,3511220.0,/home3/gdyx28/Research Project/Research Project/iraq_tells_gis/Models/model_07_nd11_4_slope_tpi_hardneg_yolo/background_mining_pool/images/candidate_0353_r8879_c1488.png
candidate_0354_r6240_c1521,6240,1521,515170.0,3532490.0,520290.0,3537610.0,/home3/gdyx28/Research Project/Research Project/iraq_tells_gis/Models/model_07_nd11_4_slope_tpi_hardneg_yolo/background_mining_pool/images/candidate_0354_r6240_c1521.png
candidate_0355_r8618_c316,8618,316,503120.0,3508710.0,508240.0,3513830.0,/home3/gdyx28/Research Project/Research Project/iraq_tells_gis/Models/model_07_nd11_4_slope_tpi_hardneg_yolo/background_mining_pool/images/candidate_0355_r8618_c316.png
candidate_0356_r6927_c900,6927,900,508960.0,3525620.0,514080.0,3530740.0,/home3/gdyx28/Research Project/Research Project/iraq_tells_gis/Models/model_07_nd11_4_slope_tpi_hardneg_yolo/background_mining_pool/images/candidate_0356_r6927_c900.png
candidate_0357_r7195_c3467,7195,3467,534630.0,3522940.0,539750.0,3528060.0,/home3/gdyx28/Research Project/Research Project/iraq_tells_gis/Models/model_07_nd11_4_slope_tpi_hardneg_yolo/background_mining_pool/images/candidate_0357_r7195_c3467.png
candidate_0358_r6214_c1976,6214,1976,519720.0,3532750.0,524840.0,3537870.0,/home3/gdyx28/Research Project/Research Project/iraq_tells_gis/Models/model_07_nd11_4_slope_tpi_hardneg_yolo/background_mining_pool/images/candidate_0358_r6214_c1976.png
candidate_0359_r4774_c1547,4774,1547,515430.0,3547150.0,520550.0,3552270.0,/home3/gdyx28/Research Project/Research Project/iraq_tells_gis/Models/model_07_nd11_4_slope_tpi_hardneg_yolo/background_mining_pool/images/candidate_0359_r4774_c1547.png
candidate_0360_r10289_c4029,10289,4029,540250.0,3492000.0,545370.0,3497120.0,/home3/gdyx28/Research Project/Research Project/iraq_tells_gis/Models/model_07_nd11_4_slope_tpi_hardneg_yolo/background_mining_pool/images/candidate_0360_r10289_c4029.png
candidate_0361_r4850_c1480,4850,1480,514760.0,3546390.0,519880.0,3551510.0,/home3/gdyx28/Research Project/Research Project/iraq_tells_gis/Models/model_07_nd11_4_slope_tpi_hardneg_yolo/background_mining_pool/images/candidate_0361_r4850_c1480.png
candidate_0362_r7030_c1011,7030,1011,510070.0,3524590.0,515190.0,3529710.0,/home3/gdyx28/Research Project/Research Project/iraq_tells_gis/Models/model_07_nd11_4_slope_tpi_hardneg_yolo/background_mining_pool/images/candidate_0362_r7030_c1011.png
candidate_0363_r8232_c2175,8232,2175,521710.0,3512570.0,526830.0,3517690.0,/home3/gdyx28/Research Project/Research Project/iraq_tells_gis/Models/model_07_nd11_4_slope_tpi_hardneg_yolo/background_mining_pool/images/candidate_0363_r8232_c2175.png
candidate_0364_r8581_c1499,8581,1499,514950.0,3509080.0,520070.0,3514200.0,/home3/gdyx28/Research Project/Research Project/iraq_tells_gis/Models/model_07_nd11_4_slope_tpi_hardneg_yolo/background_mining_pool/images/candidate_0364_r8581_c1499.png
candidate_0365_r5053_c2018,5053,2018,520140.0,3544360.0,525260.0,3549480.0,/home3/gdyx28/Research Project/Research Project/iraq_tells_gis/Models/model_07_nd11_4_slope_tpi_hardneg_yolo/background_mining_pool/images/candidate_0365_r5053_c2018.png
candidate_0366_r4635_c1524,4635,1524,515200.0,3548540.0,520320.0,3553660.0,/home3/gdyx28/Research Project/Research Project/iraq_tells_gis/Models/model_07_nd11_4_slope_tpi_hardneg_yolo/background_mining_pool/images/candidate_0366_r4635_c1524.png
candidate_0367_r9303_c3014,9303,3014,530100.0,3501860.0,535220.0,3506980.0,/home3/gdyx28/Research Project/Research Project/iraq_tells_gis/Models/model_07_nd11_4_slope_tpi_hardneg_yolo/background_mining_pool/images/candidate_0367_r9303_c3014.png
candidate_0368_r10178_c673,10178,673,506690.0,3493110.0,511810.0,3498230.0,/home3/gdyx28/Research Project/Research Project/iraq_tells_gis/Models/model_07_nd11_4_slope_tpi_hardneg_yolo/background_mining_pool/images/candidate_0368_r10178_c673.png
candidate_0369_r8512_c196,8512,196,501920.0,3509770.0,507040.0,3514890.0,/home3/gdyx28/Research Project/Research Project/iraq_tells_gis/Models/model_07_nd11_4_slope_tpi_hardneg_yolo/background_mining_pool/images/candidate_0369_r8512_c196.png
candidate_0370_r7172_c5248,7172,5248,552440.0,3523170.0,557560.0,3528290.0,/home3/gdyx28/Research Project/Research Project/iraq_tells_gis/Models/model_07_nd11_4_slope_tpi_hardneg_yolo/background_mining_pool/images/candidate_0370_r7172_c5248.png
candidate_0371_r10258_c719,10258,719,507150.0,3492310.0,512270.0,3497430.0,/home3/gdyx28/Research Project/Research Project/iraq_tells_gis/Models/model_07_nd11_4_slope_tpi_hardneg_yolo/background_mining_pool/images/candidate_0371_r10258_c719.png
candidate_0372_r9699_c108,9699,108,501040.0,3497900.0,506160.0,3503020.0,/home3/gdyx28/Research Project/Research Project/iraq_tells_gis/Models/model_07_nd11_4_slope_tpi_hardneg_yolo/background_mining_pool/images/candidate_0372_r9699_c108.png
candidate_0373_r5132_c503,5132,503,504990.0,3543570.0,510110.0,3548690.0,/home3/gdyx28/Research Project/Research Project/iraq_tells_gis/Models/model_07_nd11_4_slope_tpi_hardneg_yolo/background_mining_pool/images/candidate_0373_r5132_c503.png
candidate_0374_r7166_c3787,7166,3787,537830.0,3523230.0,542950.0,3528350.0,/home3/gdyx28/Research Project/Research Project/iraq_tells_gis/Models/model_07_nd11_4_slope_tpi_hardneg_yolo/background_mining_pool/images/candidate_0374_r7166_c3787.png
candidate_0375_r6076_c1726,6076,1726,517220.0,3534130.0,522340.0,3539250.0,/home3/gdyx28/Research Project/Research Project/iraq_tells_gis/Models/model_07_nd11_4_slope_tpi_hardneg_yolo/background_mining_pool/images/candidate_0375_r6076_c1726.png
candidate_0376_r7938_c731,7938,731,507270.0,3515510.0,512390.0,3520630.0,/home3/gdyx28/Research Project/Research Project/iraq_tells_gis/Models/model_07_nd11_4_slope_tpi_hardneg_yolo/background_mining_pool/images/candidate_0376_r7938_c731.png
candidate_0377_r6191_c562,6191,562,505580.0,3532980.0,510700.0,3538100.0,/home3/gdyx28/Research Project/Research Project/iraq_tells_gis/Models/model_07_nd11_4_slope_tpi_hardneg_yolo/background_mining_pool/images/candidate_0377_r6191_c562.png
candidate_0378_r8130_c603,8130,603,505990.0,3513590.0,511110.0,3518710.0,/home3/gdyx28/Research Project/Research Project/iraq_tells_gis/Models/model_07_nd11_4_slope_tpi_hardneg_yolo/background_mining_pool/images/candidate_0378_r8130_c603.png
candidate_0379_r10201_c1050,10201,1050,510460.0,3492880.0,515580.0,3498000.0,/home3/gdyx28/Research Project/Research Project/iraq_tells_gis/Models/model_07_nd11_4_slope_tpi_hardneg_yolo/background_mining_pool/images/candidate_0379_r10201_c1050.png
candidate_0380_r5304_c708,5304,708,507040.0,3541850.0,512160.0,3546970.0,/home3/gdyx28/Research Project/Research Project/iraq_tells_gis/Models/model_07_nd11_4_slope_tpi_hardneg_yolo/background_mining_pool/images/candidate_0380_r5304_c708.png
candidate_0381_r7842_c5164,7842,5164,551600.0,3516470.0,556720.0,3521590.0,/home3/gdyx28/Research Project/Research Project/iraq_tells_gis/Models/model_07_nd11_4_slope_tpi_hardneg_yolo/background_mining_pool/images/candidate_0381_r7842_c5164.png
candidate_0382_r10276_c5518,10276,5518,555140.0,3492130.0,560260.0,3497250.0,/home3/gdyx28/Research Project/Research Project/iraq_tells_gis/Models/model_07_nd11_4_slope_tpi_hardneg_yolo/background_mining_pool/images/candidate_0382_r10276_c5518.png
candidate_0383_r3818_c393,3818,393,503890.0,3556710.0,509010.0,3561830.0,/home3/gdyx28/Research Project/Research Project/iraq_tells_gis/Models/model_07_nd11_4_slope_tpi_hardneg_yolo/background_mining_pool/images/candidate_0383_r3818_c393.png
candidate_0384_r8151_c782,8151,782,507780.0,3513380.0,512900.0,3518500.0,/home3/gdyx28/Research Project/Research Project/iraq_tells_gis/Models/model_07_nd11_4_slope_tpi_hardneg_yolo/background_mining_pool/images/candidate_0384_r8151_c782.png
candidate_0385_r5193_c1658,5193,1658,516540.0,3542960.0,521660.0,3548080.0,/home3/gdyx28/Research Project/Research Project/iraq_tells_gis/Models/model_07_nd11_4_slope_tpi_hardneg_yolo/background_mining_pool/images/candidate_0385_r5193_c1658.png
candidate_0386_r6413_c2834,6413,2834,528300.0,3530760.0,533420.0,3535880.0,/home3/gdyx28/Research Project/Research Project/iraq_tells_gis/Models/model_07_nd11_4_slope_tpi_hardneg_yolo/background_mining_pool/images/candidate_0386_r6413_c2834.png
candidate_0387_r5968_c321,5968,321,503170.0,3535210.0,508290.0,3540330.0,/home3/gdyx28/Research Project/Research Project/iraq_tells_gis/Models/model_07_nd11_4_slope_tpi_hardneg_yolo/background_mining_pool/images/candidate_0387_r5968_c321.png
candidate_0388_r4950_c1622,4950,1622,516180.0,3545390.0,521300.0,3550510.0,/home3/gdyx28/Research Project/Research Project/iraq_tells_gis/Models/model_07_nd11_4_slope_tpi_hardneg_yolo/background_mining_pool/images/candidate_0388_r4950_c1622.png
candidate_0389_r3741_c5156,3741,5156,551520.0,3557480.0,556640.0,3562600.0,/home3/gdyx28/Research Project/Research Project/iraq_tells_gis/Models/model_07_nd11_4_slope_tpi_hardneg_yolo/background_mining_pool/images/candidate_0389_r3741_c5156.png
candidate_0390_r3981_c440,3981,440,504360.0,3555080.0,509480.0,3560200.0,/home3/gdyx28/Research Project/Research Project/iraq_tells_gis/Models/model_07_nd11_4_slope_tpi_hardneg_yolo/background_mining_pool/images/candidate_0390_r3981_c440.png
candidate_0391_r5011_c1654,5011,1654,516500.0,3544780.0,521620.0,3549900.0,/home3/gdyx28/Research Project/Research Project/iraq_tells_gis/Models/model_07_nd11_4_slope_tpi_hardneg_yolo/background_mining_pool/images/candidate_0391_r5011_c1654.png
candidate_0392_r10058_c888,10058,888,508840.0,3494310.0,513960.0,3499430.0,/home3/gdyx28/Research Project/Research Project/iraq_tells_gis/Models/model_07_nd11_4_slope_tpi_hardneg_yolo/background_mining_pool/images/candidate_0392_r10058_c888.png
candidate_0393_r6554_c2765,6554,2765,527610.0,3529350.0,532730.0,3534470.0,/home3/gdyx28/Research Project/Research Project/iraq_tells_gis/Models/model_07_nd11_4_slope_tpi_hardneg_yolo/background_mining_pool/images/candidate_0393_r6554_c2765.png
candidate_0394_r4994_c1772,4994,1772,517680.0,3544950.0,522800.0,3550070.0,/home3/gdyx28/Research Project/Research Project/iraq_tells_gis/Models/model_07_nd11_4_slope_tpi_hardneg_yolo/background_mining_pool/images/candidate_0394_r4994_c1772.png
candidate_0395_r8364_c1546,8364,1546,515420.0,3511250.0,520540.0,3516370.0,/home3/gdyx28/Research Project/Research Project/iraq_tells_gis/Models/model_07_nd11_4_slope_tpi_hardneg_yolo/background_mining_pool/images/candidate_0395_r8364_c1546.png
candidate_0396_r8714_c477,8714,477,504730.0,3507750.0,509850.0,3512870.0,/home3/gdyx28/Research Project/Research Project/iraq_tells_gis/Models/model_07_nd11_4_slope_tpi_hardneg_yolo/background_mining_pool/images/candidate_0396_r8714_c477.png
candidate_0397_r10297_c5209,10297,5209,552050.0,3491920.0,557170.0,3497040.0,/home3/gdyx28/Research Project/Research Project/iraq_tells_gis/Models/model_07_nd11_4_slope_tpi_hardneg_yolo/background_mining_pool/images/candidate_0397_r10297_c5209.png
candidate_0398_r4068_c490,4068,490,504860.0,3554210.0,509980.0,3559330.0,/home3/gdyx28/Research Project/Research Project/iraq_tells_gis/Models/model_07_nd11_4_slope_tpi_hardneg_yolo/background_mining_pool/images/candidate_0398_r4068_c490.png
candidate_0399_r8743_c1678,8743,1678,516740.0,3507460.0,521860.0,3512580.0,/home3/gdyx28/Research Project/Research Project/iraq_tells_gis/Models/model_07_nd11_4_slope_tpi_hardneg_yolo/background_mining_pool/images/candidate_0399_r8743_c1678.png
