tile_name,row_start,col_start,image_path,n_predictions_conf_005,n_predictions_conf_010,n_predictions_conf_025,n_predictions_conf_050,max_confidence
candidate_0219_r3357_c749,3357,749,/home3/gdyx28/Research Project/Research Project/iraq_tells_gis/Models/model_07_nd11_4_slope_tpi_hardneg_yolo/background_mining_pool/images/candidate_0219_r3357_c749.png,9,4,1,0,0.3818018436431885
candidate_0118_r3231_c5265,3231,5265,/home3/gdyx28/Research Project/Research Project/iraq_tells_gis/Models/model_07_nd11_4_slope_tpi_hardneg_yolo/background_mining_pool/images/candidate_0118_r3231_c5265.png,4,3,1,0,0.37523895502090454
candidate_0042_r3440_c838,3440,838,/home3/gdyx28/Research Project/Research Project/iraq_tells_gis/Models/model_07_nd11_4_slope_tpi_hardneg_yolo/background_mining_pool/images/candidate_0042_r3440_c838.png,4,2,1,0,0.3120306730270386
candidate_0221_r7315_c5266,7315,5266,/home3/gdyx28/Research Project/Research Project/iraq_tells_gis/Models/model_07_nd11_4_slope_tpi_hardneg_yolo/background_mining_pool/images/candidate_0221_r7315_c5266.png,2,1,1,0,0.2927648723125458
candidate_0119_r7039_c5290,7039,5290,/home3/gdyx28/Research Project/Research Project/iraq_tells_gis/Models/model_07_nd11_4_slope_tpi_hardneg_yolo/background_mining_pool/images/candidate_0119_r7039_c5290.png,4,2,0,0,0.24836573004722595
candidate_0080_r3894_c5090,3894,5090,/home3/gdyx28/Research Project/Research Project/iraq_tells_gis/Models/model_07_nd11_4_slope_tpi_hardneg_yolo/background_mining_pool/images/candidate_0080_r3894_c5090.png,1,1,0,0,0.24163606762886047
candidate_0151_r470_c5279,470,5279,/home3/gdyx28/Research Project/Research Project/iraq_tells_gis/Models/model_07_nd11_4_slope_tpi_hardneg_yolo/background_mining_pool/images/candidate_0151_r470_c5279.png,4,2,0,0,0.23729939758777618
candidate_0382_r10276_c5518,10276,5518,/home3/gdyx28/Research Project/Research Project/iraq_tells_gis/Models/model_07_nd11_4_slope_tpi_hardneg_yolo/background_mining_pool/images/candidate_0382_r10276_c5518.png,6,3,0,0,0.2355707436800003
candidate_0057_r9868_c130,9868,130,/home3/gdyx28/Research Project/Research Project/iraq_tells_gis/Models/model_07_nd11_4_slope_tpi_hardneg_yolo/background_mining_pool/images/candidate_0057_r9868_c130.png,3,3,0,0,0.23255157470703125
candidate_0329_r6554_c2385,6554,2385,/home3/gdyx28/Research Project/Research Project/iraq_tells_gis/Models/model_07_nd11_4_slope_tpi_hardneg_yolo/background_mining_pool/images/candidate_0329_r6554_c2385.png,1,1,0,0,0.22312527894973755
candidate_0292_r6569_c2691,6569,2691,/home3/gdyx28/Research Project/Research Project/iraq_tells_gis/Models/model_07_nd11_4_slope_tpi_hardneg_yolo/background_mining_pool/images/candidate_0292_r6569_c2691.png,2,1,0,0,0.2229340821504593
candidate_0346_r178_c5279,178,5279,/home3/gdyx28/Research Project/Research Project/iraq_tells_gis/Models/model_07_nd11_4_slope_tpi_hardneg_yolo/background_mining_pool/images/candidate_0346_r178_c5279.png,2,2,0,0,0.22014851868152618
candidate_0258_r4494_c1501,4494,1501,/home3/gdyx28/Research Project/Research Project/iraq_tells_gis/Models/model_07_nd11_4_slope_tpi_hardneg_yolo/background_mining_pool/images/candidate_0258_r4494_c1501.png,3,1,0,0,0.21374215185642242
candidate_0052_r3339_c1447,3339,1447,/home3/gdyx28/Research Project/Research Project/iraq_tells_gis/Models/model_07_nd11_4_slope_tpi_hardneg_yolo/background_mining_pool/images/candidate_0052_r3339_c1447.png,26,7,0,0,0.21148312091827393
candidate_0217_r9988_c1102,9988,1102,/home3/gdyx28/Research Project/Research Project/iraq_tells_gis/Models/model_07_nd11_4_slope_tpi_hardneg_yolo/background_mining_pool/images/candidate_0217_r9988_c1102.png,3,3,0,0,0.20864439010620117
candidate_0263_r7193_c5167,7193,5167,/home3/gdyx28/Research Project/Research Project/iraq_tells_gis/Models/model_07_nd11_4_slope_tpi_hardneg_yolo/background_mining_pool/images/candidate_0263_r7193_c5167.png,3,2,0,0,0.20408602058887482
candidate_0063_r4293_c1442,4293,1442,/home3/gdyx28/Research Project/Research Project/iraq_tells_gis/Models/model_07_nd11_4_slope_tpi_hardneg_yolo/background_mining_pool/images/candidate_0063_r4293_c1442.png,5,2,0,0,0.2029373198747635
candidate_0302_r7157_c5167,7157,5167,/home3/gdyx28/Research Project/Research Project/iraq_tells_gis/Models/model_07_nd11_4_slope_tpi_hardneg_yolo/background_mining_pool/images/candidate_0302_r7157_c5167.png,4,2,0,0,0.19896160066127777
candidate_0162_r3214_c1451,3214,1451,/home3/gdyx28/Research Project/Research Project/iraq_tells_gis/Models/model_07_nd11_4_slope_tpi_hardneg_yolo/background_mining_pool/images/candidate_0162_r3214_c1451.png,35,9,0,0,0.19829429686069489
candidate_0133_r8078_c3766,8078,3766,/home3/gdyx28/Research Project/Research Project/iraq_tells_gis/Models/model_07_nd11_4_slope_tpi_hardneg_yolo/background_mining_pool/images/candidate_0133_r8078_c3766.png,8,3,0,0,0.19652621448040009
candidate_0325_r10335_c5302,10335,5302,/home3/gdyx28/Research Project/Research Project/iraq_tells_gis/Models/model_07_nd11_4_slope_tpi_hardneg_yolo/background_mining_pool/images/candidate_0325_r10335_c5302.png,3,1,0,0,0.1952291876077652
candidate_0028_r4745_c1497,4745,1497,/home3/gdyx28/Research Project/Research Project/iraq_tells_gis/Models/model_07_nd11_4_slope_tpi_hardneg_yolo/background_mining_pool/images/candidate_0028_r4745_c1497.png,3,1,0,0,0.1930674910545349
candidate_0050_r8139_c633,8139,633,/home3/gdyx28/Research Project/Research Project/iraq_tells_gis/Models/model_07_nd11_4_slope_tpi_hardneg_yolo/background_mining_pool/images/candidate_0050_r8139_c633.png,3,2,0,0,0.19304662942886353
candidate_0064_r4756_c1678,4756,1678,/home3/gdyx28/Research Project/Research Project/iraq_tells_gis/Models/model_07_nd11_4_slope_tpi_hardneg_yolo/background_mining_pool/images/candidate_0064_r4756_c1678.png,7,2,0,0,0.19274181127548218
candidate_0030_r7300_c5282,7300,5282,/home3/gdyx28/Research Project/Research Project/iraq_tells_gis/Models/model_07_nd11_4_slope_tpi_hardneg_yolo/background_mining_pool/images/candidate_0030_r7300_c5282.png,2,1,0,0,0.18941374123096466
candidate_0297_r6449_c2933,6449,2933,/home3/gdyx28/Research Project/Research Project/iraq_tells_gis/Models/model_07_nd11_4_slope_tpi_hardneg_yolo/background_mining_pool/images/candidate_0297_r6449_c2933.png,6,3,0,0,0.18841518461704254
candidate_0370_r7172_c5248,7172,5248,/home3/gdyx28/Research Project/Research Project/iraq_tells_gis/Models/model_07_nd11_4_slope_tpi_hardneg_yolo/background_mining_pool/images/candidate_0370_r7172_c5248.png,4,2,0,0,0.18824243545532227
candidate_0277_r2728_c1188,2728,1188,/home3/gdyx28/Research Project/Research Project/iraq_tells_gis/Models/model_07_nd11_4_slope_tpi_hardneg_yolo/background_mining_pool/images/candidate_0277_r2728_c1188.png,21,5,0,0,0.18790864944458008
candidate_0022_r10305_c5282,10305,5282,/home3/gdyx28/Research Project/Research Project/iraq_tells_gis/Models/model_07_nd11_4_slope_tpi_hardneg_yolo/background_mining_pool/images/candidate_0022_r10305_c5282.png,3,1,0,0,0.18752066791057587
candidate_0124_r10039_c5535,10039,5535,/home3/gdyx28/Research Project/Research Project/iraq_tells_gis/Models/model_07_nd11_4_slope_tpi_hardneg_yolo/background_mining_pool/images/candidate_0124_r10039_c5535.png,2,2,0,0,0.18719027936458588
candidate_0116_r6295_c2870,6295,2870,/home3/gdyx28/Research Project/Research Project/iraq_tells_gis/Models/model_07_nd11_4_slope_tpi_hardneg_yolo/background_mining_pool/images/candidate_0116_r6295_c2870.png,6,2,0,0,0.18646180629730225
candidate_0004_r2569_c1199,2569,1199,/home3/gdyx28/Research Project/Research Project/iraq_tells_gis/Models/model_07_nd11_4_slope_tpi_hardneg_yolo/background_mining_pool/images/candidate_0004_r2569_c1199.png,21,4,0,0,0.1853809654712677
candidate_0190_r100_c5156,100,5156,/home3/gdyx28/Research Project/Research Project/iraq_tells_gis/Models/model_07_nd11_4_slope_tpi_hardneg_yolo/background_mining_pool/images/candidate_0190_r100_c5156.png,2,1,0,0,0.1842014044523239
candidate_0011_r4540_c1506,4540,1506,/home3/gdyx28/Research Project/Research Project/iraq_tells_gis/Models/model_07_nd11_4_slope_tpi_hardneg_yolo/background_mining_pool/images/candidate_0011_r4540_c1506.png,4,1,0,0,0.18278288841247559
candidate_0223_r4167_c1414,4167,1414,/home3/gdyx28/Research Project/Research Project/iraq_tells_gis/Models/model_07_nd11_4_slope_tpi_hardneg_yolo/background_mining_pool/images/candidate_0223_r4167_c1414.png,6,3,0,0,0.17589694261550903
candidate_0046_r4399_c3220,4399,3220,/home3/gdyx28/Research Project/Research Project/iraq_tells_gis/Models/model_07_nd11_4_slope_tpi_hardneg_yolo/background_mining_pool/images/candidate_0046_r4399_c3220.png,9,2,0,0,0.17294704914093018
candidate_0239_r43_c5248,43,5248,/home3/gdyx28/Research Project/Research Project/iraq_tells_gis/Models/model_07_nd11_4_slope_tpi_hardneg_yolo/background_mining_pool/images/candidate_0239_r43_c5248.png,1,1,0,0,0.16832967102527618
candidate_0272_r4_c5538,4,5538,/home3/gdyx28/Research Project/Research Project/iraq_tells_gis/Models/model_07_nd11_4_slope_tpi_hardneg_yolo/background_mining_pool/images/candidate_0272_r4_c5538.png,2,1,0,0,0.1661970466375351
candidate_0399_r8743_c1678,8743,1678,/home3/gdyx28/Research Project/Research Project/iraq_tells_gis/Models/model_07_nd11_4_slope_tpi_hardneg_yolo/background_mining_pool/images/candidate_0399_r8743_c1678.png,2,1,0,0,0.1659765988588333
candidate_0287_r10467_c715,10467,715,/home3/gdyx28/Research Project/Research Project/iraq_tells_gis/Models/model_07_nd11_4_slope_tpi_hardneg_yolo/background_mining_pool/images/candidate_0287_r10467_c715.png,2,1,0,0,0.1625162810087204
candidate_0205_r9542_c52,9542,52,/home3/gdyx28/Research Project/Research Project/iraq_tells_gis/Models/model_07_nd11_4_slope_tpi_hardneg_yolo/background_mining_pool/images/candidate_0205_r9542_c52.png,4,2,0,0,0.1605318784713745
candidate_0180_r3616_c3587,3616,3587,/home3/gdyx28/Research Project/Research Project/iraq_tells_gis/Models/model_07_nd11_4_slope_tpi_hardneg_yolo/background_mining_pool/images/candidate_0180_r3616_c3587.png,19,7,0,0,0.1594037562608719
candidate_0216_r5227_c1976,5227,1976,/home3/gdyx28/Research Project/Research Project/iraq_tells_gis/Models/model_07_nd11_4_slope_tpi_hardneg_yolo/background_mining_pool/images/candidate_0216_r5227_c1976.png,2,2,0,0,0.15882746875286102
candidate_0214_r10270_c998,10270,998,/home3/gdyx28/Research Project/Research Project/iraq_tells_gis/Models/model_07_nd11_4_slope_tpi_hardneg_yolo/background_mining_pool/images/candidate_0214_r10270_c998.png,4,1,0,0,0.15693145990371704
candidate_0117_r6500_c3014,6500,3014,/home3/gdyx28/Research Project/Research Project/iraq_tells_gis/Models/model_07_nd11_4_slope_tpi_hardneg_yolo/background_mining_pool/images/candidate_0117_r6500_c3014.png,5,3,0,0,0.15363222360610962
candidate_0397_r10297_c5209,10297,5209,/home3/gdyx28/Research Project/Research Project/iraq_tells_gis/Models/model_07_nd11_4_slope_tpi_hardneg_yolo/background_mining_pool/images/candidate_0397_r10297_c5209.png,2,1,0,0,0.1532495617866516
candidate_0203_r9787_c5295,9787,5295,/home3/gdyx28/Research Project/Research Project/iraq_tells_gis/Models/model_07_nd11_4_slope_tpi_hardneg_yolo/background_mining_pool/images/candidate_0203_r9787_c5295.png,3,2,0,0,0.1517191082239151
candidate_0045_r6102_c5223,6102,5223,/home3/gdyx28/Research Project/Research Project/iraq_tells_gis/Models/model_07_nd11_4_slope_tpi_hardneg_yolo/background_mining_pool/images/candidate_0045_r6102_c5223.png,9,2,0,0,0.14840081334114075
candidate_0212_r10373_c843,10373,843,/home3/gdyx28/Research Project/Research Project/iraq_tells_gis/Models/model_07_nd11_4_slope_tpi_hardneg_yolo/background_mining_pool/images/candidate_0212_r10373_c843.png,3,1,0,0,0.1482301652431488
candidate_0240_r5240_c1499,5240,1499,/home3/gdyx28/Research Project/Research Project/iraq_tells_gis/Models/model_07_nd11_4_slope_tpi_hardneg_yolo/background_mining_pool/images/candidate_0240_r5240_c1499.png,3,1,0,0,0.14744946360588074
candidate_0378_r8130_c603,8130,603,/home3/gdyx28/Research Project/Research Project/iraq_tells_gis/Models/model_07_nd11_4_slope_tpi_hardneg_yolo/background_mining_pool/images/candidate_0378_r8130_c603.png,3,1,0,0,0.14706726372241974
candidate_0332_r2631_c1079,2631,1079,/home3/gdyx28/Research Project/Research Project/iraq_tells_gis/Models/model_07_nd11_4_slope_tpi_hardneg_yolo/background_mining_pool/images/candidate_0332_r2631_c1079.png,21,3,0,0,0.1467447578907013
candidate_0334_r10434_c3698,10434,3698,/home3/gdyx28/Research Project/Research Project/iraq_tells_gis/Models/model_07_nd11_4_slope_tpi_hardneg_yolo/background_mining_pool/images/candidate_0334_r10434_c3698.png,2,1,0,0,0.13818484544754028
candidate_0225_r10443_c1402,10443,1402,/home3/gdyx28/Research Project/Research Project/iraq_tells_gis/Models/model_07_nd11_4_slope_tpi_hardneg_yolo/background_mining_pool/images/candidate_0225_r10443_c1402.png,8,3,0,0,0.13806743919849396
candidate_0001_r7333_c3712,7333,3712,/home3/gdyx28/Research Project/Research Project/iraq_tells_gis/Models/model_07_nd11_4_slope_tpi_hardneg_yolo/background_mining_pool/images/candidate_0001_r7333_c3712.png,3,2,0,0,0.13724860548973083
candidate_0172_r2660_c1013,2660,1013,/home3/gdyx28/Research Project/Research Project/iraq_tells_gis/Models/model_07_nd11_4_slope_tpi_hardneg_yolo/background_mining_pool/images/candidate_0172_r2660_c1013.png,12,1,0,0,0.13711866736412048
candidate_0147_r7759_c408,7759,408,/home3/gdyx28/Research Project/Research Project/iraq_tells_gis/Models/model_07_nd11_4_slope_tpi_hardneg_yolo/background_mining_pool/images/candidate_0147_r7759_c408.png,4,1,0,0,0.13493229448795319
candidate_0112_r7817_c606,7817,606,/home3/gdyx28/Research Project/Research Project/iraq_tells_gis/Models/model_07_nd11_4_slope_tpi_hardneg_yolo/background_mining_pool/images/candidate_0112_r7817_c606.png,1,1,0,0,0.13445346057415009
candidate_0306_r9600_c827,9600,827,/home3/gdyx28/Research Project/Research Project/iraq_tells_gis/Models/model_07_nd11_4_slope_tpi_hardneg_yolo/background_mining_pool/images/candidate_0306_r9600_c827.png,2,1,0,0,0.13284581899642944
candidate_0211_r389_c5311,389,5311,/home3/gdyx28/Research Project/Research Project/iraq_tells_gis/Models/model_07_nd11_4_slope_tpi_hardneg_yolo/background_mining_pool/images/candidate_0211_r389_c5311.png,2,1,0,0,0.13226200640201569
candidate_0032_r4674_c1519,4674,1519,/home3/gdyx28/Research Project/Research Project/iraq_tells_gis/Models/model_07_nd11_4_slope_tpi_hardneg_yolo/background_mining_pool/images/candidate_0032_r4674_c1519.png,2,1,0,0,0.13088856637477875
candidate_0158_r312_c5315,312,5315,/home3/gdyx28/Research Project/Research Project/iraq_tells_gis/Models/model_07_nd11_4_slope_tpi_hardneg_yolo/background_mining_pool/images/candidate_0158_r312_c5315.png,2,1,0,0,0.1300891488790512
candidate_0023_r5162_c1900,5162,1900,/home3/gdyx28/Research Project/Research Project/iraq_tells_gis/Models/model_07_nd11_4_slope_tpi_hardneg_yolo/background_mining_pool/images/candidate_0023_r5162_c1900.png,1,1,0,0,0.12893930077552795
candidate_0188_r10362_c974,10362,974,/home3/gdyx28/Research Project/Research Project/iraq_tells_gis/Models/model_07_nd11_4_slope_tpi_hardneg_yolo/background_mining_pool/images/candidate_0188_r10362_c974.png,4,1,0,0,0.12823444604873657
candidate_0096_r4683_c1461,4683,1461,/home3/gdyx28/Research Project/Research Project/iraq_tells_gis/Models/model_07_nd11_4_slope_tpi_hardneg_yolo/background_mining_pool/images/candidate_0096_r4683_c1461.png,3,1,0,0,0.12625029683113098
candidate_0273_r8332_c350,8332,350,/home3/gdyx28/Research Project/Research Project/iraq_tells_gis/Models/model_07_nd11_4_slope_tpi_hardneg_yolo/background_mining_pool/images/candidate_0273_r8332_c350.png,2,1,0,0,0.12440645694732666
candidate_0315_r9943_c63,9943,63,/home3/gdyx28/Research Project/Research Project/iraq_tells_gis/Models/model_07_nd11_4_slope_tpi_hardneg_yolo/background_mining_pool/images/candidate_0315_r9943_c63.png,3,1,0,0,0.12240608036518097
candidate_0003_r9402_c3019,9402,3019,/home3/gdyx28/Research Project/Research Project/iraq_tells_gis/Models/model_07_nd11_4_slope_tpi_hardneg_yolo/background_mining_pool/images/candidate_0003_r9402_c3019.png,7,1,0,0,0.11980877816677094
candidate_0085_r10013_c3986,10013,3986,/home3/gdyx28/Research Project/Research Project/iraq_tells_gis/Models/model_07_nd11_4_slope_tpi_hardneg_yolo/background_mining_pool/images/candidate_0085_r10013_c3986.png,2,1,0,0,0.1181352436542511
candidate_0101_r10355_c660,10355,660,/home3/gdyx28/Research Project/Research Project/iraq_tells_gis/Models/model_07_nd11_4_slope_tpi_hardneg_yolo/background_mining_pool/images/candidate_0101_r10355_c660.png,1,1,0,0,0.1178000420331955
candidate_0150_r3423_c939,3423,939,/home3/gdyx28/Research Project/Research Project/iraq_tells_gis/Models/model_07_nd11_4_slope_tpi_hardneg_yolo/background_mining_pool/images/candidate_0150_r3423_c939.png,7,3,0,0,0.11618835479021072
candidate_0242_r6225_c3644,6225,3644,/home3/gdyx28/Research Project/Research Project/iraq_tells_gis/Models/model_07_nd11_4_slope_tpi_hardneg_yolo/background_mining_pool/images/candidate_0242_r6225_c3644.png,3,1,0,0,0.11572406440973282
candidate_0098_r2080_c4240,2080,4240,/home3/gdyx28/Research Project/Research Project/iraq_tells_gis/Models/model_07_nd11_4_slope_tpi_hardneg_yolo/background_mining_pool/images/candidate_0098_r2080_c4240.png,3,1,0,0,0.1149948462843895
candidate_0179_r5135_c330,5135,330,/home3/gdyx28/Research Project/Research Project/iraq_tells_gis/Models/model_07_nd11_4_slope_tpi_hardneg_yolo/background_mining_pool/images/candidate_0179_r5135_c330.png,4,2,0,0,0.11423354595899582
candidate_0006_r10047_c917,10047,917,/home3/gdyx28/Research Project/Research Project/iraq_tells_gis/Models/model_07_nd11_4_slope_tpi_hardneg_yolo/background_mining_pool/images/candidate_0006_r10047_c917.png,2,1,0,0,0.11375512927770615
candidate_0075_r5339_c552,5339,552,/home3/gdyx28/Research Project/Research Project/iraq_tells_gis/Models/model_07_nd11_4_slope_tpi_hardneg_yolo/background_mining_pool/images/candidate_0075_r5339_c552.png,6,3,0,0,0.11305874586105347
candidate_0143_r4327_c144,4327,144,/home3/gdyx28/Research Project/Research Project/iraq_tells_gis/Models/model_07_nd11_4_slope_tpi_hardneg_yolo/background_mining_pool/images/candidate_0143_r4327_c144.png,3,2,0,0,0.11304038763046265
candidate_0232_r4031_c6,4031,6,/home3/gdyx28/Research Project/Research Project/iraq_tells_gis/Models/model_07_nd11_4_slope_tpi_hardneg_yolo/background_mining_pool/images/candidate_0232_r4031_c6.png,5,1,0,0,0.11184488236904144
candidate_0339_r9864_c5295,9864,5295,/home3/gdyx28/Research Project/Research Project/iraq_tells_gis/Models/model_07_nd11_4_slope_tpi_hardneg_yolo/background_mining_pool/images/candidate_0339_r9864_c5295.png,2,1,0,0,0.11144016683101654
candidate_0293_r9824_c146,9824,146,/home3/gdyx28/Research Project/Research Project/iraq_tells_gis/Models/model_07_nd11_4_slope_tpi_hardneg_yolo/background_mining_pool/images/candidate_0293_r9824_c146.png,7,1,0,0,0.11059660464525223
candidate_0166_r10225_c5524,10225,5524,/home3/gdyx28/Research Project/Research Project/iraq_tells_gis/Models/model_07_nd11_4_slope_tpi_hardneg_yolo/background_mining_pool/images/candidate_0166_r10225_c5524.png,5,1,0,0,0.11052682995796204
candidate_0365_r5053_c2018,5053,2018,/home3/gdyx28/Research Project/Research Project/iraq_tells_gis/Models/model_07_nd11_4_slope_tpi_hardneg_yolo/background_mining_pool/images/candidate_0365_r5053_c2018.png,2,1,0,0,0.11040418595075607
candidate_0127_r6146_c5,6146,5,/home3/gdyx28/Research Project/Research Project/iraq_tells_gis/Models/model_07_nd11_4_slope_tpi_hardneg_yolo/background_mining_pool/images/candidate_0127_r6146_c5.png,5,1,0,0,0.10782044380903244
candidate_0291_r5333_c203,5333,203,/home3/gdyx28/Research Project/Research Project/iraq_tells_gis/Models/model_07_nd11_4_slope_tpi_hardneg_yolo/background_mining_pool/images/candidate_0291_r5333_c203.png,3,2,0,0,0.10742006450891495
candidate_0170_r9890_c1107,9890,1107,/home3/gdyx28/Research Project/Research Project/iraq_tells_gis/Models/model_07_nd11_4_slope_tpi_hardneg_yolo/background_mining_pool/images/candidate_0170_r9890_c1107.png,2,1,0,0,0.10650622099637985
candidate_0071_r3831_c78,3831,78,/home3/gdyx28/Research Project/Research Project/iraq_tells_gis/Models/model_07_nd11_4_slope_tpi_hardneg_yolo/background_mining_pool/images/candidate_0071_r3831_c78.png,3,1,0,0,0.10587901622056961
candidate_0036_r8604_c581,8604,581,/home3/gdyx28/Research Project/Research Project/iraq_tells_gis/Models/model_07_nd11_4_slope_tpi_hardneg_yolo/background_mining_pool/images/candidate_0036_r8604_c581.png,2,1,0,0,0.10551764816045761
candidate_0148_r9890_c1133,9890,1133,/home3/gdyx28/Research Project/Research Project/iraq_tells_gis/Models/model_07_nd11_4_slope_tpi_hardneg_yolo/background_mining_pool/images/candidate_0148_r9890_c1133.png,2,1,0,0,0.10536257922649384
candidate_0237_r10457_c1470,10457,1470,/home3/gdyx28/Research Project/Research Project/iraq_tells_gis/Models/model_07_nd11_4_slope_tpi_hardneg_yolo/background_mining_pool/images/candidate_0237_r10457_c1470.png,10,1,0,0,0.10497894883155823
candidate_0371_r10258_c719,10258,719,/home3/gdyx28/Research Project/Research Project/iraq_tells_gis/Models/model_07_nd11_4_slope_tpi_hardneg_yolo/background_mining_pool/images/candidate_0371_r10258_c719.png,1,1,0,0,0.10426443815231323
candidate_0336_r8970_c5304,8970,5304,/home3/gdyx28/Research Project/Research Project/iraq_tells_gis/Models/model_07_nd11_4_slope_tpi_hardneg_yolo/background_mining_pool/images/candidate_0336_r8970_c5304.png,3,1,0,0,0.10405336320400238
candidate_0319_r4214_c112,4214,112,/home3/gdyx28/Research Project/Research Project/iraq_tells_gis/Models/model_07_nd11_4_slope_tpi_hardneg_yolo/background_mining_pool/images/candidate_0319_r4214_c112.png,2,1,0,0,0.10252843797206879
candidate_0048_r7066_c3580,7066,3580,/home3/gdyx28/Research Project/Research Project/iraq_tells_gis/Models/model_07_nd11_4_slope_tpi_hardneg_yolo/background_mining_pool/images/candidate_0048_r7066_c3580.png,4,1,0,0,0.10178402066230774
candidate_0230_r8281_c2184,8281,2184,/home3/gdyx28/Research Project/Research Project/iraq_tells_gis/Models/model_07_nd11_4_slope_tpi_hardneg_yolo/background_mining_pool/images/candidate_0230_r8281_c2184.png,4,1,0,0,0.1009906604886055
candidate_0181_r10399_c863,10399,863,/home3/gdyx28/Research Project/Research Project/iraq_tells_gis/Models/model_07_nd11_4_slope_tpi_hardneg_yolo/background_mining_pool/images/candidate_0181_r10399_c863.png,7,0,0,0,0.09996627271175385
candidate_0366_r4635_c1524,4635,1524,/home3/gdyx28/Research Project/Research Project/iraq_tells_gis/Models/model_07_nd11_4_slope_tpi_hardneg_yolo/background_mining_pool/images/candidate_0366_r4635_c1524.png,1,0,0,0,0.09955918043851852
candidate_0374_r7166_c3787,7166,3787,/home3/gdyx28/Research Project/Research Project/iraq_tells_gis/Models/model_07_nd11_4_slope_tpi_hardneg_yolo/background_mining_pool/images/candidate_0374_r7166_c3787.png,3,0,0,0,0.09937743842601776
candidate_0311_r4280_c1386,4280,1386,/home3/gdyx28/Research Project/Research Project/iraq_tells_gis/Models/model_07_nd11_4_slope_tpi_hardneg_yolo/background_mining_pool/images/candidate_0311_r4280_c1386.png,2,0,0,0,0.09778369218111038
candidate_0384_r8151_c782,8151,782,/home3/gdyx28/Research Project/Research Project/iraq_tells_gis/Models/model_07_nd11_4_slope_tpi_hardneg_yolo/background_mining_pool/images/candidate_0384_r8151_c782.png,1,0,0,0,0.09774592518806458
candidate_0363_r8232_c2175,8232,2175,/home3/gdyx28/Research Project/Research Project/iraq_tells_gis/Models/model_07_nd11_4_slope_tpi_hardneg_yolo/background_mining_pool/images/candidate_0363_r8232_c2175.png,1,0,0,0,0.09768698364496231
candidate_0269_r10463_c1830,10463,1830,/home3/gdyx28/Research Project/Research Project/iraq_tells_gis/Models/model_07_nd11_4_slope_tpi_hardneg_yolo/background_mining_pool/images/candidate_0269_r10463_c1830.png,2,0,0,0,0.09660766273736954
candidate_0129_r10212_c1615,10212,1615,/home3/gdyx28/Research Project/Research Project/iraq_tells_gis/Models/model_07_nd11_4_slope_tpi_hardneg_yolo/background_mining_pool/images/candidate_0129_r10212_c1615.png,4,0,0,0,0.09629491716623306
candidate_0186_r4231_c127,4231,127,/home3/gdyx28/Research Project/Research Project/iraq_tells_gis/Models/model_07_nd11_4_slope_tpi_hardneg_yolo/background_mining_pool/images/candidate_0186_r4231_c127.png,2,0,0,0,0.09607324004173279
candidate_0309_r10391_c365,10391,365,/home3/gdyx28/Research Project/Research Project/iraq_tells_gis/Models/model_07_nd11_4_slope_tpi_hardneg_yolo/background_mining_pool/images/candidate_0309_r10391_c365.png,3,0,0,0,0.09550216794013977
candidate_0136_r5331_c126,5331,126,/home3/gdyx28/Research Project/Research Project/iraq_tells_gis/Models/model_07_nd11_4_slope_tpi_hardneg_yolo/background_mining_pool/images/candidate_0136_r5331_c126.png,1,0,0,0,0.09549656510353088
candidate_0120_r7856_c323,7856,323,/home3/gdyx28/Research Project/Research Project/iraq_tells_gis/Models/model_07_nd11_4_slope_tpi_hardneg_yolo/background_mining_pool/images/candidate_0120_r7856_c323.png,1,0,0,0,0.09496095031499863
candidate_0176_r3949_c165,3949,165,/home3/gdyx28/Research Project/Research Project/iraq_tells_gis/Models/model_07_nd11_4_slope_tpi_hardneg_yolo/background_mining_pool/images/candidate_0176_r3949_c165.png,2,0,0,0,0.09485980123281479
candidate_0029_r9520_c378,9520,378,/home3/gdyx28/Research Project/Research Project/iraq_tells_gis/Models/model_07_nd11_4_slope_tpi_hardneg_yolo/background_mining_pool/images/candidate_0029_r9520_c378.png,2,0,0,0,0.09478703141212463
candidate_0385_r5193_c1658,5193,1658,/home3/gdyx28/Research Project/Research Project/iraq_tells_gis/Models/model_07_nd11_4_slope_tpi_hardneg_yolo/background_mining_pool/images/candidate_0385_r5193_c1658.png,3,0,0,0,0.09464959055185318
candidate_0266_r10423_c1804,10423,1804,/home3/gdyx28/Research Project/Research Project/iraq_tells_gis/Models/model_07_nd11_4_slope_tpi_hardneg_yolo/background_mining_pool/images/candidate_0266_r10423_c1804.png,4,0,0,0,0.0944020226597786
candidate_0229_r2968_c4629,2968,4629,/home3/gdyx28/Research Project/Research Project/iraq_tells_gis/Models/model_07_nd11_4_slope_tpi_hardneg_yolo/background_mining_pool/images/candidate_0229_r2968_c4629.png,1,0,0,0,0.09324680268764496
candidate_0164_r293_c5242,293,5242,/home3/gdyx28/Research Project/Research Project/iraq_tells_gis/Models/model_07_nd11_4_slope_tpi_hardneg_yolo/background_mining_pool/images/candidate_0164_r293_c5242.png,1,0,0,0,0.09287895262241364
candidate_0102_r2040_c4099,2040,4099,/home3/gdyx28/Research Project/Research Project/iraq_tells_gis/Models/model_07_nd11_4_slope_tpi_hardneg_yolo/background_mining_pool/images/candidate_0102_r2040_c4099.png,5,0,0,0,0.09276231378316879
candidate_0031_r5332_c570,5332,570,/home3/gdyx28/Research Project/Research Project/iraq_tells_gis/Models/model_07_nd11_4_slope_tpi_hardneg_yolo/background_mining_pool/images/candidate_0031_r5332_c570.png,3,0,0,0,0.09234493225812912
candidate_0087_r6044_c3755,6044,3755,/home3/gdyx28/Research Project/Research Project/iraq_tells_gis/Models/model_07_nd11_4_slope_tpi_hardneg_yolo/background_mining_pool/images/candidate_0087_r6044_c3755.png,3,0,0,0,0.09119609743356705
candidate_0314_r3374_c5252,3374,5252,/home3/gdyx28/Research Project/Research Project/iraq_tells_gis/Models/model_07_nd11_4_slope_tpi_hardneg_yolo/background_mining_pool/images/candidate_0314_r3374_c5252.png,2,0,0,0,0.09086822718381882
candidate_0033_r10190_c1404,10190,1404,/home3/gdyx28/Research Project/Research Project/iraq_tells_gis/Models/model_07_nd11_4_slope_tpi_hardneg_yolo/background_mining_pool/images/candidate_0033_r10190_c1404.png,1,0,0,0,0.0908016785979271
candidate_0183_r2184_c4130,2184,4130,/home3/gdyx28/Research Project/Research Project/iraq_tells_gis/Models/model_07_nd11_4_slope_tpi_hardneg_yolo/background_mining_pool/images/candidate_0183_r2184_c4130.png,2,0,0,0,0.09069842845201492
candidate_0132_r8429_c227,8429,227,/home3/gdyx28/Research Project/Research Project/iraq_tells_gis/Models/model_07_nd11_4_slope_tpi_hardneg_yolo/background_mining_pool/images/candidate_0132_r8429_c227.png,1,0,0,0,0.08937408030033112
candidate_0338_r4543_c1517,4543,1517,/home3/gdyx28/Research Project/Research Project/iraq_tells_gis/Models/model_07_nd11_4_slope_tpi_hardneg_yolo/background_mining_pool/images/candidate_0338_r4543_c1517.png,1,0,0,0,0.08878737688064575
candidate_0327_r6622_c3020,6622,3020,/home3/gdyx28/Research Project/Research Project/iraq_tells_gis/Models/model_07_nd11_4_slope_tpi_hardneg_yolo/background_mining_pool/images/candidate_0327_r6622_c3020.png,3,0,0,0,0.08857958763837814
candidate_0241_r10151_c3978,10151,3978,/home3/gdyx28/Research Project/Research Project/iraq_tells_gis/Models/model_07_nd11_4_slope_tpi_hardneg_yolo/background_mining_pool/images/candidate_0241_r10151_c3978.png,4,0,0,0,0.08783005177974701
candidate_0099_r3815_c375,3815,375,/home3/gdyx28/Research Project/Research Project/iraq_tells_gis/Models/model_07_nd11_4_slope_tpi_hardneg_yolo/background_mining_pool/images/candidate_0099_r3815_c375.png,3,0,0,0,0.08779188990592957
candidate_0144_r9462_c2982,9462,2982,/home3/gdyx28/Research Project/Research Project/iraq_tells_gis/Models/model_07_nd11_4_slope_tpi_hardneg_yolo/background_mining_pool/images/candidate_0144_r9462_c2982.png,2,0,0,0,0.08773645758628845
candidate_0347_r10172_c5531,10172,5531,/home3/gdyx28/Research Project/Research Project/iraq_tells_gis/Models/model_07_nd11_4_slope_tpi_hardneg_yolo/background_mining_pool/images/candidate_0347_r10172_c5531.png,2,0,0,0,0.08686850965023041
candidate_0284_r9857_c1065,9857,1065,/home3/gdyx28/Research Project/Research Project/iraq_tells_gis/Models/model_07_nd11_4_slope_tpi_hardneg_yolo/background_mining_pool/images/candidate_0284_r9857_c1065.png,2,0,0,0,0.08645331114530563
candidate_0182_r7317_c5455,7317,5455,/home3/gdyx28/Research Project/Research Project/iraq_tells_gis/Models/model_07_nd11_4_slope_tpi_hardneg_yolo/background_mining_pool/images/candidate_0182_r7317_c5455.png,1,0,0,0,0.0845445841550827
candidate_0354_r6240_c1521,6240,1521,/home3/gdyx28/Research Project/Research Project/iraq_tells_gis/Models/model_07_nd11_4_slope_tpi_hardneg_yolo/background_mining_pool/images/candidate_0354_r6240_c1521.png,2,0,0,0,0.08373714983463287
candidate_0355_r8618_c316,8618,316,/home3/gdyx28/Research Project/Research Project/iraq_tells_gis/Models/model_07_nd11_4_slope_tpi_hardneg_yolo/background_mining_pool/images/candidate_0355_r8618_c316.png,1,0,0,0,0.08356203138828278
candidate_0015_r4541_c1295,4541,1295,/home3/gdyx28/Research Project/Research Project/iraq_tells_gis/Models/model_07_nd11_4_slope_tpi_hardneg_yolo/background_mining_pool/images/candidate_0015_r4541_c1295.png,2,0,0,0,0.0832744687795639
candidate_0074_r7988_c3699,7988,3699,/home3/gdyx28/Research Project/Research Project/iraq_tells_gis/Models/model_07_nd11_4_slope_tpi_hardneg_yolo/background_mining_pool/images/candidate_0074_r7988_c3699.png,2,0,0,0,0.08292572945356369
candidate_0056_r4013_c199,4013,199,/home3/gdyx28/Research Project/Research Project/iraq_tells_gis/Models/model_07_nd11_4_slope_tpi_hardneg_yolo/background_mining_pool/images/candidate_0056_r4013_c199.png,2,0,0,0,0.08203887939453125
candidate_0160_r7979_c3687,7979,3687,/home3/gdyx28/Research Project/Research Project/iraq_tells_gis/Models/model_07_nd11_4_slope_tpi_hardneg_yolo/background_mining_pool/images/candidate_0160_r7979_c3687.png,7,0,0,0,0.081952303647995
candidate_0308_r4734_c1321,4734,1321,/home3/gdyx28/Research Project/Research Project/iraq_tells_gis/Models/model_07_nd11_4_slope_tpi_hardneg_yolo/background_mining_pool/images/candidate_0308_r4734_c1321.png,5,0,0,0,0.08180293440818787
candidate_0027_r10063_c1547,10063,1547,/home3/gdyx28/Research Project/Research Project/iraq_tells_gis/Models/model_07_nd11_4_slope_tpi_hardneg_yolo/background_mining_pool/images/candidate_0027_r10063_c1547.png,2,0,0,0,0.0815100446343422
candidate_0265_r7519_c3556,7519,3556,/home3/gdyx28/Research Project/Research Project/iraq_tells_gis/Models/model_07_nd11_4_slope_tpi_hardneg_yolo/background_mining_pool/images/candidate_0265_r7519_c3556.png,1,0,0,0,0.08128378540277481
candidate_0202_r10390_c1919,10390,1919,/home3/gdyx28/Research Project/Research Project/iraq_tells_gis/Models/model_07_nd11_4_slope_tpi_hardneg_yolo/background_mining_pool/images/candidate_0202_r10390_c1919.png,11,0,0,0,0.0809677466750145
candidate_0053_r8548_c327,8548,327,/home3/gdyx28/Research Project/Research Project/iraq_tells_gis/Models/model_07_nd11_4_slope_tpi_hardneg_yolo/background_mining_pool/images/candidate_0053_r8548_c327.png,1,0,0,0,0.0806281641125679
candidate_0149_r8631_c343,8631,343,/home3/gdyx28/Research Project/Research Project/iraq_tells_gis/Models/model_07_nd11_4_slope_tpi_hardneg_yolo/background_mining_pool/images/candidate_0149_r8631_c343.png,1,0,0,0,0.07964272052049637
candidate_0005_r8602_c610,8602,610,/home3/gdyx28/Research Project/Research Project/iraq_tells_gis/Models/model_07_nd11_4_slope_tpi_hardneg_yolo/background_mining_pool/images/candidate_0005_r8602_c610.png,1,0,0,0,0.07948944717645645
candidate_0010_r6646_c3046,6646,3046,/home3/gdyx28/Research Project/Research Project/iraq_tells_gis/Models/model_07_nd11_4_slope_tpi_hardneg_yolo/background_mining_pool/images/candidate_0010_r6646_c3046.png,1,0,0,0,0.07861536741256714
candidate_0038_r9451_c153,9451,153,/home3/gdyx28/Research Project/Research Project/iraq_tells_gis/Models/model_07_nd11_4_slope_tpi_hardneg_yolo/background_mining_pool/images/candidate_0038_r9451_c153.png,1,0,0,0,0.07813996821641922
candidate_0333_r4752_c72,4752,72,/home3/gdyx28/Research Project/Research Project/iraq_tells_gis/Models/model_07_nd11_4_slope_tpi_hardneg_yolo/background_mining_pool/images/candidate_0333_r4752_c72.png,2,0,0,0,0.0780126303434372
candidate_0298_r250_c5171,250,5171,/home3/gdyx28/Research Project/Research Project/iraq_tells_gis/Models/model_07_nd11_4_slope_tpi_hardneg_yolo/background_mining_pool/images/candidate_0298_r250_c5171.png,2,0,0,0,0.0775352492928505
candidate_0318_r7552_c5241,7552,5241,/home3/gdyx28/Research Project/Research Project/iraq_tells_gis/Models/model_07_nd11_4_slope_tpi_hardneg_yolo/background_mining_pool/images/candidate_0318_r7552_c5241.png,2,0,0,0,0.07741722464561462
candidate_0228_r7825_c795,7825,795,/home3/gdyx28/Research Project/Research Project/iraq_tells_gis/Models/model_07_nd11_4_slope_tpi_hardneg_yolo/background_mining_pool/images/candidate_0228_r7825_c795.png,1,0,0,0,0.07641922682523727
candidate_0113_r7083_c45,7083,45,/home3/gdyx28/Research Project/Research Project/iraq_tells_gis/Models/model_07_nd11_4_slope_tpi_hardneg_yolo/background_mining_pool/images/candidate_0113_r7083_c45.png,1,0,0,0,0.07581934332847595
candidate_0350_r2148_c4250,2148,4250,/home3/gdyx28/Research Project/Research Project/iraq_tells_gis/Models/model_07_nd11_4_slope_tpi_hardneg_yolo/background_mining_pool/images/candidate_0350_r2148_c4250.png,2,0,0,0,0.0756588876247406
candidate_0059_r9835_c985,9835,985,/home3/gdyx28/Research Project/Research Project/iraq_tells_gis/Models/model_07_nd11_4_slope_tpi_hardneg_yolo/background_mining_pool/images/candidate_0059_r9835_c985.png,3,0,0,0,0.075645312666893
candidate_0111_r10359_c1137,10359,1137,/home3/gdyx28/Research Project/Research Project/iraq_tells_gis/Models/model_07_nd11_4_slope_tpi_hardneg_yolo/background_mining_pool/images/candidate_0111_r10359_c1137.png,2,0,0,0,0.0755595862865448
candidate_0368_r10178_c673,10178,673,/home3/gdyx28/Research Project/Research Project/iraq_tells_gis/Models/model_07_nd11_4_slope_tpi_hardneg_yolo/background_mining_pool/images/candidate_0368_r10178_c673.png,1,0,0,0,0.07499215751886368
candidate_0089_r9037_c2246,9037,2246,/home3/gdyx28/Research Project/Research Project/iraq_tells_gis/Models/model_07_nd11_4_slope_tpi_hardneg_yolo/background_mining_pool/images/candidate_0089_r9037_c2246.png,1,0,0,0,0.07483825832605362
candidate_0200_r10366_c1765,10366,1765,/home3/gdyx28/Research Project/Research Project/iraq_tells_gis/Models/model_07_nd11_4_slope_tpi_hardneg_yolo/background_mining_pool/images/candidate_0200_r10366_c1765.png,5,0,0,0,0.07455284893512726
candidate_0322_r4483_c1430,4483,1430,/home3/gdyx28/Research Project/Research Project/iraq_tells_gis/Models/model_07_nd11_4_slope_tpi_hardneg_yolo/background_mining_pool/images/candidate_0322_r4483_c1430.png,1,0,0,0,0.07382109016180038
candidate_0357_r7195_c3467,7195,3467,/home3/gdyx28/Research Project/Research Project/iraq_tells_gis/Models/model_07_nd11_4_slope_tpi_hardneg_yolo/background_mining_pool/images/candidate_0357_r7195_c3467.png,4,0,0,0,0.07368380576372147
candidate_0135_r3758_c193,3758,193,/home3/gdyx28/Research Project/Research Project/iraq_tells_gis/Models/model_07_nd11_4_slope_tpi_hardneg_yolo/background_mining_pool/images/candidate_0135_r3758_c193.png,1,0,0,0,0.0728641226887703
candidate_0067_r7138_c3574,7138,3574,/home3/gdyx28/Research Project/Research Project/iraq_tells_gis/Models/model_07_nd11_4_slope_tpi_hardneg_yolo/background_mining_pool/images/candidate_0067_r7138_c3574.png,1,0,0,0,0.07215867191553116
candidate_0290_r10038_c5465,10038,5465,/home3/gdyx28/Research Project/Research Project/iraq_tells_gis/Models/model_07_nd11_4_slope_tpi_hardneg_yolo/background_mining_pool/images/candidate_0290_r10038_c5465.png,2,0,0,0,0.07215119898319244
candidate_0206_r9441_c497,9441,497,/home3/gdyx28/Research Project/Research Project/iraq_tells_gis/Models/model_07_nd11_4_slope_tpi_hardneg_yolo/background_mining_pool/images/candidate_0206_r9441_c497.png,3,0,0,0,0.07192119210958481
candidate_0173_r9817_c3078,9817,3078,/home3/gdyx28/Research Project/Research Project/iraq_tells_gis/Models/model_07_nd11_4_slope_tpi_hardneg_yolo/background_mining_pool/images/candidate_0173_r9817_c3078.png,4,0,0,0,0.07107143104076385
candidate_0062_r6162_c752,6162,752,/home3/gdyx28/Research Project/Research Project/iraq_tells_gis/Models/model_07_nd11_4_slope_tpi_hardneg_yolo/background_mining_pool/images/candidate_0062_r6162_c752.png,3,0,0,0,0.07090692967176437
candidate_0372_r9699_c108,9699,108,/home3/gdyx28/Research Project/Research Project/iraq_tells_gis/Models/model_07_nd11_4_slope_tpi_hardneg_yolo/background_mining_pool/images/candidate_0372_r9699_c108.png,3,0,0,0,0.07069595158100128
candidate_0081_r3793_c11,3793,11,/home3/gdyx28/Research Project/Research Project/iraq_tells_gis/Models/model_07_nd11_4_slope_tpi_hardneg_yolo/background_mining_pool/images/candidate_0081_r3793_c11.png,3,0,0,0,0.07061243057250977
candidate_0222_r7216_c3458,7216,3458,/home3/gdyx28/Research Project/Research Project/iraq_tells_gis/Models/model_07_nd11_4_slope_tpi_hardneg_yolo/background_mining_pool/images/candidate_0222_r7216_c3458.png,7,0,0,0,0.06972483545541763
candidate_0255_r8480_c295,8480,295,/home3/gdyx28/Research Project/Research Project/iraq_tells_gis/Models/model_07_nd11_4_slope_tpi_hardneg_yolo/background_mining_pool/images/candidate_0255_r8480_c295.png,2,0,0,0,0.06943222880363464
candidate_0146_r7645_c5260,7645,5260,/home3/gdyx28/Research Project/Research Project/iraq_tells_gis/Models/model_07_nd11_4_slope_tpi_hardneg_yolo/background_mining_pool/images/candidate_0146_r7645_c5260.png,1,0,0,0,0.06912265717983246
candidate_0369_r8512_c196,8512,196,/home3/gdyx28/Research Project/Research Project/iraq_tells_gis/Models/model_07_nd11_4_slope_tpi_hardneg_yolo/background_mining_pool/images/candidate_0369_r8512_c196.png,1,0,0,0,0.06864770501852036
candidate_0376_r7938_c731,7938,731,/home3/gdyx28/Research Project/Research Project/iraq_tells_gis/Models/model_07_nd11_4_slope_tpi_hardneg_yolo/background_mining_pool/images/candidate_0376_r7938_c731.png,1,0,0,0,0.0683029517531395
candidate_0392_r10058_c888,10058,888,/home3/gdyx28/Research Project/Research Project/iraq_tells_gis/Models/model_07_nd11_4_slope_tpi_hardneg_yolo/background_mining_pool/images/candidate_0392_r10058_c888.png,1,0,0,0,0.067540742456913
candidate_0233_r7776_c5199,7776,5199,/home3/gdyx28/Research Project/Research Project/iraq_tells_gis/Models/model_07_nd11_4_slope_tpi_hardneg_yolo/background_mining_pool/images/candidate_0233_r7776_c5199.png,1,0,0,0,0.06732050329446793
candidate_0016_r5225_c260,5225,260,/home3/gdyx28/Research Project/Research Project/iraq_tells_gis/Models/model_07_nd11_4_slope_tpi_hardneg_yolo/background_mining_pool/images/candidate_0016_r5225_c260.png,1,0,0,0,0.06627409905195236
candidate_0107_r7379_c3883,7379,3883,/home3/gdyx28/Research Project/Research Project/iraq_tells_gis/Models/model_07_nd11_4_slope_tpi_hardneg_yolo/background_mining_pool/images/candidate_0107_r7379_c3883.png,1,0,0,0,0.06597722321748734
candidate_0159_r9412_c50,9412,50,/home3/gdyx28/Research Project/Research Project/iraq_tells_gis/Models/model_07_nd11_4_slope_tpi_hardneg_yolo/background_mining_pool/images/candidate_0159_r9412_c50.png,5,0,0,0,0.0659407451748848
candidate_0007_r6944_c4524,6944,4524,/home3/gdyx28/Research Project/Research Project/iraq_tells_gis/Models/model_07_nd11_4_slope_tpi_hardneg_yolo/background_mining_pool/images/candidate_0007_r6944_c4524.png,2,0,0,0,0.0657932460308075
candidate_0047_r3997_c512,3997,512,/home3/gdyx28/Research Project/Research Project/iraq_tells_gis/Models/model_07_nd11_4_slope_tpi_hardneg_yolo/background_mining_pool/images/candidate_0047_r3997_c512.png,2,0,0,0,0.06565675139427185
candidate_0142_r4456_c335,4456,335,/home3/gdyx28/Research Project/Research Project/iraq_tells_gis/Models/model_07_nd11_4_slope_tpi_hardneg_yolo/background_mining_pool/images/candidate_0142_r4456_c335.png,2,0,0,0,0.06562016904354095
candidate_0254_r10318_c418,10318,418,/home3/gdyx28/Research Project/Research Project/iraq_tells_gis/Models/model_07_nd11_4_slope_tpi_hardneg_yolo/background_mining_pool/images/candidate_0254_r10318_c418.png,1,0,0,0,0.06542520970106125
candidate_0141_r4760_c1463,4760,1463,/home3/gdyx28/Research Project/Research Project/iraq_tells_gis/Models/model_07_nd11_4_slope_tpi_hardneg_yolo/background_mining_pool/images/candidate_0141_r4760_c1463.png,1,0,0,0,0.06527960300445557
candidate_0092_r4733_c57,4733,57,/home3/gdyx28/Research Project/Research Project/iraq_tells_gis/Models/model_07_nd11_4_slope_tpi_hardneg_yolo/background_mining_pool/images/candidate_0092_r4733_c57.png,2,0,0,0,0.06474492698907852
candidate_0312_r8514_c905,8514,905,/home3/gdyx28/Research Project/Research Project/iraq_tells_gis/Models/model_07_nd11_4_slope_tpi_hardneg_yolo/background_mining_pool/images/candidate_0312_r8514_c905.png,1,0,0,0,0.064690001308918
candidate_0218_r10015_c5203,10015,5203,/home3/gdyx28/Research Project/Research Project/iraq_tells_gis/Models/model_07_nd11_4_slope_tpi_hardneg_yolo/background_mining_pool/images/candidate_0218_r10015_c5203.png,1,0,0,0,0.0643182173371315
candidate_0187_r9409_c28,9409,28,/home3/gdyx28/Research Project/Research Project/iraq_tells_gis/Models/model_07_nd11_4_slope_tpi_hardneg_yolo/background_mining_pool/images/candidate_0187_r9409_c28.png,2,0,0,0,0.06417791545391083
candidate_0061_r4771_c242,4771,242,/home3/gdyx28/Research Project/Research Project/iraq_tells_gis/Models/model_07_nd11_4_slope_tpi_hardneg_yolo/background_mining_pool/images/candidate_0061_r4771_c242.png,1,0,0,0,0.06411845982074738
candidate_0335_r6843_c4602,6843,4602,/home3/gdyx28/Research Project/Research Project/iraq_tells_gis/Models/model_07_nd11_4_slope_tpi_hardneg_yolo/background_mining_pool/images/candidate_0335_r6843_c4602.png,1,0,0,0,0.06285307556390762
candidate_0123_r7214_c3457,7214,3457,/home3/gdyx28/Research Project/Research Project/iraq_tells_gis/Models/model_07_nd11_4_slope_tpi_hardneg_yolo/background_mining_pool/images/candidate_0123_r7214_c3457.png,3,0,0,0,0.06280924379825592
candidate_0145_r7716_c443,7716,443,/home3/gdyx28/Research Project/Research Project/iraq_tells_gis/Models/model_07_nd11_4_slope_tpi_hardneg_yolo/background_mining_pool/images/candidate_0145_r7716_c443.png,1,0,0,0,0.06279762089252472
candidate_0213_r5916_c1615,5916,1615,/home3/gdyx28/Research Project/Research Project/iraq_tells_gis/Models/model_07_nd11_4_slope_tpi_hardneg_yolo/background_mining_pool/images/candidate_0213_r5916_c1615.png,1,0,0,0,0.062069687992334366
candidate_0131_r9336_c2879,9336,2879,/home3/gdyx28/Research Project/Research Project/iraq_tells_gis/Models/model_07_nd11_4_slope_tpi_hardneg_yolo/background_mining_pool/images/candidate_0131_r9336_c2879.png,1,0,0,0,0.06201507896184921
candidate_0013_r10147_c1275,10147,1275,/home3/gdyx28/Research Project/Research Project/iraq_tells_gis/Models/model_07_nd11_4_slope_tpi_hardneg_yolo/background_mining_pool/images/candidate_0013_r10147_c1275.png,2,0,0,0,0.061826735734939575
candidate_0341_r3766_c540,3766,540,/home3/gdyx28/Research Project/Research Project/iraq_tells_gis/Models/model_07_nd11_4_slope_tpi_hardneg_yolo/background_mining_pool/images/candidate_0341_r3766_c540.png,1,0,0,0,0.06126275286078453
candidate_0037_r5104_c1811,5104,1811,/home3/gdyx28/Research Project/Research Project/iraq_tells_gis/Models/model_07_nd11_4_slope_tpi_hardneg_yolo/background_mining_pool/images/candidate_0037_r5104_c1811.png,1,0,0,0,0.06126096472144127
candidate_0234_r5074_c510,5074,510,/home3/gdyx28/Research Project/Research Project/iraq_tells_gis/Models/model_07_nd11_4_slope_tpi_hardneg_yolo/background_mining_pool/images/candidate_0234_r5074_c510.png,1,0,0,0,0.06102781370282173
candidate_0278_r5226_c1600,5226,1600,/home3/gdyx28/Research Project/Research Project/iraq_tells_gis/Models/model_07_nd11_4_slope_tpi_hardneg_yolo/background_mining_pool/images/candidate_0278_r5226_c1600.png,2,0,0,0,0.060595761984586716
candidate_0122_r7376_c3623,7376,3623,/home3/gdyx28/Research Project/Research Project/iraq_tells_gis/Models/model_07_nd11_4_slope_tpi_hardneg_yolo/background_mining_pool/images/candidate_0122_r7376_c3623.png,2,0,0,0,0.060571569949388504
candidate_0012_r9781_c145,9781,145,/home3/gdyx28/Research Project/Research Project/iraq_tells_gis/Models/model_07_nd11_4_slope_tpi_hardneg_yolo/background_mining_pool/images/candidate_0012_r9781_c145.png,1,0,0,0,0.06034526601433754
candidate_0394_r4994_c1772,4994,1772,/home3/gdyx28/Research Project/Research Project/iraq_tells_gis/Models/model_07_nd11_4_slope_tpi_hardneg_yolo/background_mining_pool/images/candidate_0394_r4994_c1772.png,1,0,0,0,0.059534281492233276
candidate_0361_r4850_c1480,4850,1480,/home3/gdyx28/Research Project/Research Project/iraq_tells_gis/Models/model_07_nd11_4_slope_tpi_hardneg_yolo/background_mining_pool/images/candidate_0361_r4850_c1480.png,1,0,0,0,0.05940764769911766
candidate_0390_r3981_c440,3981,440,/home3/gdyx28/Research Project/Research Project/iraq_tells_gis/Models/model_07_nd11_4_slope_tpi_hardneg_yolo/background_mining_pool/images/candidate_0390_r3981_c440.png,2,0,0,0,0.059162870049476624
candidate_0396_r8714_c477,8714,477,/home3/gdyx28/Research Project/Research Project/iraq_tells_gis/Models/model_07_nd11_4_slope_tpi_hardneg_yolo/background_mining_pool/images/candidate_0396_r8714_c477.png,1,0,0,0,0.05900217220187187
candidate_0321_r6191_c1443,6191,1443,/home3/gdyx28/Research Project/Research Project/iraq_tells_gis/Models/model_07_nd11_4_slope_tpi_hardneg_yolo/background_mining_pool/images/candidate_0321_r6191_c1443.png,1,0,0,0,0.05870761349797249
candidate_0343_r6748_c4601,6748,4601,/home3/gdyx28/Research Project/Research Project/iraq_tells_gis/Models/model_07_nd11_4_slope_tpi_hardneg_yolo/background_mining_pool/images/candidate_0343_r6748_c4601.png,1,0,0,0,0.058564744889736176
candidate_0283_r268_c5448,268,5448,/home3/gdyx28/Research Project/Research Project/iraq_tells_gis/Models/model_07_nd11_4_slope_tpi_hardneg_yolo/background_mining_pool/images/candidate_0283_r268_c5448.png,1,0,0,0,0.05819959193468094
candidate_0304_r8648_c1704,8648,1704,/home3/gdyx28/Research Project/Research Project/iraq_tells_gis/Models/model_07_nd11_4_slope_tpi_hardneg_yolo/background_mining_pool/images/candidate_0304_r8648_c1704.png,3,0,0,0,0.05816677212715149
candidate_0280_r8822_c319,8822,319,/home3/gdyx28/Research Project/Research Project/iraq_tells_gis/Models/model_07_nd11_4_slope_tpi_hardneg_yolo/background_mining_pool/images/candidate_0280_r8822_c319.png,2,0,0,0,0.057996947318315506
candidate_0078_r8937_c1436,8937,1436,/home3/gdyx28/Research Project/Research Project/iraq_tells_gis/Models/model_07_nd11_4_slope_tpi_hardneg_yolo/background_mining_pool/images/candidate_0078_r8937_c1436.png,1,0,0,0,0.0578501895070076
candidate_0138_r5252_c1608,5252,1608,/home3/gdyx28/Research Project/Research Project/iraq_tells_gis/Models/model_07_nd11_4_slope_tpi_hardneg_yolo/background_mining_pool/images/candidate_0138_r5252_c1608.png,1,0,0,0,0.05736929923295975
candidate_0017_r10041_c1102,10041,1102,/home3/gdyx28/Research Project/Research Project/iraq_tells_gis/Models/model_07_nd11_4_slope_tpi_hardneg_yolo/background_mining_pool/images/candidate_0017_r10041_c1102.png,1,0,0,0,0.05718471482396126
candidate_0296_r6215_c1733,6215,1733,/home3/gdyx28/Research Project/Research Project/iraq_tells_gis/Models/model_07_nd11_4_slope_tpi_hardneg_yolo/background_mining_pool/images/candidate_0296_r6215_c1733.png,1,0,0,0,0.05688809975981712
candidate_0251_r7186_c3400,7186,3400,/home3/gdyx28/Research Project/Research Project/iraq_tells_gis/Models/model_07_nd11_4_slope_tpi_hardneg_yolo/background_mining_pool/images/candidate_0251_r7186_c3400.png,1,0,0,0,0.05656856670975685
candidate_0152_r10167_c4112,10167,4112,/home3/gdyx28/Research Project/Research Project/iraq_tells_gis/Models/model_07_nd11_4_slope_tpi_hardneg_yolo/background_mining_pool/images/candidate_0152_r10167_c4112.png,1,0,0,0,0.05626464635133743
candidate_0373_r5132_c503,5132,503,/home3/gdyx28/Research Project/Research Project/iraq_tells_gis/Models/model_07_nd11_4_slope_tpi_hardneg_yolo/background_mining_pool/images/candidate_0373_r5132_c503.png,2,0,0,0,0.05619509518146515
candidate_0083_r2198_c4201,2198,4201,/home3/gdyx28/Research Project/Research Project/iraq_tells_gis/Models/model_07_nd11_4_slope_tpi_hardneg_yolo/background_mining_pool/images/candidate_0083_r2198_c4201.png,1,0,0,0,0.05617973580956459
candidate_0243_r5061_c259,5061,259,/home3/gdyx28/Research Project/Research Project/iraq_tells_gis/Models/model_07_nd11_4_slope_tpi_hardneg_yolo/background_mining_pool/images/candidate_0243_r5061_c259.png,2,0,0,0,0.056080859154462814
candidate_0351_r459_c5333,459,5333,/home3/gdyx28/Research Project/Research Project/iraq_tells_gis/Models/model_07_nd11_4_slope_tpi_hardneg_yolo/background_mining_pool/images/candidate_0351_r459_c5333.png,1,0,0,0,0.055644914507865906
candidate_0305_r7369_c3813,7369,3813,/home3/gdyx28/Research Project/Research Project/iraq_tells_gis/Models/model_07_nd11_4_slope_tpi_hardneg_yolo/background_mining_pool/images/candidate_0305_r7369_c3813.png,1,0,0,0,0.055430568754673004
candidate_0313_r8093_c734,8093,734,/home3/gdyx28/Research Project/Research Project/iraq_tells_gis/Models/model_07_nd11_4_slope_tpi_hardneg_yolo/background_mining_pool/images/candidate_0313_r8093_c734.png,1,0,0,0,0.05509309843182564
candidate_0175_r4988_c431,4988,431,/home3/gdyx28/Research Project/Research Project/iraq_tells_gis/Models/model_07_nd11_4_slope_tpi_hardneg_yolo/background_mining_pool/images/candidate_0175_r4988_c431.png,2,0,0,0,0.05505937337875366
candidate_0275_r9441_c2929,9441,2929,/home3/gdyx28/Research Project/Research Project/iraq_tells_gis/Models/model_07_nd11_4_slope_tpi_hardneg_yolo/background_mining_pool/images/candidate_0275_r9441_c2929.png,1,0,0,0,0.05495011433959007
candidate_0352_r7262_c3612,7262,3612,/home3/gdyx28/Research Project/Research Project/iraq_tells_gis/Models/model_07_nd11_4_slope_tpi_hardneg_yolo/background_mining_pool/images/candidate_0352_r7262_c3612.png,1,0,0,0,0.05480058491230011
candidate_0244_r6917_c3468,6917,3468,/home3/gdyx28/Research Project/Research Project/iraq_tells_gis/Models/model_07_nd11_4_slope_tpi_hardneg_yolo/background_mining_pool/images/candidate_0244_r6917_c3468.png,1,0,0,0,0.0542050339281559
candidate_0386_r6413_c2834,6413,2834,/home3/gdyx28/Research Project/Research Project/iraq_tells_gis/Models/model_07_nd11_4_slope_tpi_hardneg_yolo/background_mining_pool/images/candidate_0386_r6413_c2834.png,1,0,0,0,0.053998641669750214
candidate_0100_r4069_c472,4069,472,/home3/gdyx28/Research Project/Research Project/iraq_tells_gis/Models/model_07_nd11_4_slope_tpi_hardneg_yolo/background_mining_pool/images/candidate_0100_r4069_c472.png,2,0,0,0,0.05358379706740379
candidate_0197_r4285_c253,4285,253,/home3/gdyx28/Research Project/Research Project/iraq_tells_gis/Models/model_07_nd11_4_slope_tpi_hardneg_yolo/background_mining_pool/images/candidate_0197_r4285_c253.png,1,0,0,0,0.053551383316516876
candidate_0019_r6044_c1608,6044,1608,/home3/gdyx28/Research Project/Research Project/iraq_tells_gis/Models/model_07_nd11_4_slope_tpi_hardneg_yolo/background_mining_pool/images/candidate_0019_r6044_c1608.png,1,0,0,0,0.05334625393152237
candidate_0236_r9833_c5217,9833,5217,/home3/gdyx28/Research Project/Research Project/iraq_tells_gis/Models/model_07_nd11_4_slope_tpi_hardneg_yolo/background_mining_pool/images/candidate_0236_r9833_c5217.png,2,0,0,0,0.05318833887577057
candidate_0398_r4068_c490,4068,490,/home3/gdyx28/Research Project/Research Project/iraq_tells_gis/Models/model_07_nd11_4_slope_tpi_hardneg_yolo/background_mining_pool/images/candidate_0398_r4068_c490.png,1,0,0,0,0.05311617627739906
candidate_0008_r8237_c435,8237,435,/home3/gdyx28/Research Project/Research Project/iraq_tells_gis/Models/model_07_nd11_4_slope_tpi_hardneg_yolo/background_mining_pool/images/candidate_0008_r8237_c435.png,1,0,0,0,0.052911773324012756
candidate_0303_r4155_c256,4155,256,/home3/gdyx28/Research Project/Research Project/iraq_tells_gis/Models/model_07_nd11_4_slope_tpi_hardneg_yolo/background_mining_pool/images/candidate_0303_r4155_c256.png,1,0,0,0,0.05286378040909767
candidate_0086_r10279_c1081,10279,1081,/home3/gdyx28/Research Project/Research Project/iraq_tells_gis/Models/model_07_nd11_4_slope_tpi_hardneg_yolo/background_mining_pool/images/candidate_0086_r10279_c1081.png,1,0,0,0,0.05202549695968628
candidate_0246_r8408_c611,8408,611,/home3/gdyx28/Research Project/Research Project/iraq_tells_gis/Models/model_07_nd11_4_slope_tpi_hardneg_yolo/background_mining_pool/images/candidate_0246_r8408_c611.png,1,0,0,0,0.051859088242053986
candidate_0331_r8471_c741,8471,741,/home3/gdyx28/Research Project/Research Project/iraq_tells_gis/Models/model_07_nd11_4_slope_tpi_hardneg_yolo/background_mining_pool/images/candidate_0331_r8471_c741.png,1,0,0,0,0.051855381578207016
candidate_0054_r5171_c49,5171,49,/home3/gdyx28/Research Project/Research Project/iraq_tells_gis/Models/model_07_nd11_4_slope_tpi_hardneg_yolo/background_mining_pool/images/candidate_0054_r5171_c49.png,1,0,0,0,0.051750946789979935
candidate_0379_r10201_c1050,10201,1050,/home3/gdyx28/Research Project/Research Project/iraq_tells_gis/Models/model_07_nd11_4_slope_tpi_hardneg_yolo/background_mining_pool/images/candidate_0379_r10201_c1050.png,1,0,0,0,0.05148020014166832
candidate_0345_r3709_c39,3709,39,/home3/gdyx28/Research Project/Research Project/iraq_tells_gis/Models/model_07_nd11_4_slope_tpi_hardneg_yolo/background_mining_pool/images/candidate_0345_r3709_c39.png,1,0,0,0,0.05091270059347153
candidate_0367_r9303_c3014,9303,3014,/home3/gdyx28/Research Project/Research Project/iraq_tells_gis/Models/model_07_nd11_4_slope_tpi_hardneg_yolo/background_mining_pool/images/candidate_0367_r9303_c3014.png,1,0,0,0,0.05089496448636055
candidate_0035_r7677_c5447,7677,5447,/home3/gdyx28/Research Project/Research Project/iraq_tells_gis/Models/model_07_nd11_4_slope_tpi_hardneg_yolo/background_mining_pool/images/candidate_0035_r7677_c5447.png,1,0,0,0,0.050455521792173386
candidate_0000_r6852_c4595,6852,4595,/home3/gdyx28/Research Project/Research Project/iraq_tells_gis/Models/model_07_nd11_4_slope_tpi_hardneg_yolo/background_mining_pool/images/candidate_0000_r6852_c4595.png,0,0,0,0,0.0
candidate_0002_r5211_c458,5211,458,/home3/gdyx28/Research Project/Research Project/iraq_tells_gis/Models/model_07_nd11_4_slope_tpi_hardneg_yolo/background_mining_pool/images/candidate_0002_r5211_c458.png,0,0,0,0,0.0
candidate_0009_r7094_c1082,7094,1082,/home3/gdyx28/Research Project/Research Project/iraq_tells_gis/Models/model_07_nd11_4_slope_tpi_hardneg_yolo/background_mining_pool/images/candidate_0009_r7094_c1082.png,0,0,0,0,0.0
candidate_0014_r8646_c1372,8646,1372,/home3/gdyx28/Research Project/Research Project/iraq_tells_gis/Models/model_07_nd11_4_slope_tpi_hardneg_yolo/background_mining_pool/images/candidate_0014_r8646_c1372.png,0,0,0,0,0.0
candidate_0018_r6266_c1733,6266,1733,/home3/gdyx28/Research Project/Research Project/iraq_tells_gis/Models/model_07_nd11_4_slope_tpi_hardneg_yolo/background_mining_pool/images/candidate_0018_r6266_c1733.png,0,0,0,0,0.0
candidate_0020_r4770_c1209,4770,1209,/home3/gdyx28/Research Project/Research Project/iraq_tells_gis/Models/model_07_nd11_4_slope_tpi_hardneg_yolo/background_mining_pool/images/candidate_0020_r4770_c1209.png,0,0,0,0,0.0
candidate_0021_r8699_c558,8699,558,/home3/gdyx28/Research Project/Research Project/iraq_tells_gis/Models/model_07_nd11_4_slope_tpi_hardneg_yolo/background_mining_pool/images/candidate_0021_r8699_c558.png,0,0,0,0,0.0
candidate_0024_r6080_c884,6080,884,/home3/gdyx28/Research Project/Research Project/iraq_tells_gis/Models/model_07_nd11_4_slope_tpi_hardneg_yolo/background_mining_pool/images/candidate_0024_r6080_c884.png,0,0,0,0,0.0
candidate_0025_r8846_c1253,8846,1253,/home3/gdyx28/Research Project/Research Project/iraq_tells_gis/Models/model_07_nd11_4_slope_tpi_hardneg_yolo/background_mining_pool/images/candidate_0025_r8846_c1253.png,0,0,0,0,0.0
candidate_0026_r6642_c2832,6642,2832,/home3/gdyx28/Research Project/Research Project/iraq_tells_gis/Models/model_07_nd11_4_slope_tpi_hardneg_yolo/background_mining_pool/images/candidate_0026_r6642_c2832.png,0,0,0,0,0.0
candidate_0034_r10068_c5368,10068,5368,/home3/gdyx28/Research Project/Research Project/iraq_tells_gis/Models/model_07_nd11_4_slope_tpi_hardneg_yolo/background_mining_pool/images/candidate_0034_r10068_c5368.png,0,0,0,0,0.0
candidate_0039_r6998_c1253,6998,1253,/home3/gdyx28/Research Project/Research Project/iraq_tells_gis/Models/model_07_nd11_4_slope_tpi_hardneg_yolo/background_mining_pool/images/candidate_0039_r6998_c1253.png,0,0,0,0,0.0
candidate_0040_r7920_c5498,7920,5498,/home3/gdyx28/Research Project/Research Project/iraq_tells_gis/Models/model_07_nd11_4_slope_tpi_hardneg_yolo/background_mining_pool/images/candidate_0040_r7920_c5498.png,0,0,0,0,0.0
candidate_0041_r4886_c1714,4886,1714,/home3/gdyx28/Research Project/Research Project/iraq_tells_gis/Models/model_07_nd11_4_slope_tpi_hardneg_yolo/background_mining_pool/images/candidate_0041_r4886_c1714.png,0,0,0,0,0.0
candidate_0043_r6426_c608,6426,608,/home3/gdyx28/Research Project/Research Project/iraq_tells_gis/Models/model_07_nd11_4_slope_tpi_hardneg_yolo/background_mining_pool/images/candidate_0043_r6426_c608.png,0,0,0,0,0.0
candidate_0044_r3872_c5285,3872,5285,/home3/gdyx28/Research Project/Research Project/iraq_tells_gis/Models/model_07_nd11_4_slope_tpi_hardneg_yolo/background_mining_pool/images/candidate_0044_r3872_c5285.png,0,0,0,0,0.0
candidate_0049_r8919_c1168,8919,1168,/home3/gdyx28/Research Project/Research Project/iraq_tells_gis/Models/model_07_nd11_4_slope_tpi_hardneg_yolo/background_mining_pool/images/candidate_0049_r8919_c1168.png,0,0,0,0,0.0
candidate_0051_r5052_c508,5052,508,/home3/gdyx28/Research Project/Research Project/iraq_tells_gis/Models/model_07_nd11_4_slope_tpi_hardneg_yolo/background_mining_pool/images/candidate_0051_r5052_c508.png,0,0,0,0,0.0
candidate_0055_r4792_c1704,4792,1704,/home3/gdyx28/Research Project/Research Project/iraq_tells_gis/Models/model_07_nd11_4_slope_tpi_hardneg_yolo/background_mining_pool/images/candidate_0055_r4792_c1704.png,0,0,0,0,0.0
candidate_0058_r3752_c5447,3752,5447,/home3/gdyx28/Research Project/Research Project/iraq_tells_gis/Models/model_07_nd11_4_slope_tpi_hardneg_yolo/background_mining_pool/images/candidate_0058_r3752_c5447.png,0,0,0,0,0.0
candidate_0060_r4907_c1564,4907,1564,/home3/gdyx28/Research Project/Research Project/iraq_tells_gis/Models/model_07_nd11_4_slope_tpi_hardneg_yolo/background_mining_pool/images/candidate_0060_r4907_c1564.png,0,0,0,0,0.0
candidate_0065_r10164_c4193,10164,4193,/home3/gdyx28/Research Project/Research Project/iraq_tells_gis/Models/model_07_nd11_4_slope_tpi_hardneg_yolo/background_mining_pool/images/candidate_0065_r10164_c4193.png,0,0,0,0,0.0
candidate_0066_r8785_c1600,8785,1600,/home3/gdyx28/Research Project/Research Project/iraq_tells_gis/Models/model_07_nd11_4_slope_tpi_hardneg_yolo/background_mining_pool/images/candidate_0066_r8785_c1600.png,0,0,0,0,0.0
candidate_0068_r6110_c421,6110,421,/home3/gdyx28/Research Project/Research Project/iraq_tells_gis/Models/model_07_nd11_4_slope_tpi_hardneg_yolo/background_mining_pool/images/candidate_0068_r6110_c421.png,0,0,0,0,0.0
candidate_0069_r6635_c3029,6635,3029,/home3/gdyx28/Research Project/Research Project/iraq_tells_gis/Models/model_07_nd11_4_slope_tpi_hardneg_yolo/background_mining_pool/images/candidate_0069_r6635_c3029.png,0,0,0,0,0.0
candidate_0070_r5977_c1755,5977,1755,/home3/gdyx28/Research Project/Research Project/iraq_tells_gis/Models/model_07_nd11_4_slope_tpi_hardneg_yolo/background_mining_pool/images/candidate_0070_r5977_c1755.png,0,0,0,0,0.0
candidate_0072_r6026_c1846,6026,1846,/home3/gdyx28/Research Project/Research Project/iraq_tells_gis/Models/model_07_nd11_4_slope_tpi_hardneg_yolo/background_mining_pool/images/candidate_0072_r6026_c1846.png,0,0,0,0,0.0
candidate_0073_r332_c5407,332,5407,/home3/gdyx28/Research Project/Research Project/iraq_tells_gis/Models/model_07_nd11_4_slope_tpi_hardneg_yolo/background_mining_pool/images/candidate_0073_r332_c5407.png,0,0,0,0,0.0
candidate_0076_r6547_c2181,6547,2181,/home3/gdyx28/Research Project/Research Project/iraq_tells_gis/Models/model_07_nd11_4_slope_tpi_hardneg_yolo/background_mining_pool/images/candidate_0076_r6547_c2181.png,0,0,0,0,0.0
candidate_0077_r10069_c1245,10069,1245,/home3/gdyx28/Research Project/Research Project/iraq_tells_gis/Models/model_07_nd11_4_slope_tpi_hardneg_yolo/background_mining_pool/images/candidate_0077_r10069_c1245.png,0,0,0,0,0.0
candidate_0079_r4859_c278,4859,278,/home3/gdyx28/Research Project/Research Project/iraq_tells_gis/Models/model_07_nd11_4_slope_tpi_hardneg_yolo/background_mining_pool/images/candidate_0079_r4859_c278.png,0,0,0,0,0.0
candidate_0082_r7244_c5508,7244,5508,/home3/gdyx28/Research Project/Research Project/iraq_tells_gis/Models/model_07_nd11_4_slope_tpi_hardneg_yolo/background_mining_pool/images/candidate_0082_r7244_c5508.png,0,0,0,0,0.0
candidate_0084_r3413_c5221,3413,5221,/home3/gdyx28/Research Project/Research Project/iraq_tells_gis/Models/model_07_nd11_4_slope_tpi_hardneg_yolo/background_mining_pool/images/candidate_0084_r3413_c5221.png,0,0,0,0,0.0
candidate_0088_r10139_c4074,10139,4074,/home3/gdyx28/Research Project/Research Project/iraq_tells_gis/Models/model_07_nd11_4_slope_tpi_hardneg_yolo/background_mining_pool/images/candidate_0088_r10139_c4074.png,0,0,0,0,0.0
candidate_0090_r10388_c550,10388,550,/home3/gdyx28/Research Project/Research Project/iraq_tells_gis/Models/model_07_nd11_4_slope_tpi_hardneg_yolo/background_mining_pool/images/candidate_0090_r10388_c550.png,0,0,0,0,0.0
candidate_0091_r10248_c48,10248,48,/home3/gdyx28/Research Project/Research Project/iraq_tells_gis/Models/model_07_nd11_4_slope_tpi_hardneg_yolo/background_mining_pool/images/candidate_0091_r10248_c48.png,0,0,0,0,0.0
candidate_0093_r6067_c3921,6067,3921,/home3/gdyx28/Research Project/Research Project/iraq_tells_gis/Models/model_07_nd11_4_slope_tpi_hardneg_yolo/background_mining_pool/images/candidate_0093_r6067_c3921.png,0,0,0,0,0.0
candidate_0094_r6069_c1710,6069,1710,/home3/gdyx28/Research Project/Research Project/iraq_tells_gis/Models/model_07_nd11_4_slope_tpi_hardneg_yolo/background_mining_pool/images/candidate_0094_r6069_c1710.png,0,0,0,0,0.0
candidate_0095_r10061_c5468,10061,5468,/home3/gdyx28/Research Project/Research Project/iraq_tells_gis/Models/model_07_nd11_4_slope_tpi_hardneg_yolo/background_mining_pool/images/candidate_0095_r10061_c5468.png,0,0,0,0,0.0
candidate_0097_r6011_c1973,6011,1973,/home3/gdyx28/Research Project/Research Project/iraq_tells_gis/Models/model_07_nd11_4_slope_tpi_hardneg_yolo/background_mining_pool/images/candidate_0097_r6011_c1973.png,0,0,0,0,0.0
candidate_0103_r9007_c2155,9007,2155,/home3/gdyx28/Research Project/Research Project/iraq_tells_gis/Models/model_07_nd11_4_slope_tpi_hardneg_yolo/background_mining_pool/images/candidate_0103_r9007_c2155.png,0,0,0,0,0.0
candidate_0104_r329_c5321,329,5321,/home3/gdyx28/Research Project/Research Project/iraq_tells_gis/Models/model_07_nd11_4_slope_tpi_hardneg_yolo/background_mining_pool/images/candidate_0104_r329_c5321.png,0,0,0,0,0.0
candidate_0105_r10189_c699,10189,699,/home3/gdyx28/Research Project/Research Project/iraq_tells_gis/Models/model_07_nd11_4_slope_tpi_hardneg_yolo/background_mining_pool/images/candidate_0105_r10189_c699.png,0,0,0,0,0.0
candidate_0106_r6398_c532,6398,532,/home3/gdyx28/Research Project/Research Project/iraq_tells_gis/Models/model_07_nd11_4_slope_tpi_hardneg_yolo/background_mining_pool/images/candidate_0106_r6398_c532.png,0,0,0,0,0.0
candidate_0108_r3866_c5295,3866,5295,/home3/gdyx28/Research Project/Research Project/iraq_tells_gis/Models/model_07_nd11_4_slope_tpi_hardneg_yolo/background_mining_pool/images/candidate_0108_r3866_c5295.png,0,0,0,0,0.0
candidate_0109_r8398_c1543,8398,1543,/home3/gdyx28/Research Project/Research Project/iraq_tells_gis/Models/model_07_nd11_4_slope_tpi_hardneg_yolo/background_mining_pool/images/candidate_0109_r8398_c1543.png,0,0,0,0,0.0
candidate_0110_r3820_c5213,3820,5213,/home3/gdyx28/Research Project/Research Project/iraq_tells_gis/Models/model_07_nd11_4_slope_tpi_hardneg_yolo/background_mining_pool/images/candidate_0110_r3820_c5213.png,0,0,0,0,0.0
candidate_0114_r10149_c1023,10149,1023,/home3/gdyx28/Research Project/Research Project/iraq_tells_gis/Models/model_07_nd11_4_slope_tpi_hardneg_yolo/background_mining_pool/images/candidate_0114_r10149_c1023.png,0,0,0,0,0.0
candidate_0115_r6662_c2785,6662,2785,/home3/gdyx28/Research Project/Research Project/iraq_tells_gis/Models/model_07_nd11_4_slope_tpi_hardneg_yolo/background_mining_pool/images/candidate_0115_r6662_c2785.png,0,0,0,0,0.0
candidate_0121_r4267_c284,4267,284,/home3/gdyx28/Research Project/Research Project/iraq_tells_gis/Models/model_07_nd11_4_slope_tpi_hardneg_yolo/background_mining_pool/images/candidate_0121_r4267_c284.png,0,0,0,0,0.0
candidate_0125_r3505_c5167,3505,5167,/home3/gdyx28/Research Project/Research Project/iraq_tells_gis/Models/model_07_nd11_4_slope_tpi_hardneg_yolo/background_mining_pool/images/candidate_0125_r3505_c5167.png,0,0,0,0,0.0
candidate_0126_r6165_c1894,6165,1894,/home3/gdyx28/Research Project/Research Project/iraq_tells_gis/Models/model_07_nd11_4_slope_tpi_hardneg_yolo/background_mining_pool/images/candidate_0126_r6165_c1894.png,0,0,0,0,0.0
candidate_0128_r6764_c4522,6764,4522,/home3/gdyx28/Research Project/Research Project/iraq_tells_gis/Models/model_07_nd11_4_slope_tpi_hardneg_yolo/background_mining_pool/images/candidate_0128_r6764_c4522.png,0,0,0,0,0.0
candidate_0130_r9887_c5237,9887,5237,/home3/gdyx28/Research Project/Research Project/iraq_tells_gis/Models/model_07_nd11_4_slope_tpi_hardneg_yolo/background_mining_pool/images/candidate_0130_r9887_c5237.png,0,0,0,0,0.0
candidate_0134_r7682_c481,7682,481,/home3/gdyx28/Research Project/Research Project/iraq_tells_gis/Models/model_07_nd11_4_slope_tpi_hardneg_yolo/background_mining_pool/images/candidate_0134_r7682_c481.png,0,0,0,0,0.0
candidate_0137_r8263_c818,8263,818,/home3/gdyx28/Research Project/Research Project/iraq_tells_gis/Models/model_07_nd11_4_slope_tpi_hardneg_yolo/background_mining_pool/images/candidate_0137_r8263_c818.png,0,0,0,0,0.0
candidate_0139_r7566_c5338,7566,5338,/home3/gdyx28/Research Project/Research Project/iraq_tells_gis/Models/model_07_nd11_4_slope_tpi_hardneg_yolo/background_mining_pool/images/candidate_0139_r7566_c5338.png,0,0,0,0,0.0
candidate_0140_r7655_c5445,7655,5445,/home3/gdyx28/Research Project/Research Project/iraq_tells_gis/Models/model_07_nd11_4_slope_tpi_hardneg_yolo/background_mining_pool/images/candidate_0140_r7655_c5445.png,0,0,0,0,0.0
candidate_0153_r7751_c5261,7751,5261,/home3/gdyx28/Research Project/Research Project/iraq_tells_gis/Models/model_07_nd11_4_slope_tpi_hardneg_yolo/background_mining_pool/images/candidate_0153_r7751_c5261.png,0,0,0,0,0.0
candidate_0154_r9841_c1206,9841,1206,/home3/gdyx28/Research Project/Research Project/iraq_tells_gis/Models/model_07_nd11_4_slope_tpi_hardneg_yolo/background_mining_pool/images/candidate_0154_r9841_c1206.png,0,0,0,0,0.0
candidate_0155_r4930_c1636,4930,1636,/home3/gdyx28/Research Project/Research Project/iraq_tells_gis/Models/model_07_nd11_4_slope_tpi_hardneg_yolo/background_mining_pool/images/candidate_0155_r4930_c1636.png,0,0,0,0,0.0
candidate_0156_r6411_c703,6411,703,/home3/gdyx28/Research Project/Research Project/iraq_tells_gis/Models/model_07_nd11_4_slope_tpi_hardneg_yolo/background_mining_pool/images/candidate_0156_r6411_c703.png,0,0,0,0,0.0
candidate_0157_r5110_c1428,5110,1428,/home3/gdyx28/Research Project/Research Project/iraq_tells_gis/Models/model_07_nd11_4_slope_tpi_hardneg_yolo/background_mining_pool/images/candidate_0157_r5110_c1428.png,0,0,0,0,0.0
candidate_0161_r8821_c341,8821,341,/home3/gdyx28/Research Project/Research Project/iraq_tells_gis/Models/model_07_nd11_4_slope_tpi_hardneg_yolo/background_mining_pool/images/candidate_0161_r8821_c341.png,0,0,0,0,0.0
candidate_0163_r6840_c723,6840,723,/home3/gdyx28/Research Project/Research Project/iraq_tells_gis/Models/model_07_nd11_4_slope_tpi_hardneg_yolo/background_mining_pool/images/candidate_0163_r6840_c723.png,0,0,0,0,0.0
candidate_0165_r3662_c5460,3662,5460,/home3/gdyx28/Research Project/Research Project/iraq_tells_gis/Models/model_07_nd11_4_slope_tpi_hardneg_yolo/background_mining_pool/images/candidate_0165_r3662_c5460.png,0,0,0,0,0.0
candidate_0167_r5218_c1679,5218,1679,/home3/gdyx28/Research Project/Research Project/iraq_tells_gis/Models/model_07_nd11_4_slope_tpi_hardneg_yolo/background_mining_pool/images/candidate_0167_r5218_c1679.png,0,0,0,0,0.0
candidate_0168_r3873_c5442,3873,5442,/home3/gdyx28/Research Project/Research Project/iraq_tells_gis/Models/model_07_nd11_4_slope_tpi_hardneg_yolo/background_mining_pool/images/candidate_0168_r3873_c5442.png,0,0,0,0,0.0
candidate_0169_r8194_c1497,8194,1497,/home3/gdyx28/Research Project/Research Project/iraq_tells_gis/Models/model_07_nd11_4_slope_tpi_hardneg_yolo/background_mining_pool/images/candidate_0169_r8194_c1497.png,0,0,0,0,0.0
candidate_0171_r8847_c558,8847,558,/home3/gdyx28/Research Project/Research Project/iraq_tells_gis/Models/model_07_nd11_4_slope_tpi_hardneg_yolo/background_mining_pool/images/candidate_0171_r8847_c558.png,0,0,0,0,0.0
candidate_0174_r10390_c262,10390,262,/home3/gdyx28/Research Project/Research Project/iraq_tells_gis/Models/model_07_nd11_4_slope_tpi_hardneg_yolo/background_mining_pool/images/candidate_0174_r10390_c262.png,0,0,0,0,0.0
candidate_0177_r3986_c272,3986,272,/home3/gdyx28/Research Project/Research Project/iraq_tells_gis/Models/model_07_nd11_4_slope_tpi_hardneg_yolo/background_mining_pool/images/candidate_0177_r3986_c272.png,0,0,0,0,0.0
candidate_0178_r3693_c40,3693,40,/home3/gdyx28/Research Project/Research Project/iraq_tells_gis/Models/model_07_nd11_4_slope_tpi_hardneg_yolo/background_mining_pool/images/candidate_0178_r3693_c40.png,0,0,0,0,0.0
candidate_0184_r6963_c2987,6963,2987,/home3/gdyx28/Research Project/Research Project/iraq_tells_gis/Models/model_07_nd11_4_slope_tpi_hardneg_yolo/background_mining_pool/images/candidate_0184_r6963_c2987.png,0,0,0,0,0.0
candidate_0185_r8660_c1460,8660,1460,/home3/gdyx28/Research Project/Research Project/iraq_tells_gis/Models/model_07_nd11_4_slope_tpi_hardneg_yolo/background_mining_pool/images/candidate_0185_r8660_c1460.png,0,0,0,0,0.0
candidate_0189_r10364_c344,10364,344,/home3/gdyx28/Research Project/Research Project/iraq_tells_gis/Models/model_07_nd11_4_slope_tpi_hardneg_yolo/background_mining_pool/images/candidate_0189_r10364_c344.png,0,0,0,0,0.0
candidate_0191_r6373_c641,6373,641,/home3/gdyx28/Research Project/Research Project/iraq_tells_gis/Models/model_07_nd11_4_slope_tpi_hardneg_yolo/background_mining_pool/images/candidate_0191_r6373_c641.png,0,0,0,0,0.0
candidate_0192_r4381_c418,4381,418,/home3/gdyx28/Research Project/Research Project/iraq_tells_gis/Models/model_07_nd11_4_slope_tpi_hardneg_yolo/background_mining_pool/images/candidate_0192_r4381_c418.png,0,0,0,0,0.0
candidate_0193_r4649_c296,4649,296,/home3/gdyx28/Research Project/Research Project/iraq_tells_gis/Models/model_07_nd11_4_slope_tpi_hardneg_yolo/background_mining_pool/images/candidate_0193_r4649_c296.png,0,0,0,0,0.0
candidate_0194_r6382_c566,6382,566,/home3/gdyx28/Research Project/Research Project/iraq_tells_gis/Models/model_07_nd11_4_slope_tpi_hardneg_yolo/background_mining_pool/images/candidate_0194_r6382_c566.png,0,0,0,0,0.0
candidate_0195_r6149_c672,6149,672,/home3/gdyx28/Research Project/Research Project/iraq_tells_gis/Models/model_07_nd11_4_slope_tpi_hardneg_yolo/background_mining_pool/images/candidate_0195_r6149_c672.png,0,0,0,0,0.0
candidate_0196_r8740_c1296,8740,1296,/home3/gdyx28/Research Project/Research Project/iraq_tells_gis/Models/model_07_nd11_4_slope_tpi_hardneg_yolo/background_mining_pool/images/candidate_0196_r8740_c1296.png,0,0,0,0,0.0
candidate_0198_r6207_c603,6207,603,/home3/gdyx28/Research Project/Research Project/iraq_tells_gis/Models/model_07_nd11_4_slope_tpi_hardneg_yolo/background_mining_pool/images/candidate_0198_r6207_c603.png,0,0,0,0,0.0
candidate_0199_r6321_c628,6321,628,/home3/gdyx28/Research Project/Research Project/iraq_tells_gis/Models/model_07_nd11_4_slope_tpi_hardneg_yolo/background_mining_pool/images/candidate_0199_r6321_c628.png,0,0,0,0,0.0
candidate_0201_r7792_c4379,7792,4379,/home3/gdyx28/Research Project/Research Project/iraq_tells_gis/Models/model_07_nd11_4_slope_tpi_hardneg_yolo/background_mining_pool/images/candidate_0201_r7792_c4379.png,0,0,0,0,0.0
candidate_0204_r5207_c635,5207,635,/home3/gdyx28/Research Project/Research Project/iraq_tells_gis/Models/model_07_nd11_4_slope_tpi_hardneg_yolo/background_mining_pool/images/candidate_0204_r5207_c635.png,0,0,0,0,0.0
candidate_0207_r6230_c1811,6230,1811,/home3/gdyx28/Research Project/Research Project/iraq_tells_gis/Models/model_07_nd11_4_slope_tpi_hardneg_yolo/background_mining_pool/images/candidate_0207_r6230_c1811.png,0,0,0,0,0.0
candidate_0208_r3524_c8,3524,8,/home3/gdyx28/Research Project/Research Project/iraq_tells_gis/Models/model_07_nd11_4_slope_tpi_hardneg_yolo/background_mining_pool/images/candidate_0208_r3524_c8.png,0,0,0,0,0.0
candidate_0209_r8450_c1296,8450,1296,/home3/gdyx28/Research Project/Research Project/iraq_tells_gis/Models/model_07_nd11_4_slope_tpi_hardneg_yolo/background_mining_pool/images/candidate_0209_r8450_c1296.png,0,0,0,0,0.0
candidate_0210_r7305_c45,7305,45,/home3/gdyx28/Research Project/Research Project/iraq_tells_gis/Models/model_07_nd11_4_slope_tpi_hardneg_yolo/background_mining_pool/images/candidate_0210_r7305_c45.png,0,0,0,0,0.0
candidate_0215_r7051_c1533,7051,1533,/home3/gdyx28/Research Project/Research Project/iraq_tells_gis/Models/model_07_nd11_4_slope_tpi_hardneg_yolo/background_mining_pool/images/candidate_0215_r7051_c1533.png,0,0,0,0,0.0
candidate_0220_r5082_c669,5082,669,/home3/gdyx28/Research Project/Research Project/iraq_tells_gis/Models/model_07_nd11_4_slope_tpi_hardneg_yolo/background_mining_pool/images/candidate_0220_r5082_c669.png,0,0,0,0,0.0
candidate_0224_r3808_c5311,3808,5311,/home3/gdyx28/Research Project/Research Project/iraq_tells_gis/Models/model_07_nd11_4_slope_tpi_hardneg_yolo/background_mining_pool/images/candidate_0224_r3808_c5311.png,0,0,0,0,0.0
candidate_0226_r3693_c5535,3693,5535,/home3/gdyx28/Research Project/Research Project/iraq_tells_gis/Models/model_07_nd11_4_slope_tpi_hardneg_yolo/background_mining_pool/images/candidate_0226_r3693_c5535.png,0,0,0,0,0.0
candidate_0227_r7093_c904,7093,904,/home3/gdyx28/Research Project/Research Project/iraq_tells_gis/Models/model_07_nd11_4_slope_tpi_hardneg_yolo/background_mining_pool/images/candidate_0227_r7093_c904.png,0,0,0,0,0.0
candidate_0231_r10392_c25,10392,25,/home3/gdyx28/Research Project/Research Project/iraq_tells_gis/Models/model_07_nd11_4_slope_tpi_hardneg_yolo/background_mining_pool/images/candidate_0231_r10392_c25.png,0,0,0,0,0.0
candidate_0235_r10247_c172,10247,172,/home3/gdyx28/Research Project/Research Project/iraq_tells_gis/Models/model_07_nd11_4_slope_tpi_hardneg_yolo/background_mining_pool/images/candidate_0235_r10247_c172.png,0,0,0,0,0.0
candidate_0238_r10388_c4088,10388,4088,/home3/gdyx28/Research Project/Research Project/iraq_tells_gis/Models/model_07_nd11_4_slope_tpi_hardneg_yolo/background_mining_pool/images/candidate_0238_r10388_c4088.png,0,0,0,0,0.0
candidate_0245_r7793_c5356,7793,5356,/home3/gdyx28/Research Project/Research Project/iraq_tells_gis/Models/model_07_nd11_4_slope_tpi_hardneg_yolo/background_mining_pool/images/candidate_0245_r7793_c5356.png,0,0,0,0,0.0
candidate_0247_r8726_c5366,8726,5366,/home3/gdyx28/Research Project/Research Project/iraq_tells_gis/Models/model_07_nd11_4_slope_tpi_hardneg_yolo/background_mining_pool/images/candidate_0247_r8726_c5366.png,0,0,0,0,0.0
candidate_0248_r3720_c5144,3720,5144,/home3/gdyx28/Research Project/Research Project/iraq_tells_gis/Models/model_07_nd11_4_slope_tpi_hardneg_yolo/background_mining_pool/images/candidate_0248_r3720_c5144.png,0,0,0,0,0.0
candidate_0249_r6917_c889,6917,889,/home3/gdyx28/Research Project/Research Project/iraq_tells_gis/Models/model_07_nd11_4_slope_tpi_hardneg_yolo/background_mining_pool/images/candidate_0249_r6917_c889.png,0,0,0,0,0.0
candidate_0250_r3731_c5495,3731,5495,/home3/gdyx28/Research Project/Research Project/iraq_tells_gis/Models/model_07_nd11_4_slope_tpi_hardneg_yolo/background_mining_pool/images/candidate_0250_r3731_c5495.png,0,0,0,0,0.0
candidate_0252_r8652_c1607,8652,1607,/home3/gdyx28/Research Project/Research Project/iraq_tells_gis/Models/model_07_nd11_4_slope_tpi_hardneg_yolo/background_mining_pool/images/candidate_0252_r8652_c1607.png,0,0,0,0,0.0
candidate_0253_r8799_c1440,8799,1440,/home3/gdyx28/Research Project/Research Project/iraq_tells_gis/Models/model_07_nd11_4_slope_tpi_hardneg_yolo/background_mining_pool/images/candidate_0253_r8799_c1440.png,0,0,0,0,0.0
candidate_0256_r8550_c1255,8550,1255,/home3/gdyx28/Research Project/Research Project/iraq_tells_gis/Models/model_07_nd11_4_slope_tpi_hardneg_yolo/background_mining_pool/images/candidate_0256_r8550_c1255.png,0,0,0,0,0.0
candidate_0257_r7455_c5478,7455,5478,/home3/gdyx28/Research Project/Research Project/iraq_tells_gis/Models/model_07_nd11_4_slope_tpi_hardneg_yolo/background_mining_pool/images/candidate_0257_r7455_c5478.png,0,0,0,0,0.0
candidate_0259_r6989_c1109,6989,1109,/home3/gdyx28/Research Project/Research Project/iraq_tells_gis/Models/model_07_nd11_4_slope_tpi_hardneg_yolo/background_mining_pool/images/candidate_0259_r6989_c1109.png,0,0,0,0,0.0
candidate_0260_r5998_c1518,5998,1518,/home3/gdyx28/Research Project/Research Project/iraq_tells_gis/Models/model_07_nd11_4_slope_tpi_hardneg_yolo/background_mining_pool/images/candidate_0260_r5998_c1518.png,0,0,0,0,0.0
candidate_0261_r6550_c2118,6550,2118,/home3/gdyx28/Research Project/Research Project/iraq_tells_gis/Models/model_07_nd11_4_slope_tpi_hardneg_yolo/background_mining_pool/images/candidate_0261_r6550_c2118.png,0,0,0,0,0.0
candidate_0262_r9521_c573,9521,573,/home3/gdyx28/Research Project/Research Project/iraq_tells_gis/Models/model_07_nd11_4_slope_tpi_hardneg_yolo/background_mining_pool/images/candidate_0262_r9521_c573.png,0,0,0,0,0.0
candidate_0264_r6999_c997,6999,997,/home3/gdyx28/Research Project/Research Project/iraq_tells_gis/Models/model_07_nd11_4_slope_tpi_hardneg_yolo/background_mining_pool/images/candidate_0264_r6999_c997.png,0,0,0,0,0.0
candidate_0267_r10086_c918,10086,918,/home3/gdyx28/Research Project/Research Project/iraq_tells_gis/Models/model_07_nd11_4_slope_tpi_hardneg_yolo/background_mining_pool/images/candidate_0267_r10086_c918.png,0,0,0,0,0.0
candidate_0268_r8500_c1298,8500,1298,/home3/gdyx28/Research Project/Research Project/iraq_tells_gis/Models/model_07_nd11_4_slope_tpi_hardneg_yolo/background_mining_pool/images/candidate_0268_r8500_c1298.png,0,0,0,0,0.0
candidate_0270_r7070_c999,7070,999,/home3/gdyx28/Research Project/Research Project/iraq_tells_gis/Models/model_07_nd11_4_slope_tpi_hardneg_yolo/background_mining_pool/images/candidate_0270_r7070_c999.png,0,0,0,0,0.0
candidate_0271_r428_c5432,428,5432,/home3/gdyx28/Research Project/Research Project/iraq_tells_gis/Models/model_07_nd11_4_slope_tpi_hardneg_yolo/background_mining_pool/images/candidate_0271_r428_c5432.png,0,0,0,0,0.0
candidate_0274_r10354_c4231,10354,4231,/home3/gdyx28/Research Project/Research Project/iraq_tells_gis/Models/model_07_nd11_4_slope_tpi_hardneg_yolo/background_mining_pool/images/candidate_0274_r10354_c4231.png,0,0,0,0,0.0
candidate_0276_r9737_c1230,9737,1230,/home3/gdyx28/Research Project/Research Project/iraq_tells_gis/Models/model_07_nd11_4_slope_tpi_hardneg_yolo/background_mining_pool/images/candidate_0276_r9737_c1230.png,0,0,0,0,0.0
candidate_0279_r7076_c739,7076,739,/home3/gdyx28/Research Project/Research Project/iraq_tells_gis/Models/model_07_nd11_4_slope_tpi_hardneg_yolo/background_mining_pool/images/candidate_0279_r7076_c739.png,0,0,0,0,0.0
candidate_0281_r7396_c5359,7396,5359,/home3/gdyx28/Research Project/Research Project/iraq_tells_gis/Models/model_07_nd11_4_slope_tpi_hardneg_yolo/background_mining_pool/images/candidate_0281_r7396_c5359.png,0,0,0,0,0.0
candidate_0282_r10128_c76,10128,76,/home3/gdyx28/Research Project/Research Project/iraq_tells_gis/Models/model_07_nd11_4_slope_tpi_hardneg_yolo/background_mining_pool/images/candidate_0282_r10128_c76.png,0,0,0,0,0.0
candidate_0285_r7106_c736,7106,736,/home3/gdyx28/Research Project/Research Project/iraq_tells_gis/Models/model_07_nd11_4_slope_tpi_hardneg_yolo/background_mining_pool/images/candidate_0285_r7106_c736.png,0,0,0,0,0.0
candidate_0286_r7620_c5440,7620,5440,/home3/gdyx28/Research Project/Research Project/iraq_tells_gis/Models/model_07_nd11_4_slope_tpi_hardneg_yolo/background_mining_pool/images/candidate_0286_r7620_c5440.png,0,0,0,0,0.0
candidate_0288_r6136_c543,6136,543,/home3/gdyx28/Research Project/Research Project/iraq_tells_gis/Models/model_07_nd11_4_slope_tpi_hardneg_yolo/background_mining_pool/images/candidate_0288_r6136_c543.png,0,0,0,0,0.0
candidate_0289_r4597_c1535,4597,1535,/home3/gdyx28/Research Project/Research Project/iraq_tells_gis/Models/model_07_nd11_4_slope_tpi_hardneg_yolo/background_mining_pool/images/candidate_0289_r4597_c1535.png,0,0,0,0,0.0
candidate_0294_r5956_c1446,5956,1446,/home3/gdyx28/Research Project/Research Project/iraq_tells_gis/Models/model_07_nd11_4_slope_tpi_hardneg_yolo/background_mining_pool/images/candidate_0294_r5956_c1446.png,0,0,0,0,0.0
candidate_0295_r9056_c1584,9056,1584,/home3/gdyx28/Research Project/Research Project/iraq_tells_gis/Models/model_07_nd11_4_slope_tpi_hardneg_yolo/background_mining_pool/images/candidate_0295_r9056_c1584.png,0,0,0,0,0.0
candidate_0299_r4668_c197,4668,197,/home3/gdyx28/Research Project/Research Project/iraq_tells_gis/Models/model_07_nd11_4_slope_tpi_hardneg_yolo/background_mining_pool/images/candidate_0299_r4668_c197.png,0,0,0,0,0.0
candidate_0300_r10202_c1277,10202,1277,/home3/gdyx28/Research Project/Research Project/iraq_tells_gis/Models/model_07_nd11_4_slope_tpi_hardneg_yolo/background_mining_pool/images/candidate_0300_r10202_c1277.png,0,0,0,0,0.0
candidate_0301_r6764_c4515,6764,4515,/home3/gdyx28/Research Project/Research Project/iraq_tells_gis/Models/model_07_nd11_4_slope_tpi_hardneg_yolo/background_mining_pool/images/candidate_0301_r6764_c4515.png,0,0,0,0,0.0
candidate_0307_r6179_c788,6179,788,/home3/gdyx28/Research Project/Research Project/iraq_tells_gis/Models/model_07_nd11_4_slope_tpi_hardneg_yolo/background_mining_pool/images/candidate_0307_r6179_c788.png,0,0,0,0,0.0
candidate_0310_r7098_c1489,7098,1489,/home3/gdyx28/Research Project/Research Project/iraq_tells_gis/Models/model_07_nd11_4_slope_tpi_hardneg_yolo/background_mining_pool/images/candidate_0310_r7098_c1489.png,0,0,0,0,0.0
candidate_0316_r8257_c785,8257,785,/home3/gdyx28/Research Project/Research Project/iraq_tells_gis/Models/model_07_nd11_4_slope_tpi_hardneg_yolo/background_mining_pool/images/candidate_0316_r8257_c785.png,0,0,0,0,0.0
candidate_0317_r8536_c176,8536,176,/home3/gdyx28/Research Project/Research Project/iraq_tells_gis/Models/model_07_nd11_4_slope_tpi_hardneg_yolo/background_mining_pool/images/candidate_0317_r8536_c176.png,0,0,0,0,0.0
candidate_0320_r8569_c1287,8569,1287,/home3/gdyx28/Research Project/Research Project/iraq_tells_gis/Models/model_07_nd11_4_slope_tpi_hardneg_yolo/background_mining_pool/images/candidate_0320_r8569_c1287.png,0,0,0,0,0.0
candidate_0323_r7415_c5437,7415,5437,/home3/gdyx28/Research Project/Research Project/iraq_tells_gis/Models/model_07_nd11_4_slope_tpi_hardneg_yolo/background_mining_pool/images/candidate_0323_r7415_c5437.png,0,0,0,0,0.0
candidate_0324_r6262_c1567,6262,1567,/home3/gdyx28/Research Project/Research Project/iraq_tells_gis/Models/model_07_nd11_4_slope_tpi_hardneg_yolo/background_mining_pool/images/candidate_0324_r6262_c1567.png,0,0,0,0,0.0
candidate_0326_r7454_c5223,7454,5223,/home3/gdyx28/Research Project/Research Project/iraq_tells_gis/Models/model_07_nd11_4_slope_tpi_hardneg_yolo/background_mining_pool/images/candidate_0326_r7454_c5223.png,0,0,0,0,0.0
candidate_0328_r10363_c4080,10363,4080,/home3/gdyx28/Research Project/Research Project/iraq_tells_gis/Models/model_07_nd11_4_slope_tpi_hardneg_yolo/background_mining_pool/images/candidate_0328_r10363_c4080.png,0,0,0,0,0.0
candidate_0330_r6081_c326,6081,326,/home3/gdyx28/Research Project/Research Project/iraq_tells_gis/Models/model_07_nd11_4_slope_tpi_hardneg_yolo/background_mining_pool/images/candidate_0330_r6081_c326.png,0,0,0,0,0.0
candidate_0337_r5320_c580,5320,580,/home3/gdyx28/Research Project/Research Project/iraq_tells_gis/Models/model_07_nd11_4_slope_tpi_hardneg_yolo/background_mining_pool/images/candidate_0337_r5320_c580.png,0,0,0,0,0.0
candidate_0340_r4970_c1565,4970,1565,/home3/gdyx28/Research Project/Research Project/iraq_tells_gis/Models/model_07_nd11_4_slope_tpi_hardneg_yolo/background_mining_pool/images/candidate_0340_r4970_c1565.png,0,0,0,0,0.0
candidate_0342_r6103_c438,6103,438,/home3/gdyx28/Research Project/Research Project/iraq_tells_gis/Models/model_07_nd11_4_slope_tpi_hardneg_yolo/background_mining_pool/images/candidate_0342_r6103_c438.png,0,0,0,0,0.0
candidate_0344_r10184_c5235,10184,5235,/home3/gdyx28/Research Project/Research Project/iraq_tells_gis/Models/model_07_nd11_4_slope_tpi_hardneg_yolo/background_mining_pool/images/candidate_0344_r10184_c5235.png,0,0,0,0,0.0
candidate_0348_r10296_c545,10296,545,/home3/gdyx28/Research Project/Research Project/iraq_tells_gis/Models/model_07_nd11_4_slope_tpi_hardneg_yolo/background_mining_pool/images/candidate_0348_r10296_c545.png,0,0,0,0,0.0
candidate_0349_r7788_c766,7788,766,/home3/gdyx28/Research Project/Research Project/iraq_tells_gis/Models/model_07_nd11_4_slope_tpi_hardneg_yolo/background_mining_pool/images/candidate_0349_r7788_c766.png,0,0,0,0,0.0
candidate_0353_r8879_c1488,8879,1488,/home3/gdyx28/Research Project/Research Project/iraq_tells_gis/Models/model_07_nd11_4_slope_tpi_hardneg_yolo/background_mining_pool/images/candidate_0353_r8879_c1488.png,0,0,0,0,0.0
candidate_0356_r6927_c900,6927,900,/home3/gdyx28/Research Project/Research Project/iraq_tells_gis/Models/model_07_nd11_4_slope_tpi_hardneg_yolo/background_mining_pool/images/candidate_0356_r6927_c900.png,0,0,0,0,0.0
candidate_0358_r6214_c1976,6214,1976,/home3/gdyx28/Research Project/Research Project/iraq_tells_gis/Models/model_07_nd11_4_slope_tpi_hardneg_yolo/background_mining_pool/images/candidate_0358_r6214_c1976.png,0,0,0,0,0.0
candidate_0359_r4774_c1547,4774,1547,/home3/gdyx28/Research Project/Research Project/iraq_tells_gis/Models/model_07_nd11_4_slope_tpi_hardneg_yolo/background_mining_pool/images/candidate_0359_r4774_c1547.png,0,0,0,0,0.0
candidate_0360_r10289_c4029,10289,4029,/home3/gdyx28/Research Project/Research Project/iraq_tells_gis/Models/model_07_nd11_4_slope_tpi_hardneg_yolo/background_mining_pool/images/candidate_0360_r10289_c4029.png,0,0,0,0,0.0
candidate_0362_r7030_c1011,7030,1011,/home3/gdyx28/Research Project/Research Project/iraq_tells_gis/Models/model_07_nd11_4_slope_tpi_hardneg_yolo/background_mining_pool/images/candidate_0362_r7030_c1011.png,0,0,0,0,0.0
candidate_0364_r8581_c1499,8581,1499,/home3/gdyx28/Research Project/Research Project/iraq_tells_gis/Models/model_07_nd11_4_slope_tpi_hardneg_yolo/background_mining_pool/images/candidate_0364_r8581_c1499.png,0,0,0,0,0.0
candidate_0375_r6076_c1726,6076,1726,/home3/gdyx28/Research Project/Research Project/iraq_tells_gis/Models/model_07_nd11_4_slope_tpi_hardneg_yolo/background_mining_pool/images/candidate_0375_r6076_c1726.png,0,0,0,0,0.0
candidate_0377_r6191_c562,6191,562,/home3/gdyx28/Research Project/Research Project/iraq_tells_gis/Models/model_07_nd11_4_slope_tpi_hardneg_yolo/background_mining_pool/images/candidate_0377_r6191_c562.png,0,0,0,0,0.0
candidate_0380_r5304_c708,5304,708,/home3/gdyx28/Research Project/Research Project/iraq_tells_gis/Models/model_07_nd11_4_slope_tpi_hardneg_yolo/background_mining_pool/images/candidate_0380_r5304_c708.png,0,0,0,0,0.0
candidate_0381_r7842_c5164,7842,5164,/home3/gdyx28/Research Project/Research Project/iraq_tells_gis/Models/model_07_nd11_4_slope_tpi_hardneg_yolo/background_mining_pool/images/candidate_0381_r7842_c5164.png,0,0,0,0,0.0
candidate_0383_r3818_c393,3818,393,/home3/gdyx28/Research Project/Research Project/iraq_tells_gis/Models/model_07_nd11_4_slope_tpi_hardneg_yolo/background_mining_pool/images/candidate_0383_r3818_c393.png,0,0,0,0,0.0
candidate_0387_r5968_c321,5968,321,/home3/gdyx28/Research Project/Research Project/iraq_tells_gis/Models/model_07_nd11_4_slope_tpi_hardneg_yolo/background_mining_pool/images/candidate_0387_r5968_c321.png,0,0,0,0,0.0
candidate_0388_r4950_c1622,4950,1622,/home3/gdyx28/Research Project/Research Project/iraq_tells_gis/Models/model_07_nd11_4_slope_tpi_hardneg_yolo/background_mining_pool/images/candidate_0388_r4950_c1622.png,0,0,0,0,0.0
candidate_0389_r3741_c5156,3741,5156,/home3/gdyx28/Research Project/Research Project/iraq_tells_gis/Models/model_07_nd11_4_slope_tpi_hardneg_yolo/background_mining_pool/images/candidate_0389_r3741_c5156.png,0,0,0,0,0.0
candidate_0391_r5011_c1654,5011,1654,/home3/gdyx28/Research Project/Research Project/iraq_tells_gis/Models/model_07_nd11_4_slope_tpi_hardneg_yolo/background_mining_pool/images/candidate_0391_r5011_c1654.png,0,0,0,0,0.0
candidate_0393_r6554_c2765,6554,2765,/home3/gdyx28/Research Project/Research Project/iraq_tells_gis/Models/model_07_nd11_4_slope_tpi_hardneg_yolo/background_mining_pool/images/candidate_0393_r6554_c2765.png,0,0,0,0,0.0
candidate_0395_r8364_c1546,8364,1546,/home3/gdyx28/Research Project/Research Project/iraq_tells_gis/Models/model_07_nd11_4_slope_tpi_hardneg_yolo/background_mining_pool/images/candidate_0395_r8364_c1546.png,0,0,0,0,0.0
