tile_name,split,row_start,col_start,tell_count,left,bottom,right,top
train_0000_r0_c0,train,0,0,1,499960.0,3594890.0,505080.0,3600010.0
train_0001_r0_c384,train,0,384,3,503800.0,3594890.0,508920.0,3600010.0
train_0002_r0_c768,train,0,768,3,507640.0,3594890.0,512760.0,3600010.0
train_0003_r0_c1152,train,0,1152,4,511480.0,3594890.0,516600.0,3600010.0
train_0004_r0_c1536,train,0,1536,10,515320.0,3594890.0,520440.0,3600010.0
train_0005_r0_c1920,train,0,1920,12,519160.0,3594890.0,524280.0,3600010.0
train_0006_r0_c2304,train,0,2304,12,523000.0,3594890.0,528120.0,3600010.0
train_0007_r0_c2688,train,0,2688,14,526840.0,3594890.0,531960.0,3600010.0
train_0008_r0_c3072,train,0,3072,9,530680.0,3594890.0,535800.0,3600010.0
train_0009_r0_c3456,train,0,3456,6,534520.0,3594890.0,539640.0,3600010.0
train_0010_r0_c3840,train,0,3840,7,538360.0,3594890.0,543480.0,3600010.0
train_0011_r0_c4224,train,0,4224,12,542200.0,3594890.0,547320.0,3600010.0
train_0012_r0_c4608,train,0,4608,2,546040.0,3594890.0,551160.0,3600010.0
train_0013_r0_c4992,train,0,4992,1,549880.0,3594890.0,555000.0,3600010.0
train_0014_r0_c5376,train,0,5376,0,553720.0,3594890.0,558840.0,3600010.0
train_0015_r0_c5549,train,0,5549,0,555450.0,3594890.0,560570.0,3600010.0
train_0016_r384_c0,train,384,0,3,499960.0,3591050.0,505080.0,3596170.0
train_0017_r384_c384,train,384,384,2,503800.0,3591050.0,508920.0,3596170.0
train_0018_r384_c768,train,384,768,5,507640.0,3591050.0,512760.0,3596170.0
train_0019_r384_c1152,train,384,1152,5,511480.0,3591050.0,516600.0,3596170.0
train_0020_r384_c1536,train,384,1536,7,515320.0,3591050.0,520440.0,3596170.0
train_0021_r384_c1920,train,384,1920,7,519160.0,3591050.0,524280.0,3596170.0
train_0022_r384_c2304,train,384,2304,14,523000.0,3591050.0,528120.0,3596170.0
train_0023_r384_c2688,train,384,2688,8,526840.0,3591050.0,531960.0,3596170.0
train_0024_r384_c3072,train,384,3072,11,530680.0,3591050.0,535800.0,3596170.0
train_0025_r384_c3456,train,384,3456,11,534520.0,3591050.0,539640.0,3596170.0
train_0026_r384_c3840,train,384,3840,8,538360.0,3591050.0,543480.0,3596170.0
train_0027_r384_c4224,train,384,4224,5,542200.0,3591050.0,547320.0,3596170.0
train_0028_r384_c4608,train,384,4608,5,546040.0,3591050.0,551160.0,3596170.0
train_0029_r384_c4992,train,384,4992,2,549880.0,3591050.0,555000.0,3596170.0
train_0030_r384_c5376,train,384,5376,0,553720.0,3591050.0,558840.0,3596170.0
train_0031_r384_c5549,train,384,5549,0,555450.0,3591050.0,560570.0,3596170.0
train_0032_r768_c0,train,768,0,4,499960.0,3587210.0,505080.0,3592330.0
train_0033_r768_c384,train,768,384,7,503800.0,3587210.0,508920.0,3592330.0
train_0034_r768_c768,train,768,768,3,507640.0,3587210.0,512760.0,3592330.0
train_0035_r768_c1152,train,768,1152,6,511480.0,3587210.0,516600.0,3592330.0
train_0036_r768_c1536,train,768,1536,5,515320.0,3587210.0,520440.0,3592330.0
train_0037_r768_c1920,train,768,1920,4,519160.0,3587210.0,524280.0,3592330.0
train_0038_r768_c2304,train,768,2304,7,523000.0,3587210.0,528120.0,3592330.0
train_0039_r768_c2688,train,768,2688,2,526840.0,3587210.0,531960.0,3592330.0
train_0040_r768_c3072,train,768,3072,5,530680.0,3587210.0,535800.0,3592330.0
train_0041_r768_c3456,train,768,3456,3,534520.0,3587210.0,539640.0,3592330.0
train_0042_r768_c3840,train,768,3840,0,538360.0,3587210.0,543480.0,3592330.0
train_0043_r768_c4224,train,768,4224,3,542200.0,3587210.0,547320.0,3592330.0
train_0044_r768_c4608,train,768,4608,2,546040.0,3587210.0,551160.0,3592330.0
train_0045_r768_c4992,train,768,4992,5,549880.0,3587210.0,555000.0,3592330.0
train_0046_r768_c5376,train,768,5376,5,553720.0,3587210.0,558840.0,3592330.0
train_0047_r768_c5549,train,768,5549,4,555450.0,3587210.0,560570.0,3592330.0
train_0048_r1152_c0,train,1152,0,6,499960.0,3583370.0,505080.0,3588490.0
train_0049_r1152_c384,train,1152,384,5,503800.0,3583370.0,508920.0,3588490.0
train_0050_r1152_c768,train,1152,768,7,507640.0,3583370.0,512760.0,3588490.0
train_0051_r1152_c1152,train,1152,1152,12,511480.0,3583370.0,516600.0,3588490.0
train_0052_r1152_c1536,train,1152,1536,5,515320.0,3583370.0,520440.0,3588490.0
train_0053_r1152_c1920,train,1152,1920,9,519160.0,3583370.0,524280.0,3588490.0
train_0054_r1152_c2304,train,1152,2304,7,523000.0,3583370.0,528120.0,3588490.0
train_0055_r1152_c2688,train,1152,2688,8,526840.0,3583370.0,531960.0,3588490.0
train_0056_r1152_c3072,train,1152,3072,6,530680.0,3583370.0,535800.0,3588490.0
train_0057_r1152_c3456,train,1152,3456,7,534520.0,3583370.0,539640.0,3588490.0
train_0058_r1152_c3840,train,1152,3840,1,538360.0,3583370.0,543480.0,3588490.0
train_0059_r1152_c4224,train,1152,4224,4,542200.0,3583370.0,547320.0,3588490.0
train_0060_r1152_c4608,train,1152,4608,4,546040.0,3583370.0,551160.0,3588490.0
train_0061_r1152_c4992,train,1152,4992,5,549880.0,3583370.0,555000.0,3588490.0
train_0062_r1152_c5376,train,1152,5376,6,553720.0,3583370.0,558840.0,3588490.0
train_0063_r1152_c5549,train,1152,5549,6,555450.0,3583370.0,560570.0,3588490.0
train_0064_r1536_c0,train,1536,0,9,499960.0,3579530.0,505080.0,3584650.0
train_0065_r1536_c384,train,1536,384,9,503800.0,3579530.0,508920.0,3584650.0
train_0066_r1536_c768,train,1536,768,7,507640.0,3579530.0,512760.0,3584650.0
train_0067_r1536_c1152,train,1536,1152,4,511480.0,3579530.0,516600.0,3584650.0
train_0068_r1536_c1536,train,1536,1536,5,515320.0,3579530.0,520440.0,3584650.0
train_0069_r1536_c1920,train,1536,1920,4,519160.0,3579530.0,524280.0,3584650.0
train_0070_r1536_c2304,train,1536,2304,4,523000.0,3579530.0,528120.0,3584650.0
train_0071_r1536_c2688,train,1536,2688,6,526840.0,3579530.0,531960.0,3584650.0
train_0072_r1536_c3072,train,1536,3072,5,530680.0,3579530.0,535800.0,3584650.0
train_0073_r1536_c3456,train,1536,3456,5,534520.0,3579530.0,539640.0,3584650.0
train_0074_r1536_c3840,train,1536,3840,3,538360.0,3579530.0,543480.0,3584650.0
train_0075_r1536_c4224,train,1536,4224,7,542200.0,3579530.0,547320.0,3584650.0
train_0076_r1536_c4608,train,1536,4608,4,546040.0,3579530.0,551160.0,3584650.0
train_0077_r1536_c4992,train,1536,4992,3,549880.0,3579530.0,555000.0,3584650.0
train_0078_r1536_c5376,train,1536,5376,2,553720.0,3579530.0,558840.0,3584650.0
train_0079_r1536_c5549,train,1536,5549,5,555450.0,3579530.0,560570.0,3584650.0
train_0080_r1920_c0,train,1920,0,4,499960.0,3575690.0,505080.0,3580810.0
train_0081_r1920_c384,train,1920,384,8,503800.0,3575690.0,508920.0,3580810.0
train_0082_r1920_c768,train,1920,768,11,507640.0,3575690.0,512760.0,3580810.0
train_0083_r1920_c1152,train,1920,1152,3,511480.0,3575690.0,516600.0,3580810.0
train_0084_r1920_c1536,train,1920,1536,2,515320.0,3575690.0,520440.0,3580810.0
train_0085_r1920_c1920,train,1920,1920,5,519160.0,3575690.0,524280.0,3580810.0
train_0086_r1920_c2304,train,1920,2304,4,523000.0,3575690.0,528120.0,3580810.0
train_0087_r1920_c2688,train,1920,2688,3,526840.0,3575690.0,531960.0,3580810.0
train_0088_r1920_c3072,train,1920,3072,3,530680.0,3575690.0,535800.0,3580810.0
train_0089_r1920_c3456,train,1920,3456,3,534520.0,3575690.0,539640.0,3580810.0
train_0090_r1920_c3840,train,1920,3840,2,538360.0,3575690.0,543480.0,3580810.0
train_0091_r1920_c4224,train,1920,4224,3,542200.0,3575690.0,547320.0,3580810.0
train_0092_r1920_c4608,train,1920,4608,5,546040.0,3575690.0,551160.0,3580810.0
train_0093_r1920_c4992,train,1920,4992,3,549880.0,3575690.0,555000.0,3580810.0
train_0094_r1920_c5376,train,1920,5376,1,553720.0,3575690.0,558840.0,3580810.0
train_0095_r1920_c5549,train,1920,5549,3,555450.0,3575690.0,560570.0,3580810.0
train_0096_r2304_c0,train,2304,0,4,499960.0,3571850.0,505080.0,3576970.0
train_0097_r2304_c384,train,2304,384,6,503800.0,3571850.0,508920.0,3576970.0
train_0098_r2304_c768,train,2304,768,7,507640.0,3571850.0,512760.0,3576970.0
train_0099_r2304_c1152,train,2304,1152,3,511480.0,3571850.0,516600.0,3576970.0
train_0100_r2304_c1920,train,2304,1920,7,519160.0,3571850.0,524280.0,3576970.0
train_0101_r2304_c2304,train,2304,2304,4,523000.0,3571850.0,528120.0,3576970.0
train_0102_r2304_c2688,train,2304,2688,3,526840.0,3571850.0,531960.0,3576970.0
train_0103_r2304_c3072,train,2304,3072,10,530680.0,3571850.0,535800.0,3576970.0
train_0104_r2304_c3456,train,2304,3456,5,534520.0,3571850.0,539640.0,3576970.0
train_0105_r2304_c3840,train,2304,3840,3,538360.0,3571850.0,543480.0,3576970.0
train_0106_r2304_c4224,train,2304,4224,1,542200.0,3571850.0,547320.0,3576970.0
train_0107_r2304_c4608,train,2304,4608,4,546040.0,3571850.0,551160.0,3576970.0
train_0108_r2304_c4992,train,2304,4992,2,549880.0,3571850.0,555000.0,3576970.0
train_0109_r2304_c5376,train,2304,5376,1,553720.0,3571850.0,558840.0,3576970.0
train_0110_r2304_c5549,train,2304,5549,3,555450.0,3571850.0,560570.0,3576970.0
train_0111_r2688_c0,train,2688,0,5,499960.0,3568010.0,505080.0,3573130.0
train_0112_r2688_c384,train,2688,384,18,503800.0,3568010.0,508920.0,3573130.0
train_0113_r2688_c768,train,2688,768,5,507640.0,3568010.0,512760.0,3573130.0
train_0114_r2688_c1152,train,2688,1152,0,511480.0,3568010.0,516600.0,3573130.0
train_0115_r2688_c1536,train,2688,1536,5,515320.0,3568010.0,520440.0,3573130.0
train_0116_r2688_c1920,train,2688,1920,14,519160.0,3568010.0,524280.0,3573130.0
train_0117_r2688_c2304,train,2688,2304,6,523000.0,3568010.0,528120.0,3573130.0
train_0118_r2688_c2688,train,2688,2688,5,526840.0,3568010.0,531960.0,3573130.0
train_0119_r2688_c3072,train,2688,3072,3,530680.0,3568010.0,535800.0,3573130.0
train_0120_r2688_c3456,train,2688,3456,4,534520.0,3568010.0,539640.0,3573130.0
train_0121_r2688_c3840,train,2688,3840,5,538360.0,3568010.0,543480.0,3573130.0
train_0122_r2688_c4224,train,2688,4224,9,542200.0,3568010.0,547320.0,3573130.0
train_0123_r2688_c4608,train,2688,4608,6,546040.0,3568010.0,551160.0,3573130.0
train_0124_r2688_c4992,train,2688,4992,5,549880.0,3568010.0,555000.0,3573130.0
train_0125_r2688_c5376,train,2688,5376,5,553720.0,3568010.0,558840.0,3573130.0
train_0126_r2688_c5549,train,2688,5549,5,555450.0,3568010.0,560570.0,3573130.0
train_0127_r3072_c0,train,3072,0,3,499960.0,3564170.0,505080.0,3569290.0
train_0128_r3072_c384,train,3072,384,6,503800.0,3564170.0,508920.0,3569290.0
train_0129_r3072_c768,train,3072,768,5,507640.0,3564170.0,512760.0,3569290.0
train_0130_r3072_c1152,train,3072,1152,1,511480.0,3564170.0,516600.0,3569290.0
train_0131_r3072_c1536,train,3072,1536,6,515320.0,3564170.0,520440.0,3569290.0
train_0132_r3072_c1920,train,3072,1920,12,519160.0,3564170.0,524280.0,3569290.0
train_0133_r3072_c2304,train,3072,2304,2,523000.0,3564170.0,528120.0,3569290.0
train_0134_r3072_c2688,train,3072,2688,6,526840.0,3564170.0,531960.0,3569290.0
train_0135_r3072_c3072,train,3072,3072,8,530680.0,3564170.0,535800.0,3569290.0
train_0136_r3072_c3456,train,3072,3456,6,534520.0,3564170.0,539640.0,3569290.0
train_0137_r3072_c3840,train,3072,3840,4,538360.0,3564170.0,543480.0,3569290.0
train_0138_r3072_c4224,train,3072,4224,1,542200.0,3564170.0,547320.0,3569290.0
train_0139_r3072_c4608,train,3072,4608,1,546040.0,3564170.0,551160.0,3569290.0
train_0140_r3072_c4992,train,3072,4992,2,549880.0,3564170.0,555000.0,3569290.0
train_0141_r3072_c5376,train,3072,5376,1,553720.0,3564170.0,558840.0,3569290.0
train_0142_r3072_c5549,train,3072,5549,2,555450.0,3564170.0,560570.0,3569290.0
train_0143_r3456_c0,train,3456,0,0,499960.0,3560330.0,505080.0,3565450.0
train_0144_r3456_c384,train,3456,384,3,503800.0,3560330.0,508920.0,3565450.0
train_0145_r3456_c1152,train,3456,1152,1,511480.0,3560330.0,516600.0,3565450.0
train_0146_r3456_c1536,train,3456,1536,1,515320.0,3560330.0,520440.0,3565450.0
train_0147_r3456_c1920,train,3456,1920,4,519160.0,3560330.0,524280.0,3565450.0
train_0148_r3456_c2304,train,3456,2304,3,523000.0,3560330.0,528120.0,3565450.0
train_0149_r3456_c2688,train,3456,2688,3,526840.0,3560330.0,531960.0,3565450.0
train_0150_r3456_c3072,train,3456,3072,5,530680.0,3560330.0,535800.0,3565450.0
train_0151_r3456_c3456,train,3456,3456,2,534520.0,3560330.0,539640.0,3565450.0
train_0152_r3456_c3840,train,3456,3840,3,538360.0,3560330.0,543480.0,3565450.0
train_0153_r3456_c4224,train,3456,4224,1,542200.0,3560330.0,547320.0,3565450.0
train_0154_r3456_c4608,train,3456,4608,5,546040.0,3560330.0,551160.0,3565450.0
train_0155_r3456_c4992,train,3456,4992,1,549880.0,3560330.0,555000.0,3565450.0
train_0156_r3456_c5376,train,3456,5376,1,553720.0,3560330.0,558840.0,3565450.0
train_0157_r3456_c5549,train,3456,5549,2,555450.0,3560330.0,560570.0,3565450.0
train_0158_r3840_c0,train,3840,0,0,499960.0,3556490.0,505080.0,3561610.0
train_0159_r3840_c384,train,3840,384,0,503800.0,3556490.0,508920.0,3561610.0
train_0160_r3840_c768,train,3840,768,3,507640.0,3556490.0,512760.0,3561610.0
train_0161_r3840_c1152,train,3840,1152,6,511480.0,3556490.0,516600.0,3561610.0
train_0162_r3840_c1536,train,3840,1536,4,515320.0,3556490.0,520440.0,3561610.0
train_0163_r3840_c1920,train,3840,1920,5,519160.0,3556490.0,524280.0,3561610.0
train_0164_r3840_c2304,train,3840,2304,1,523000.0,3556490.0,528120.0,3561610.0
train_0165_r3840_c2688,train,3840,2688,3,526840.0,3556490.0,531960.0,3561610.0
train_0166_r3840_c3072,train,3840,3072,11,530680.0,3556490.0,535800.0,3561610.0
train_0167_r3840_c3456,train,3840,3456,3,534520.0,3556490.0,539640.0,3561610.0
train_0168_r3840_c3840,train,3840,3840,4,538360.0,3556490.0,543480.0,3561610.0
train_0169_r3840_c4224,train,3840,4224,4,542200.0,3556490.0,547320.0,3561610.0
train_0170_r3840_c4608,train,3840,4608,6,546040.0,3556490.0,551160.0,3561610.0
train_0171_r3840_c4992,train,3840,4992,1,549880.0,3556490.0,555000.0,3561610.0
train_0172_r3840_c5376,train,3840,5376,0,553720.0,3556490.0,558840.0,3561610.0
train_0173_r3840_c5549,train,3840,5549,0,555450.0,3556490.0,560570.0,3561610.0
train_0174_r4224_c0,train,4224,0,1,499960.0,3552650.0,505080.0,3557770.0
train_0175_r4224_c384,train,4224,384,0,503800.0,3552650.0,508920.0,3557770.0
train_0176_r4224_c768,train,4224,768,5,507640.0,3552650.0,512760.0,3557770.0
train_0177_r4224_c1152,train,4224,1152,3,511480.0,3552650.0,516600.0,3557770.0
train_0178_r4224_c1536,train,4224,1536,1,515320.0,3552650.0,520440.0,3557770.0
train_0179_r4224_c1920,train,4224,1920,6,519160.0,3552650.0,524280.0,3557770.0
train_0180_r4224_c2304,train,4224,2304,3,523000.0,3552650.0,528120.0,3557770.0
train_0181_r4224_c2688,train,4224,2688,3,526840.0,3552650.0,531960.0,3557770.0
train_0182_r4224_c3072,train,4224,3072,2,530680.0,3552650.0,535800.0,3557770.0
train_0183_r4224_c3456,train,4224,3456,4,534520.0,3552650.0,539640.0,3557770.0
train_0184_r4224_c3840,train,4224,3840,9,538360.0,3552650.0,543480.0,3557770.0
train_0185_r4224_c4224,train,4224,4224,6,542200.0,3552650.0,547320.0,3557770.0
train_0186_r4224_c4608,train,4224,4608,5,546040.0,3552650.0,551160.0,3557770.0
train_0187_r4224_c4992,train,4224,4992,3,549880.0,3552650.0,555000.0,3557770.0
train_0188_r4224_c5376,train,4224,5376,2,553720.0,3552650.0,558840.0,3557770.0
train_0189_r4224_c5549,train,4224,5549,1,555450.0,3552650.0,560570.0,3557770.0
train_0190_r4608_c0,train,4608,0,1,499960.0,3548810.0,505080.0,3553930.0
train_0191_r4608_c384,train,4608,384,1,503800.0,3548810.0,508920.0,3553930.0
train_0192_r4608_c768,train,4608,768,5,507640.0,3548810.0,512760.0,3553930.0
train_0193_r4608_c1152,train,4608,1152,2,511480.0,3548810.0,516600.0,3553930.0
train_0194_r4608_c1536,train,4608,1536,0,515320.0,3548810.0,520440.0,3553930.0
train_0195_r4608_c1920,train,4608,1920,2,519160.0,3548810.0,524280.0,3553930.0
train_0196_r4608_c2304,train,4608,2304,7,523000.0,3548810.0,528120.0,3553930.0
train_0197_r4608_c2688,train,4608,2688,2,526840.0,3548810.0,531960.0,3553930.0
train_0198_r4608_c3072,train,4608,3072,5,530680.0,3548810.0,535800.0,3553930.0
train_0199_r4608_c3456,train,4608,3456,5,534520.0,3548810.0,539640.0,3553930.0
train_0200_r4608_c3840,train,4608,3840,5,538360.0,3548810.0,543480.0,3553930.0
train_0201_r4608_c4224,train,4608,4224,8,542200.0,3548810.0,547320.0,3553930.0
train_0202_r4608_c4608,train,4608,4608,4,546040.0,3548810.0,551160.0,3553930.0
train_0203_r4608_c4992,train,4608,4992,7,549880.0,3548810.0,555000.0,3553930.0
train_0204_r4608_c5376,train,4608,5376,2,553720.0,3548810.0,558840.0,3553930.0
train_0205_r4608_c5549,train,4608,5549,4,555450.0,3548810.0,560570.0,3553930.0
train_0206_r4992_c0,train,4992,0,0,499960.0,3544970.0,505080.0,3550090.0
train_0207_r4992_c384,train,4992,384,0,503800.0,3544970.0,508920.0,3550090.0
train_0208_r4992_c768,train,4992,768,1,507640.0,3544970.0,512760.0,3550090.0
train_0209_r4992_c1152,train,4992,1152,1,511480.0,3544970.0,516600.0,3550090.0
train_0210_r4992_c1536,train,4992,1536,0,515320.0,3544970.0,520440.0,3550090.0
train_0211_r4992_c1920,train,4992,1920,1,519160.0,3544970.0,524280.0,3550090.0
train_0212_r4992_c2304,train,4992,2304,6,523000.0,3544970.0,528120.0,3550090.0
train_0213_r4992_c2688,train,4992,2688,6,526840.0,3544970.0,531960.0,3550090.0
train_0214_r4992_c3072,train,4992,3072,7,530680.0,3544970.0,535800.0,3550090.0
train_0215_r4992_c3456,train,4992,3456,8,534520.0,3544970.0,539640.0,3550090.0
train_0216_r4992_c3840,train,4992,3840,7,538360.0,3544970.0,543480.0,3550090.0
train_0217_r4992_c4224,train,4992,4224,5,542200.0,3544970.0,547320.0,3550090.0
train_0218_r4992_c4608,train,4992,4608,8,546040.0,3544970.0,551160.0,3550090.0
train_0219_r4992_c4992,train,4992,4992,11,549880.0,3544970.0,555000.0,3550090.0
train_0220_r4992_c5376,train,4992,5376,3,553720.0,3544970.0,558840.0,3550090.0
train_0221_r4992_c5549,train,4992,5549,2,555450.0,3544970.0,560570.0,3550090.0
train_0222_r5376_c0,train,5376,0,0,499960.0,3541130.0,505080.0,3546250.0
train_0223_r5376_c768,train,5376,768,0,507640.0,3541130.0,512760.0,3546250.0
train_0224_r5376_c1152,train,5376,1152,1,511480.0,3541130.0,516600.0,3546250.0
train_0225_r5376_c1536,train,5376,1536,1,515320.0,3541130.0,520440.0,3546250.0
train_0226_r5376_c1920,train,5376,1920,2,519160.0,3541130.0,524280.0,3546250.0
train_0227_r5376_c2304,train,5376,2304,2,523000.0,3541130.0,528120.0,3546250.0
train_0228_r5376_c2688,train,5376,2688,5,526840.0,3541130.0,531960.0,3546250.0
train_0229_r5376_c3072,train,5376,3072,6,530680.0,3541130.0,535800.0,3546250.0
train_0230_r5376_c3456,train,5376,3456,2,534520.0,3541130.0,539640.0,3546250.0
train_0231_r5376_c3840,train,5376,3840,2,538360.0,3541130.0,543480.0,3546250.0
train_0232_r5376_c4224,train,5376,4224,7,542200.0,3541130.0,547320.0,3546250.0
train_0233_r5376_c4608,train,5376,4608,3,546040.0,3541130.0,551160.0,3546250.0
train_0234_r5376_c4992,train,5376,4992,7,549880.0,3541130.0,555000.0,3546250.0
train_0235_r5376_c5376,train,5376,5376,4,553720.0,3541130.0,558840.0,3546250.0
train_0236_r5376_c5549,train,5376,5549,3,555450.0,3541130.0,560570.0,3546250.0
train_0237_r5760_c0,train,5760,0,1,499960.0,3537290.0,505080.0,3542410.0
train_0238_r5760_c384,train,5760,384,2,503800.0,3537290.0,508920.0,3542410.0
train_0239_r5760_c768,train,5760,768,1,507640.0,3537290.0,512760.0,3542410.0
train_0240_r5760_c1152,train,5760,1152,2,511480.0,3537290.0,516600.0,3542410.0
train_0241_r5760_c1536,train,5760,1536,1,515320.0,3537290.0,520440.0,3542410.0
train_0242_r5760_c1920,train,5760,1920,3,519160.0,3537290.0,524280.0,3542410.0
train_0243_r5760_c2304,train,5760,2304,1,523000.0,3537290.0,528120.0,3542410.0
train_0244_r5760_c2688,train,5760,2688,2,526840.0,3537290.0,531960.0,3542410.0
train_0245_r5760_c3072,train,5760,3072,6,530680.0,3537290.0,535800.0,3542410.0
train_0246_r5760_c3456,train,5760,3456,4,534520.0,3537290.0,539640.0,3542410.0
train_0247_r5760_c3840,train,5760,3840,1,538360.0,3537290.0,543480.0,3542410.0
train_0248_r5760_c4224,train,5760,4224,1,542200.0,3537290.0,547320.0,3542410.0
train_0249_r5760_c4608,train,5760,4608,1,546040.0,3537290.0,551160.0,3542410.0
train_0250_r5760_c4992,train,5760,4992,4,549880.0,3537290.0,555000.0,3542410.0
train_0251_r5760_c5376,train,5760,5376,3,553720.0,3537290.0,558840.0,3542410.0
train_0252_r5760_c5549,train,5760,5549,2,555450.0,3537290.0,560570.0,3542410.0
train_0253_r6144_c0,train,6144,0,0,499960.0,3533450.0,505080.0,3538570.0
train_0254_r6144_c384,train,6144,384,0,503800.0,3533450.0,508920.0,3538570.0
train_0255_r6144_c768,train,6144,768,0,507640.0,3533450.0,512760.0,3538570.0
train_0256_r6144_c1152,train,6144,1152,2,511480.0,3533450.0,516600.0,3538570.0
train_0257_r6144_c1536,train,6144,1536,0,515320.0,3533450.0,520440.0,3538570.0
train_0258_r6144_c1920,train,6144,1920,0,519160.0,3533450.0,524280.0,3538570.0
train_0259_r6144_c2304,train,6144,2304,3,523000.0,3533450.0,528120.0,3538570.0
train_0260_r6144_c2688,train,6144,2688,2,526840.0,3533450.0,531960.0,3538570.0
train_0261_r6144_c3072,train,6144,3072,5,530680.0,3533450.0,535800.0,3538570.0
train_0262_r6144_c3456,train,6144,3456,3,534520.0,3533450.0,539640.0,3538570.0
train_0263_r6144_c3840,train,6144,3840,0,538360.0,3533450.0,543480.0,3538570.0
train_0264_r6144_c4224,train,6144,4224,1,542200.0,3533450.0,547320.0,3538570.0
train_0265_r6144_c4608,train,6144,4608,1,546040.0,3533450.0,551160.0,3538570.0
train_0266_r6144_c4992,train,6144,4992,1,549880.0,3533450.0,555000.0,3538570.0
train_0267_r6144_c5549,train,6144,5549,1,555450.0,3533450.0,560570.0,3538570.0
train_0268_r6528_c0,train,6528,0,1,499960.0,3529610.0,505080.0,3534730.0
train_0269_r6528_c384,train,6528,384,2,503800.0,3529610.0,508920.0,3534730.0
train_0270_r6528_c768,train,6528,768,1,507640.0,3529610.0,512760.0,3534730.0
train_0271_r6528_c1152,train,6528,1152,2,511480.0,3529610.0,516600.0,3534730.0
train_0272_r6528_c1536,train,6528,1536,4,515320.0,3529610.0,520440.0,3534730.0
train_0273_r6528_c1920,train,6528,1920,3,519160.0,3529610.0,524280.0,3534730.0
train_0274_r6528_c2304,train,6528,2304,0,523000.0,3529610.0,528120.0,3534730.0
train_0275_r6528_c2688,train,6528,2688,0,526840.0,3529610.0,531960.0,3534730.0
train_0276_r6528_c3456,train,6528,3456,2,534520.0,3529610.0,539640.0,3534730.0
train_0277_r6528_c3840,train,6528,3840,5,538360.0,3529610.0,543480.0,3534730.0
train_0278_r6528_c4224,train,6528,4224,4,542200.0,3529610.0,547320.0,3534730.0
train_0279_r6528_c4608,train,6528,4608,2,546040.0,3529610.0,551160.0,3534730.0
train_0280_r6528_c4992,train,6528,4992,3,549880.0,3529610.0,555000.0,3534730.0
train_0281_r6528_c5376,train,6528,5376,2,553720.0,3529610.0,558840.0,3534730.0
train_0282_r6528_c5549,train,6528,5549,2,555450.0,3529610.0,560570.0,3534730.0
train_0283_r6912_c0,train,6912,0,2,499960.0,3525770.0,505080.0,3530890.0
train_0284_r6912_c384,train,6912,384,3,503800.0,3525770.0,508920.0,3530890.0
train_0285_r6912_c768,train,6912,768,0,507640.0,3525770.0,512760.0,3530890.0
train_0286_r6912_c1152,train,6912,1152,1,511480.0,3525770.0,516600.0,3530890.0
train_0287_r6912_c1536,train,6912,1536,3,515320.0,3525770.0,520440.0,3530890.0
train_0288_r6912_c1920,train,6912,1920,4,519160.0,3525770.0,524280.0,3530890.0
train_0289_r6912_c2304,train,6912,2304,3,523000.0,3525770.0,528120.0,3530890.0
train_0290_r6912_c2688,train,6912,2688,1,526840.0,3525770.0,531960.0,3530890.0
train_0291_r6912_c3072,train,6912,3072,0,530680.0,3525770.0,535800.0,3530890.0
train_0292_r6912_c3456,train,6912,3456,0,534520.0,3525770.0,539640.0,3530890.0
train_0293_r6912_c3840,train,6912,3840,1,538360.0,3525770.0,543480.0,3530890.0
train_0294_r6912_c4224,train,6912,4224,2,542200.0,3525770.0,547320.0,3530890.0
train_0295_r6912_c4608,train,6912,4608,1,546040.0,3525770.0,551160.0,3530890.0
train_0296_r6912_c4992,train,6912,4992,3,549880.0,3525770.0,555000.0,3530890.0
train_0297_r6912_c5376,train,6912,5376,1,553720.0,3525770.0,558840.0,3530890.0
train_0298_r6912_c5549,train,6912,5549,2,555450.0,3525770.0,560570.0,3530890.0
train_0299_r7296_c0,train,7296,0,0,499960.0,3521930.0,505080.0,3527050.0
train_0300_r7296_c384,train,7296,384,2,503800.0,3521930.0,508920.0,3527050.0
train_0301_r7296_c768,train,7296,768,2,507640.0,3521930.0,512760.0,3527050.0
train_0302_r7296_c1152,train,7296,1152,4,511480.0,3521930.0,516600.0,3527050.0
train_0303_r7296_c1536,train,7296,1536,2,515320.0,3521930.0,520440.0,3527050.0
train_0304_r7296_c1920,train,7296,1920,1,519160.0,3521930.0,524280.0,3527050.0
train_0305_r7296_c2304,train,7296,2304,7,523000.0,3521930.0,528120.0,3527050.0
train_0306_r7296_c2688,train,7296,2688,4,526840.0,3521930.0,531960.0,3527050.0
train_0307_r7296_c3072,train,7296,3072,4,530680.0,3521930.0,535800.0,3527050.0
train_0308_r7296_c3456,train,7296,3456,0,534520.0,3521930.0,539640.0,3527050.0
train_0309_r7296_c3840,train,7296,3840,0,538360.0,3521930.0,543480.0,3527050.0
train_0310_r7296_c4224,train,7296,4224,3,542200.0,3521930.0,547320.0,3527050.0
train_0311_r7296_c4608,train,7296,4608,5,546040.0,3521930.0,551160.0,3527050.0
train_0312_r7296_c4992,train,7296,4992,6,549880.0,3521930.0,555000.0,3527050.0
train_0313_r7296_c5376,train,7296,5376,0,553720.0,3521930.0,558840.0,3527050.0
train_0314_r7296_c5549,train,7296,5549,0,555450.0,3521930.0,560570.0,3527050.0
train_0315_r7680_c0,train,7680,0,1,499960.0,3518090.0,505080.0,3523210.0
train_0316_r7680_c384,train,7680,384,0,503800.0,3518090.0,508920.0,3523210.0
train_0317_r7680_c768,train,7680,768,0,507640.0,3518090.0,512760.0,3523210.0
train_0318_r7680_c1152,train,7680,1152,5,511480.0,3518090.0,516600.0,3523210.0
train_0319_r7680_c1536,train,7680,1536,4,515320.0,3518090.0,520440.0,3523210.0
train_0320_r7680_c1920,train,7680,1920,4,519160.0,3518090.0,524280.0,3523210.0
train_0321_r7680_c2304,train,7680,2304,7,523000.0,3518090.0,528120.0,3523210.0
train_0322_r7680_c2688,train,7680,2688,10,526840.0,3518090.0,531960.0,3523210.0
train_0323_r7680_c3072,train,7680,3072,11,530680.0,3518090.0,535800.0,3523210.0
train_0324_r7680_c3456,train,7680,3456,1,534520.0,3518090.0,539640.0,3523210.0
train_0325_r7680_c3840,train,7680,3840,1,538360.0,3518090.0,543480.0,3523210.0
train_0326_r7680_c4224,train,7680,4224,2,542200.0,3518090.0,547320.0,3523210.0
train_0327_r7680_c4608,train,7680,4608,3,546040.0,3518090.0,551160.0,3523210.0
train_0328_r7680_c4992,train,7680,4992,4,549880.0,3518090.0,555000.0,3523210.0
train_0329_r7680_c5376,train,7680,5376,0,553720.0,3518090.0,558840.0,3523210.0
train_0330_r7680_c5549,train,7680,5549,0,555450.0,3518090.0,560570.0,3523210.0
train_0331_r8064_c0,train,8064,0,1,499960.0,3514250.0,505080.0,3519370.0
train_0332_r8064_c384,train,8064,384,0,503800.0,3514250.0,508920.0,3519370.0
train_0333_r8064_c768,train,8064,768,0,507640.0,3514250.0,512760.0,3519370.0
train_0334_r8064_c1152,train,8064,1152,4,511480.0,3514250.0,516600.0,3519370.0
train_0335_r8064_c1536,train,8064,1536,1,515320.0,3514250.0,520440.0,3519370.0
train_0336_r8064_c1920,train,8064,1920,1,519160.0,3514250.0,524280.0,3519370.0
train_0337_r8064_c2304,train,8064,2304,1,523000.0,3514250.0,528120.0,3519370.0
train_0338_r8064_c2688,train,8064,2688,3,526840.0,3514250.0,531960.0,3519370.0
train_0339_r8064_c3072,train,8064,3072,8,530680.0,3514250.0,535800.0,3519370.0
train_0340_r8064_c3456,train,8064,3456,7,534520.0,3514250.0,539640.0,3519370.0
train_0341_r8064_c3840,train,8064,3840,1,538360.0,3514250.0,543480.0,3519370.0
train_0342_r8064_c4224,train,8064,4224,2,542200.0,3514250.0,547320.0,3519370.0
train_0343_r8064_c4608,train,8064,4608,2,546040.0,3514250.0,551160.0,3519370.0
train_0344_r8064_c4992,train,8064,4992,0,549880.0,3514250.0,555000.0,3519370.0
train_0345_r8064_c5376,train,8064,5376,1,553720.0,3514250.0,558840.0,3519370.0
train_0346_r8064_c5549,train,8064,5549,1,555450.0,3514250.0,560570.0,3519370.0
train_0347_r8448_c0,train,8448,0,1,499960.0,3510410.0,505080.0,3515530.0
train_0348_r8448_c384,train,8448,384,0,503800.0,3510410.0,508920.0,3515530.0
train_0349_r8448_c768,train,8448,768,0,507640.0,3510410.0,512760.0,3515530.0
train_0350_r8448_c1152,train,8448,1152,0,511480.0,3510410.0,516600.0,3515530.0
train_0351_r8448_c1536,train,8448,1536,0,515320.0,3510410.0,520440.0,3515530.0
train_0352_r8448_c1920,train,8448,1920,2,519160.0,3510410.0,524280.0,3515530.0
train_0353_r8448_c2304,train,8448,2304,4,523000.0,3510410.0,528120.0,3515530.0
train_0354_r8448_c2688,train,8448,2688,5,526840.0,3510410.0,531960.0,3515530.0
train_0355_r8448_c3072,train,8448,3072,8,530680.0,3510410.0,535800.0,3515530.0
train_0356_r8448_c3456,train,8448,3456,6,534520.0,3510410.0,539640.0,3515530.0
train_0357_r8448_c3840,train,8448,3840,5,538360.0,3510410.0,543480.0,3515530.0
train_0358_r8448_c4224,train,8448,4224,4,542200.0,3510410.0,547320.0,3515530.0
train_0359_r8448_c4608,train,8448,4608,8,546040.0,3510410.0,551160.0,3515530.0
train_0360_r8448_c4992,train,8448,4992,5,549880.0,3510410.0,555000.0,3515530.0
train_0361_r8448_c5376,train,8448,5376,3,553720.0,3510410.0,558840.0,3515530.0
train_0362_r8448_c5549,train,8448,5549,3,555450.0,3510410.0,560570.0,3515530.0
train_0363_r8832_c0,train,8832,0,3,499960.0,3506570.0,505080.0,3511690.0
train_0364_r8832_c384,train,8832,384,0,503800.0,3506570.0,508920.0,3511690.0
train_0365_r8832_c768,train,8832,768,1,507640.0,3506570.0,512760.0,3511690.0
train_0366_r8832_c1536,train,8832,1536,0,515320.0,3506570.0,520440.0,3511690.0
train_0367_r8832_c1920,train,8832,1920,1,519160.0,3506570.0,524280.0,3511690.0
train_0368_r8832_c2304,train,8832,2304,4,523000.0,3506570.0,528120.0,3511690.0
train_0369_r8832_c2688,train,8832,2688,6,526840.0,3506570.0,531960.0,3511690.0
train_0370_r8832_c3072,train,8832,3072,4,530680.0,3506570.0,535800.0,3511690.0
train_0371_r8832_c3456,train,8832,3456,2,534520.0,3506570.0,539640.0,3511690.0
train_0372_r8832_c3840,train,8832,3840,9,538360.0,3506570.0,543480.0,3511690.0
train_0373_r8832_c4224,train,8832,4224,5,542200.0,3506570.0,547320.0,3511690.0
train_0374_r8832_c4608,train,8832,4608,6,546040.0,3506570.0,551160.0,3511690.0
train_0375_r8832_c4992,train,8832,4992,4,549880.0,3506570.0,555000.0,3511690.0
train_0376_r8832_c5376,train,8832,5376,0,553720.0,3506570.0,558840.0,3511690.0
train_0377_r8832_c5549,train,8832,5549,2,555450.0,3506570.0,560570.0,3511690.0
train_0378_r9216_c0,train,9216,0,3,499960.0,3502730.0,505080.0,3507850.0
train_0379_r9216_c384,train,9216,384,3,503800.0,3502730.0,508920.0,3507850.0
train_0380_r9216_c768,train,9216,768,5,507640.0,3502730.0,512760.0,3507850.0
train_0381_r9216_c1152,train,9216,1152,14,511480.0,3502730.0,516600.0,3507850.0
train_0382_r9216_c1536,train,9216,1536,6,515320.0,3502730.0,520440.0,3507850.0
train_0383_r9216_c1920,train,9216,1920,2,519160.0,3502730.0,524280.0,3507850.0
train_0384_r9216_c2304,train,9216,2304,2,523000.0,3502730.0,528120.0,3507850.0
train_0385_r9216_c2688,train,9216,2688,1,526840.0,3502730.0,531960.0,3507850.0
train_0386_r9216_c3072,train,9216,3072,3,530680.0,3502730.0,535800.0,3507850.0
train_0387_r9216_c3456,train,9216,3456,6,534520.0,3502730.0,539640.0,3507850.0
train_0388_r9216_c3840,train,9216,3840,2,538360.0,3502730.0,543480.0,3507850.0
train_0389_r9216_c4224,train,9216,4224,2,542200.0,3502730.0,547320.0,3507850.0
train_0390_r9216_c4608,train,9216,4608,5,546040.0,3502730.0,551160.0,3507850.0
train_0391_r9216_c4992,train,9216,4992,3,549880.0,3502730.0,555000.0,3507850.0
train_0392_r9216_c5376,train,9216,5376,3,553720.0,3502730.0,558840.0,3507850.0
train_0393_r9216_c5549,train,9216,5549,2,555450.0,3502730.0,560570.0,3507850.0
train_0394_r9600_c0,train,9600,0,0,499960.0,3498890.0,505080.0,3504010.0
train_0395_r9600_c768,train,9600,768,0,507640.0,3498890.0,512760.0,3504010.0
train_0396_r9600_c1152,train,9600,1152,8,511480.0,3498890.0,516600.0,3504010.0
train_0397_r9600_c1536,train,9600,1536,9,515320.0,3498890.0,520440.0,3504010.0
train_0398_r9600_c1920,train,9600,1920,3,519160.0,3498890.0,524280.0,3504010.0
train_0399_r9600_c2304,train,9600,2304,6,523000.0,3498890.0,528120.0,3504010.0
train_0400_r9600_c2688,train,9600,2688,4,526840.0,3498890.0,531960.0,3504010.0
train_0401_r9600_c3072,train,9600,3072,2,530680.0,3498890.0,535800.0,3504010.0
train_0402_r9600_c3456,train,9600,3456,7,534520.0,3498890.0,539640.0,3504010.0
train_0403_r9600_c3840,train,9600,3840,5,538360.0,3498890.0,543480.0,3504010.0
train_0404_r9600_c4224,train,9600,4224,2,542200.0,3498890.0,547320.0,3504010.0
train_0405_r9600_c4608,train,9600,4608,5,546040.0,3498890.0,551160.0,3504010.0
train_0406_r9600_c4992,train,9600,4992,5,549880.0,3498890.0,555000.0,3504010.0
train_0407_r9600_c5376,train,9600,5376,1,553720.0,3498890.0,558840.0,3504010.0
train_0408_r9600_c5549,train,9600,5549,1,555450.0,3498890.0,560570.0,3504010.0
train_0409_r9984_c0,train,9984,0,0,499960.0,3495050.0,505080.0,3500170.0
train_0410_r9984_c384,train,9984,384,1,503800.0,3495050.0,508920.0,3500170.0
train_0411_r9984_c768,train,9984,768,0,507640.0,3495050.0,512760.0,3500170.0
train_0412_r9984_c1152,train,9984,1152,0,511480.0,3495050.0,516600.0,3500170.0
train_0413_r9984_c1536,train,9984,1536,0,515320.0,3495050.0,520440.0,3500170.0
train_0414_r9984_c1920,train,9984,1920,3,519160.0,3495050.0,524280.0,3500170.0
train_0415_r9984_c2304,train,9984,2304,5,523000.0,3495050.0,528120.0,3500170.0
train_0416_r9984_c2688,train,9984,2688,5,526840.0,3495050.0,531960.0,3500170.0
train_0417_r9984_c3072,train,9984,3072,1,530680.0,3495050.0,535800.0,3500170.0
train_0418_r9984_c3456,train,9984,3456,2,534520.0,3495050.0,539640.0,3500170.0
train_0419_r9984_c3840,train,9984,3840,1,538360.0,3495050.0,543480.0,3500170.0
train_0420_r9984_c4224,train,9984,4224,1,542200.0,3495050.0,547320.0,3500170.0
train_0421_r9984_c4608,train,9984,4608,5,546040.0,3495050.0,551160.0,3500170.0
train_0422_r9984_c4992,train,9984,4992,1,549880.0,3495050.0,555000.0,3500170.0
train_0423_r9984_c5376,train,9984,5376,1,553720.0,3495050.0,558840.0,3500170.0
train_0424_r9984_c5549,train,9984,5549,1,555450.0,3495050.0,560570.0,3500170.0
train_0425_r10368_c0,train,10368,0,0,499960.0,3491210.0,505080.0,3496330.0
train_0426_r10368_c384,train,10368,384,0,503800.0,3491210.0,508920.0,3496330.0
train_0427_r10368_c768,train,10368,768,0,507640.0,3491210.0,512760.0,3496330.0
train_0428_r10368_c1152,train,10368,1152,0,511480.0,3491210.0,516600.0,3496330.0
train_0429_r10368_c1536,train,10368,1536,0,515320.0,3491210.0,520440.0,3496330.0
train_0430_r10368_c1920,train,10368,1920,0,519160.0,3491210.0,524280.0,3496330.0
train_0431_r10368_c2304,train,10368,2304,1,523000.0,3491210.0,528120.0,3496330.0
train_0432_r10368_c2688,train,10368,2688,2,526840.0,3491210.0,531960.0,3496330.0
train_0433_r10368_c3072,train,10368,3072,2,530680.0,3491210.0,535800.0,3496330.0
train_0434_r10368_c3840,train,10368,3840,0,538360.0,3491210.0,543480.0,3496330.0
train_0435_r10368_c4224,train,10368,4224,0,542200.0,3491210.0,547320.0,3496330.0
train_0436_r10368_c4608,train,10368,4608,6,546040.0,3491210.0,551160.0,3496330.0
train_0437_r10368_c4992,train,10368,4992,3,549880.0,3491210.0,555000.0,3496330.0
train_0438_r10468_c0,train,10468,0,0,499960.0,3490210.0,505080.0,3495330.0
train_0439_r10468_c384,train,10468,384,0,503800.0,3490210.0,508920.0,3495330.0
train_0440_r10468_c768,train,10468,768,0,507640.0,3490210.0,512760.0,3495330.0
train_0441_r10468_c1152,train,10468,1152,0,511480.0,3490210.0,516600.0,3495330.0
train_0442_r10468_c1536,train,10468,1536,0,515320.0,3490210.0,520440.0,3495330.0
train_0443_r10468_c1920,train,10468,1920,0,519160.0,3490210.0,524280.0,3495330.0
train_0444_r10468_c2304,train,10468,2304,1,523000.0,3490210.0,528120.0,3495330.0
train_0445_r10468_c2688,train,10468,2688,2,526840.0,3490210.0,531960.0,3495330.0
train_0446_r10468_c3072,train,10468,3072,3,530680.0,3490210.0,535800.0,3495330.0
train_0447_r10468_c3456,train,10468,3456,2,534520.0,3490210.0,539640.0,3495330.0
train_0448_r10468_c3840,train,10468,3840,0,538360.0,3490210.0,543480.0,3495330.0
train_0449_r10468_c4224,train,10468,4224,0,542200.0,3490210.0,547320.0,3495330.0
train_0450_r10468_c4608,train,10468,4608,5,546040.0,3490210.0,551160.0,3495330.0
train_0451_r10468_c4992,train,10468,4992,5,549880.0,3490210.0,555000.0,3495330.0
train_0452_r10468_c5376,train,10468,5376,1,553720.0,3490210.0,558840.0,3495330.0
train_0453_r10468_c5549,train,10468,5549,1,555450.0,3490210.0,560570.0,3495330.0
val_0000_r0_c6060,val,0,6060,1,560560.0,3594890.0,565680.0,3600010.0
val_0001_r0_c6444,val,0,6444,1,564400.0,3594890.0,569520.0,3600010.0
val_0002_r0_c6828,val,0,6828,0,568240.0,3594890.0,573360.0,3600010.0
val_0003_r0_c6843,val,0,6843,0,568390.0,3594890.0,573510.0,3600010.0
val_0004_r384_c6060,val,384,6060,0,560560.0,3591050.0,565680.0,3596170.0
val_0005_r384_c6444,val,384,6444,0,564400.0,3591050.0,569520.0,3596170.0
val_0006_r384_c6828,val,384,6828,0,568240.0,3591050.0,573360.0,3596170.0
val_0007_r384_c6843,val,384,6843,0,568390.0,3591050.0,573510.0,3596170.0
val_0008_r768_c6060,val,768,6060,0,560560.0,3587210.0,565680.0,3592330.0
val_0009_r768_c6444,val,768,6444,0,564400.0,3587210.0,569520.0,3592330.0
val_0010_r768_c6828,val,768,6828,1,568240.0,3587210.0,573360.0,3592330.0
val_0011_r768_c6843,val,768,6843,1,568390.0,3587210.0,573510.0,3592330.0
val_0012_r1152_c6060,val,1152,6060,4,560560.0,3583370.0,565680.0,3588490.0
val_0013_r1152_c6444,val,1152,6444,3,564400.0,3583370.0,569520.0,3588490.0
val_0014_r1152_c6828,val,1152,6828,3,568240.0,3583370.0,573360.0,3588490.0
val_0015_r1152_c6843,val,1152,6843,3,568390.0,3583370.0,573510.0,3588490.0
val_0016_r1536_c6060,val,1536,6060,4,560560.0,3579530.0,565680.0,3584650.0
val_0017_r1536_c6444,val,1536,6444,6,564400.0,3579530.0,569520.0,3584650.0
val_0018_r1536_c6828,val,1536,6828,8,568240.0,3579530.0,573360.0,3584650.0
val_0019_r1536_c6843,val,1536,6843,8,568390.0,3579530.0,573510.0,3584650.0
val_0020_r1920_c6060,val,1920,6060,6,560560.0,3575690.0,565680.0,3580810.0
val_0021_r1920_c6444,val,1920,6444,9,564400.0,3575690.0,569520.0,3580810.0
val_0022_r1920_c6828,val,1920,6828,5,568240.0,3575690.0,573360.0,3580810.0
val_0023_r1920_c6843,val,1920,6843,5,568390.0,3575690.0,573510.0,3580810.0
val_0024_r2304_c6060,val,2304,6060,8,560560.0,3571850.0,565680.0,3576970.0
val_0025_r2304_c6444,val,2304,6444,3,564400.0,3571850.0,569520.0,3576970.0
val_0026_r2304_c6828,val,2304,6828,3,568240.0,3571850.0,573360.0,3576970.0
val_0027_r2304_c6843,val,2304,6843,3,568390.0,3571850.0,573510.0,3576970.0
val_0028_r2688_c6060,val,2688,6060,7,560560.0,3568010.0,565680.0,3573130.0
val_0029_r2688_c6444,val,2688,6444,8,564400.0,3568010.0,569520.0,3573130.0
val_0030_r2688_c6828,val,2688,6828,4,568240.0,3568010.0,573360.0,3573130.0
val_0031_r2688_c6843,val,2688,6843,4,568390.0,3568010.0,573510.0,3573130.0
val_0032_r3072_c6060,val,3072,6060,9,560560.0,3564170.0,565680.0,3569290.0
val_0033_r3072_c6444,val,3072,6444,1,564400.0,3564170.0,569520.0,3569290.0
val_0034_r3072_c6828,val,3072,6828,5,568240.0,3564170.0,573360.0,3569290.0
val_0035_r3072_c6843,val,3072,6843,5,568390.0,3564170.0,573510.0,3569290.0
val_0036_r3456_c6060,val,3456,6060,2,560560.0,3560330.0,565680.0,3565450.0
val_0037_r3456_c6444,val,3456,6444,5,564400.0,3560330.0,569520.0,3565450.0
val_0038_r3456_c6828,val,3456,6828,7,568240.0,3560330.0,573360.0,3565450.0
val_0039_r3456_c6843,val,3456,6843,7,568390.0,3560330.0,573510.0,3565450.0
val_0040_r3840_c6060,val,3840,6060,3,560560.0,3556490.0,565680.0,3561610.0
val_0041_r3840_c6444,val,3840,6444,2,564400.0,3556490.0,569520.0,3561610.0
val_0042_r3840_c6828,val,3840,6828,5,568240.0,3556490.0,573360.0,3561610.0
val_0043_r3840_c6843,val,3840,6843,5,568390.0,3556490.0,573510.0,3561610.0
val_0044_r4224_c6060,val,4224,6060,4,560560.0,3552650.0,565680.0,3557770.0
val_0045_r4224_c6444,val,4224,6444,3,564400.0,3552650.0,569520.0,3557770.0
val_0046_r4224_c6828,val,4224,6828,6,568240.0,3552650.0,573360.0,3557770.0
val_0047_r4224_c6843,val,4224,6843,5,568390.0,3552650.0,573510.0,3557770.0
val_0048_r4608_c6060,val,4608,6060,11,560560.0,3548810.0,565680.0,3553930.0
val_0049_r4608_c6444,val,4608,6444,6,564400.0,3548810.0,569520.0,3553930.0
val_0050_r4608_c6828,val,4608,6828,3,568240.0,3548810.0,573360.0,3553930.0
val_0051_r4608_c6843,val,4608,6843,3,568390.0,3548810.0,573510.0,3553930.0
val_0052_r4992_c6060,val,4992,6060,8,560560.0,3544970.0,565680.0,3550090.0
val_0053_r4992_c6444,val,4992,6444,8,564400.0,3544970.0,569520.0,3550090.0
val_0054_r4992_c6828,val,4992,6828,6,568240.0,3544970.0,573360.0,3550090.0
val_0055_r4992_c6843,val,4992,6843,5,568390.0,3544970.0,573510.0,3550090.0
val_0056_r5376_c6060,val,5376,6060,6,560560.0,3541130.0,565680.0,3546250.0
val_0057_r5376_c6444,val,5376,6444,4,564400.0,3541130.0,569520.0,3546250.0
val_0058_r5376_c6828,val,5376,6828,8,568240.0,3541130.0,573360.0,3546250.0
val_0059_r5376_c6843,val,5376,6843,7,568390.0,3541130.0,573510.0,3546250.0
val_0060_r5760_c6060,val,5760,6060,4,560560.0,3537290.0,565680.0,3542410.0
val_0061_r5760_c6828,val,5760,6828,0,568240.0,3537290.0,573360.0,3542410.0
val_0062_r5760_c6843,val,5760,6843,0,568390.0,3537290.0,573510.0,3542410.0
val_0063_r6144_c6060,val,6144,6060,4,560560.0,3533450.0,565680.0,3538570.0
val_0064_r6144_c6444,val,6144,6444,1,564400.0,3533450.0,569520.0,3538570.0
val_0065_r6144_c6828,val,6144,6828,0,568240.0,3533450.0,573360.0,3538570.0
val_0066_r6144_c6843,val,6144,6843,0,568390.0,3533450.0,573510.0,3538570.0
val_0067_r6528_c6060,val,6528,6060,4,560560.0,3529610.0,565680.0,3534730.0
val_0068_r6528_c6444,val,6528,6444,1,564400.0,3529610.0,569520.0,3534730.0
val_0069_r6528_c6828,val,6528,6828,0,568240.0,3529610.0,573360.0,3534730.0
val_0070_r6528_c6843,val,6528,6843,0,568390.0,3529610.0,573510.0,3534730.0
val_0071_r6912_c6060,val,6912,6060,4,560560.0,3525770.0,565680.0,3530890.0
val_0072_r6912_c6444,val,6912,6444,1,564400.0,3525770.0,569520.0,3530890.0
val_0073_r6912_c6828,val,6912,6828,0,568240.0,3525770.0,573360.0,3530890.0
val_0074_r6912_c6843,val,6912,6843,0,568390.0,3525770.0,573510.0,3530890.0
val_0075_r7296_c6060,val,7296,6060,2,560560.0,3521930.0,565680.0,3527050.0
val_0076_r7296_c6444,val,7296,6444,2,564400.0,3521930.0,569520.0,3527050.0
val_0077_r7296_c6828,val,7296,6828,0,568240.0,3521930.0,573360.0,3527050.0
val_0078_r7296_c6843,val,7296,6843,0,568390.0,3521930.0,573510.0,3527050.0
val_0079_r7680_c6060,val,7680,6060,2,560560.0,3518090.0,565680.0,3523210.0
val_0080_r7680_c6444,val,7680,6444,1,564400.0,3518090.0,569520.0,3523210.0
val_0081_r7680_c6828,val,7680,6828,0,568240.0,3518090.0,573360.0,3523210.0
val_0082_r7680_c6843,val,7680,6843,0,568390.0,3518090.0,573510.0,3523210.0
val_0083_r8064_c6060,val,8064,6060,0,560560.0,3514250.0,565680.0,3519370.0
val_0084_r8064_c6444,val,8064,6444,2,564400.0,3514250.0,569520.0,3519370.0
val_0085_r8064_c6828,val,8064,6828,2,568240.0,3514250.0,573360.0,3519370.0
val_0086_r8064_c6843,val,8064,6843,2,568390.0,3514250.0,573510.0,3519370.0
val_0087_r8448_c6060,val,8448,6060,2,560560.0,3510410.0,565680.0,3515530.0
val_0088_r8448_c6444,val,8448,6444,0,564400.0,3510410.0,569520.0,3515530.0
val_0089_r8448_c6828,val,8448,6828,3,568240.0,3510410.0,573360.0,3515530.0
val_0090_r8448_c6843,val,8448,6843,3,568390.0,3510410.0,573510.0,3515530.0
val_0091_r8832_c6060,val,8832,6060,0,560560.0,3506570.0,565680.0,3511690.0
val_0092_r8832_c6444,val,8832,6444,0,564400.0,3506570.0,569520.0,3511690.0
val_0093_r8832_c6828,val,8832,6828,1,568240.0,3506570.0,573360.0,3511690.0
val_0094_r8832_c6843,val,8832,6843,1,568390.0,3506570.0,573510.0,3511690.0
val_0095_r9216_c6060,val,9216,6060,4,560560.0,3502730.0,565680.0,3507850.0
val_0096_r9216_c6444,val,9216,6444,4,564400.0,3502730.0,569520.0,3507850.0
val_0097_r9216_c6828,val,9216,6828,1,568240.0,3502730.0,573360.0,3507850.0
val_0098_r9216_c6843,val,9216,6843,1,568390.0,3502730.0,573510.0,3507850.0
val_0099_r9600_c6060,val,9600,6060,4,560560.0,3498890.0,565680.0,3504010.0
val_0100_r9600_c6444,val,9600,6444,3,564400.0,3498890.0,569520.0,3504010.0
val_0101_r9600_c6828,val,9600,6828,4,568240.0,3498890.0,573360.0,3504010.0
val_0102_r9600_c6843,val,9600,6843,4,568390.0,3498890.0,573510.0,3504010.0
val_0103_r9984_c6060,val,9984,6060,1,560560.0,3495050.0,565680.0,3500170.0
val_0104_r9984_c6444,val,9984,6444,4,564400.0,3495050.0,569520.0,3500170.0
val_0105_r9984_c6828,val,9984,6828,3,568240.0,3495050.0,573360.0,3500170.0
val_0106_r9984_c6843,val,9984,6843,3,568390.0,3495050.0,573510.0,3500170.0
val_0107_r10368_c6060,val,10368,6060,1,560560.0,3491210.0,565680.0,3496330.0
val_0108_r10368_c6444,val,10368,6444,1,564400.0,3491210.0,569520.0,3496330.0
val_0109_r10368_c6828,val,10368,6828,6,568240.0,3491210.0,573360.0,3496330.0
val_0110_r10368_c6843,val,10368,6843,6,568390.0,3491210.0,573510.0,3496330.0
val_0111_r10468_c6060,val,10468,6060,1,560560.0,3490210.0,565680.0,3495330.0
val_0112_r10468_c6444,val,10468,6444,1,564400.0,3490210.0,569520.0,3495330.0
val_0113_r10468_c6828,val,10468,6828,6,568240.0,3490210.0,573360.0,3495330.0
val_0114_r10468_c6843,val,10468,6843,6,568390.0,3490210.0,573510.0,3495330.0
test_0000_r0_c7354,test,0,7354,0,573500.0,3594890.0,578620.0,3600010.0
test_0001_r0_c7738,test,0,7738,0,577340.0,3594890.0,582460.0,3600010.0
test_0002_r0_c8122,test,0,8122,0,581180.0,3594890.0,586300.0,3600010.0
test_0003_r0_c8506,test,0,8506,1,585020.0,3594890.0,590140.0,3600010.0
test_0004_r0_c8890,test,0,8890,1,588860.0,3594890.0,593980.0,3600010.0
test_0005_r0_c9274,test,0,9274,1,592700.0,3594890.0,597820.0,3600010.0
test_0006_r0_c9658,test,0,9658,1,596540.0,3594890.0,601660.0,3600010.0
test_0007_r0_c10042,test,0,10042,0,600380.0,3594890.0,605500.0,3600010.0
test_0008_r0_c10426,test,0,10426,0,604220.0,3594890.0,609340.0,3600010.0
test_0009_r0_c10470,test,0,10470,0,604660.0,3594890.0,609780.0,3600010.0
test_0010_r384_c7354,test,384,7354,0,573500.0,3591050.0,578620.0,3596170.0
test_0011_r384_c7738,test,384,7738,1,577340.0,3591050.0,582460.0,3596170.0
test_0012_r384_c8122,test,384,8122,3,581180.0,3591050.0,586300.0,3596170.0
test_0013_r384_c8506,test,384,8506,2,585020.0,3591050.0,590140.0,3596170.0
test_0014_r384_c8890,test,384,8890,1,588860.0,3591050.0,593980.0,3596170.0
test_0015_r384_c9274,test,384,9274,1,592700.0,3591050.0,597820.0,3596170.0
test_0016_r384_c9658,test,384,9658,3,596540.0,3591050.0,601660.0,3596170.0
test_0017_r384_c10042,test,384,10042,0,600380.0,3591050.0,605500.0,3596170.0
test_0018_r384_c10426,test,384,10426,1,604220.0,3591050.0,609340.0,3596170.0
test_0019_r384_c10470,test,384,10470,1,604660.0,3591050.0,609780.0,3596170.0
test_0020_r768_c7354,test,768,7354,0,573500.0,3587210.0,578620.0,3592330.0
test_0021_r768_c7738,test,768,7738,1,577340.0,3587210.0,582460.0,3592330.0
test_0022_r768_c8122,test,768,8122,2,581180.0,3587210.0,586300.0,3592330.0
test_0023_r768_c8506,test,768,8506,5,585020.0,3587210.0,590140.0,3592330.0
test_0024_r768_c8890,test,768,8890,2,588860.0,3587210.0,593980.0,3592330.0
test_0025_r768_c9274,test,768,9274,4,592700.0,3587210.0,597820.0,3592330.0
test_0026_r768_c9658,test,768,9658,1,596540.0,3587210.0,601660.0,3592330.0
test_0027_r768_c10042,test,768,10042,0,600380.0,3587210.0,605500.0,3592330.0
test_0028_r768_c10426,test,768,10426,1,604220.0,3587210.0,609340.0,3592330.0
test_0029_r768_c10470,test,768,10470,1,604660.0,3587210.0,609780.0,3592330.0
test_0030_r1152_c7354,test,1152,7354,1,573500.0,3583370.0,578620.0,3588490.0
test_0031_r1152_c7738,test,1152,7738,1,577340.0,3583370.0,582460.0,3588490.0
test_0032_r1152_c8122,test,1152,8122,0,581180.0,3583370.0,586300.0,3588490.0
test_0033_r1152_c8890,test,1152,8890,1,588860.0,3583370.0,593980.0,3588490.0
test_0034_r1152_c9274,test,1152,9274,2,592700.0,3583370.0,597820.0,3588490.0
test_0035_r1152_c9658,test,1152,9658,0,596540.0,3583370.0,601660.0,3588490.0
test_0036_r1152_c10042,test,1152,10042,0,600380.0,3583370.0,605500.0,3588490.0
test_0037_r1152_c10426,test,1152,10426,0,604220.0,3583370.0,609340.0,3588490.0
test_0038_r1152_c10470,test,1152,10470,0,604660.0,3583370.0,609780.0,3588490.0
test_0039_r1536_c7354,test,1536,7354,1,573500.0,3579530.0,578620.0,3584650.0
test_0040_r1536_c7738,test,1536,7738,0,577340.0,3579530.0,582460.0,3584650.0
test_0041_r1536_c8122,test,1536,8122,0,581180.0,3579530.0,586300.0,3584650.0
test_0042_r1536_c8506,test,1536,8506,0,585020.0,3579530.0,590140.0,3584650.0
test_0043_r1536_c8890,test,1536,8890,0,588860.0,3579530.0,593980.0,3584650.0
test_0044_r1536_c9274,test,1536,9274,0,592700.0,3579530.0,597820.0,3584650.0
test_0045_r1536_c9658,test,1536,9658,0,596540.0,3579530.0,601660.0,3584650.0
test_0046_r1536_c10042,test,1536,10042,0,600380.0,3579530.0,605500.0,3584650.0
test_0047_r1536_c10426,test,1536,10426,0,604220.0,3579530.0,609340.0,3584650.0
test_0048_r1536_c10470,test,1536,10470,0,604660.0,3579530.0,609780.0,3584650.0
test_0049_r1920_c7354,test,1920,7354,1,573500.0,3575690.0,578620.0,3580810.0
test_0050_r1920_c7738,test,1920,7738,0,577340.0,3575690.0,582460.0,3580810.0
test_0051_r1920_c8122,test,1920,8122,0,581180.0,3575690.0,586300.0,3580810.0
test_0052_r1920_c8506,test,1920,8506,0,585020.0,3575690.0,590140.0,3580810.0
test_0053_r1920_c8890,test,1920,8890,0,588860.0,3575690.0,593980.0,3580810.0
test_0054_r1920_c9274,test,1920,9274,0,592700.0,3575690.0,597820.0,3580810.0
test_0055_r1920_c9658,test,1920,9658,0,596540.0,3575690.0,601660.0,3580810.0
test_0056_r1920_c10042,test,1920,10042,1,600380.0,3575690.0,605500.0,3580810.0
test_0057_r1920_c10426,test,1920,10426,0,604220.0,3575690.0,609340.0,3580810.0
test_0058_r1920_c10470,test,1920,10470,0,604660.0,3575690.0,609780.0,3580810.0
test_0059_r2304_c7354,test,2304,7354,2,573500.0,3571850.0,578620.0,3576970.0
test_0060_r2304_c7738,test,2304,7738,0,577340.0,3571850.0,582460.0,3576970.0
test_0061_r2304_c8122,test,2304,8122,0,581180.0,3571850.0,586300.0,3576970.0
test_0062_r2304_c8506,test,2304,8506,0,585020.0,3571850.0,590140.0,3576970.0
test_0063_r2304_c8890,test,2304,8890,0,588860.0,3571850.0,593980.0,3576970.0
test_0064_r2304_c9274,test,2304,9274,0,592700.0,3571850.0,597820.0,3576970.0
test_0065_r2304_c9658,test,2304,9658,0,596540.0,3571850.0,601660.0,3576970.0
test_0066_r2304_c10042,test,2304,10042,2,600380.0,3571850.0,605500.0,3576970.0
test_0067_r2304_c10426,test,2304,10426,1,604220.0,3571850.0,609340.0,3576970.0
test_0068_r2304_c10470,test,2304,10470,1,604660.0,3571850.0,609780.0,3576970.0
test_0069_r2688_c7354,test,2688,7354,0,573500.0,3568010.0,578620.0,3573130.0
test_0070_r2688_c7738,test,2688,7738,0,577340.0,3568010.0,582460.0,3573130.0
test_0071_r2688_c8122,test,2688,8122,0,581180.0,3568010.0,586300.0,3573130.0
test_0072_r2688_c8506,test,2688,8506,0,585020.0,3568010.0,590140.0,3573130.0
test_0073_r2688_c8890,test,2688,8890,0,588860.0,3568010.0,593980.0,3573130.0
test_0074_r2688_c9274,test,2688,9274,0,592700.0,3568010.0,597820.0,3573130.0
test_0075_r2688_c9658,test,2688,9658,0,596540.0,3568010.0,601660.0,3573130.0
test_0076_r2688_c10042,test,2688,10042,0,600380.0,3568010.0,605500.0,3573130.0
test_0077_r2688_c10426,test,2688,10426,0,604220.0,3568010.0,609340.0,3573130.0
test_0078_r2688_c10470,test,2688,10470,0,604660.0,3568010.0,609780.0,3573130.0
test_0079_r3072_c7354,test,3072,7354,1,573500.0,3564170.0,578620.0,3569290.0
test_0080_r3072_c7738,test,3072,7738,1,577340.0,3564170.0,582460.0,3569290.0
test_0081_r3072_c8122,test,3072,8122,0,581180.0,3564170.0,586300.0,3569290.0
test_0082_r3072_c8506,test,3072,8506,0,585020.0,3564170.0,590140.0,3569290.0
test_0083_r3072_c8890,test,3072,8890,0,588860.0,3564170.0,593980.0,3569290.0
test_0084_r3072_c9274,test,3072,9274,0,592700.0,3564170.0,597820.0,3569290.0
test_0085_r3072_c9658,test,3072,9658,0,596540.0,3564170.0,601660.0,3569290.0
test_0086_r3072_c10042,test,3072,10042,0,600380.0,3564170.0,605500.0,3569290.0
test_0087_r3072_c10426,test,3072,10426,0,604220.0,3564170.0,609340.0,3569290.0
test_0088_r3072_c10470,test,3072,10470,0,604660.0,3564170.0,609780.0,3569290.0
test_0089_r3456_c7354,test,3456,7354,7,573500.0,3560330.0,578620.0,3565450.0
test_0090_r3456_c7738,test,3456,7738,1,577340.0,3560330.0,582460.0,3565450.0
test_0091_r3456_c8122,test,3456,8122,0,581180.0,3560330.0,586300.0,3565450.0
test_0092_r3456_c8506,test,3456,8506,0,585020.0,3560330.0,590140.0,3565450.0
test_0093_r3456_c8890,test,3456,8890,0,588860.0,3560330.0,593980.0,3565450.0
test_0094_r3456_c9274,test,3456,9274,0,592700.0,3560330.0,597820.0,3565450.0
test_0095_r3456_c9658,test,3456,9658,0,596540.0,3560330.0,601660.0,3565450.0
test_0096_r3456_c10042,test,3456,10042,0,600380.0,3560330.0,605500.0,3565450.0
test_0097_r3456_c10426,test,3456,10426,0,604220.0,3560330.0,609340.0,3565450.0
test_0098_r3456_c10470,test,3456,10470,0,604660.0,3560330.0,609780.0,3565450.0
test_0099_r3840_c7354,test,3840,7354,4,573500.0,3556490.0,578620.0,3561610.0
test_0100_r3840_c7738,test,3840,7738,0,577340.0,3556490.0,582460.0,3561610.0
test_0101_r3840_c8122,test,3840,8122,1,581180.0,3556490.0,586300.0,3561610.0
test_0102_r3840_c8506,test,3840,8506,1,585020.0,3556490.0,590140.0,3561610.0
test_0103_r3840_c8890,test,3840,8890,0,588860.0,3556490.0,593980.0,3561610.0
test_0104_r3840_c9274,test,3840,9274,0,592700.0,3556490.0,597820.0,3561610.0
test_0105_r3840_c9658,test,3840,9658,0,596540.0,3556490.0,601660.0,3561610.0
test_0106_r3840_c10042,test,3840,10042,0,600380.0,3556490.0,605500.0,3561610.0
test_0107_r3840_c10426,test,3840,10426,0,604220.0,3556490.0,609340.0,3561610.0
test_0108_r3840_c10470,test,3840,10470,0,604660.0,3556490.0,609780.0,3561610.0
test_0109_r4224_c7354,test,4224,7354,6,573500.0,3552650.0,578620.0,3557770.0
test_0110_r4224_c7738,test,4224,7738,1,577340.0,3552650.0,582460.0,3557770.0
test_0111_r4224_c8122,test,4224,8122,0,581180.0,3552650.0,586300.0,3557770.0
test_0112_r4224_c8506,test,4224,8506,0,585020.0,3552650.0,590140.0,3557770.0
test_0113_r4224_c8890,test,4224,8890,0,588860.0,3552650.0,593980.0,3557770.0
test_0114_r4224_c9274,test,4224,9274,0,592700.0,3552650.0,597820.0,3557770.0
test_0115_r4224_c9658,test,4224,9658,0,596540.0,3552650.0,601660.0,3557770.0
test_0116_r4224_c10042,test,4224,10042,0,600380.0,3552650.0,605500.0,3557770.0
test_0117_r4224_c10426,test,4224,10426,0,604220.0,3552650.0,609340.0,3557770.0
test_0118_r4224_c10470,test,4224,10470,0,604660.0,3552650.0,609780.0,3557770.0
test_0119_r4608_c7354,test,4608,7354,2,573500.0,3548810.0,578620.0,3553930.0
test_0120_r4608_c7738,test,4608,7738,0,577340.0,3548810.0,582460.0,3553930.0
test_0121_r4608_c8122,test,4608,8122,0,581180.0,3548810.0,586300.0,3553930.0
test_0122_r4608_c8506,test,4608,8506,1,585020.0,3548810.0,590140.0,3553930.0
test_0123_r4608_c8890,test,4608,8890,0,588860.0,3548810.0,593980.0,3553930.0
test_0124_r4608_c9274,test,4608,9274,0,592700.0,3548810.0,597820.0,3553930.0
test_0125_r4608_c9658,test,4608,9658,0,596540.0,3548810.0,601660.0,3553930.0
test_0126_r4608_c10042,test,4608,10042,0,600380.0,3548810.0,605500.0,3553930.0
test_0127_r4608_c10426,test,4608,10426,0,604220.0,3548810.0,609340.0,3553930.0
test_0128_r4608_c10470,test,4608,10470,0,604660.0,3548810.0,609780.0,3553930.0
test_0129_r4992_c7354,test,4992,7354,7,573500.0,3544970.0,578620.0,3550090.0
test_0130_r4992_c7738,test,4992,7738,2,577340.0,3544970.0,582460.0,3550090.0
test_0131_r4992_c8122,test,4992,8122,0,581180.0,3544970.0,586300.0,3550090.0
test_0132_r4992_c8506,test,4992,8506,0,585020.0,3544970.0,590140.0,3550090.0
test_0133_r4992_c8890,test,4992,8890,0,588860.0,3544970.0,593980.0,3550090.0
test_0134_r4992_c9274,test,4992,9274,0,592700.0,3544970.0,597820.0,3550090.0
test_0135_r4992_c9658,test,4992,9658,0,596540.0,3544970.0,601660.0,3550090.0
test_0136_r4992_c10042,test,4992,10042,0,600380.0,3544970.0,605500.0,3550090.0
test_0137_r4992_c10426,test,4992,10426,1,604220.0,3544970.0,609340.0,3550090.0
test_0138_r4992_c10470,test,4992,10470,1,604660.0,3544970.0,609780.0,3550090.0
test_0139_r5376_c7354,test,5376,7354,9,573500.0,3541130.0,578620.0,3546250.0
test_0140_r5376_c7738,test,5376,7738,5,577340.0,3541130.0,582460.0,3546250.0
test_0141_r5376_c8122,test,5376,8122,0,581180.0,3541130.0,586300.0,3546250.0
test_0142_r5376_c8506,test,5376,8506,0,585020.0,3541130.0,590140.0,3546250.0
test_0143_r5376_c8890,test,5376,8890,0,588860.0,3541130.0,593980.0,3546250.0
test_0144_r5376_c9274,test,5376,9274,0,592700.0,3541130.0,597820.0,3546250.0
test_0145_r5376_c9658,test,5376,9658,0,596540.0,3541130.0,601660.0,3546250.0
test_0146_r5376_c10042,test,5376,10042,0,600380.0,3541130.0,605500.0,3546250.0
test_0147_r5376_c10426,test,5376,10426,0,604220.0,3541130.0,609340.0,3546250.0
test_0148_r5376_c10470,test,5376,10470,0,604660.0,3541130.0,609780.0,3546250.0
test_0149_r5760_c7354,test,5760,7354,1,573500.0,3537290.0,578620.0,3542410.0
test_0150_r5760_c7738,test,5760,7738,2,577340.0,3537290.0,582460.0,3542410.0
test_0151_r5760_c8122,test,5760,8122,0,581180.0,3537290.0,586300.0,3542410.0
test_0152_r5760_c8506,test,5760,8506,0,585020.0,3537290.0,590140.0,3542410.0
test_0153_r5760_c8890,test,5760,8890,0,588860.0,3537290.0,593980.0,3542410.0
test_0154_r5760_c9274,test,5760,9274,0,592700.0,3537290.0,597820.0,3542410.0
test_0155_r5760_c9658,test,5760,9658,0,596540.0,3537290.0,601660.0,3542410.0
test_0156_r5760_c10042,test,5760,10042,0,600380.0,3537290.0,605500.0,3542410.0
test_0157_r5760_c10426,test,5760,10426,0,604220.0,3537290.0,609340.0,3542410.0
test_0158_r5760_c10470,test,5760,10470,0,604660.0,3537290.0,609780.0,3542410.0
test_0159_r6144_c7354,test,6144,7354,0,573500.0,3533450.0,578620.0,3538570.0
test_0160_r6144_c7738,test,6144,7738,1,577340.0,3533450.0,582460.0,3538570.0
test_0161_r6144_c8122,test,6144,8122,0,581180.0,3533450.0,586300.0,3538570.0
test_0162_r6144_c8506,test,6144,8506,0,585020.0,3533450.0,590140.0,3538570.0
test_0163_r6144_c8890,test,6144,8890,0,588860.0,3533450.0,593980.0,3538570.0
test_0164_r6144_c9274,test,6144,9274,0,592700.0,3533450.0,597820.0,3538570.0
test_0165_r6144_c9658,test,6144,9658,0,596540.0,3533450.0,601660.0,3538570.0
test_0166_r6144_c10042,test,6144,10042,0,600380.0,3533450.0,605500.0,3538570.0
test_0167_r6144_c10426,test,6144,10426,0,604220.0,3533450.0,609340.0,3538570.0
test_0168_r6144_c10470,test,6144,10470,0,604660.0,3533450.0,609780.0,3538570.0
test_0169_r6528_c7354,test,6528,7354,1,573500.0,3529610.0,578620.0,3534730.0
test_0170_r6528_c7738,test,6528,7738,1,577340.0,3529610.0,582460.0,3534730.0
test_0171_r6528_c8122,test,6528,8122,0,581180.0,3529610.0,586300.0,3534730.0
test_0172_r6528_c8506,test,6528,8506,0,585020.0,3529610.0,590140.0,3534730.0
test_0173_r6528_c8890,test,6528,8890,0,588860.0,3529610.0,593980.0,3534730.0
test_0174_r6528_c9274,test,6528,9274,0,592700.0,3529610.0,597820.0,3534730.0
test_0175_r6528_c9658,test,6528,9658,0,596540.0,3529610.0,601660.0,3534730.0
test_0176_r6528_c10042,test,6528,10042,0,600380.0,3529610.0,605500.0,3534730.0
test_0177_r6528_c10426,test,6528,10426,0,604220.0,3529610.0,609340.0,3534730.0
test_0178_r6528_c10470,test,6528,10470,0,604660.0,3529610.0,609780.0,3534730.0
test_0179_r6912_c7354,test,6912,7354,2,573500.0,3525770.0,578620.0,3530890.0
test_0180_r6912_c7738,test,6912,7738,3,577340.0,3525770.0,582460.0,3530890.0
test_0181_r6912_c8122,test,6912,8122,2,581180.0,3525770.0,586300.0,3530890.0
test_0182_r6912_c8506,test,6912,8506,3,585020.0,3525770.0,590140.0,3530890.0
test_0183_r6912_c8890,test,6912,8890,6,588860.0,3525770.0,593980.0,3530890.0
test_0184_r6912_c9274,test,6912,9274,0,592700.0,3525770.0,597820.0,3530890.0
test_0185_r6912_c9658,test,6912,9658,0,596540.0,3525770.0,601660.0,3530890.0
test_0186_r6912_c10042,test,6912,10042,0,600380.0,3525770.0,605500.0,3530890.0
test_0187_r6912_c10426,test,6912,10426,0,604220.0,3525770.0,609340.0,3530890.0
test_0188_r6912_c10470,test,6912,10470,0,604660.0,3525770.0,609780.0,3530890.0
test_0189_r7296_c7354,test,7296,7354,3,573500.0,3521930.0,578620.0,3527050.0
test_0190_r7296_c7738,test,7296,7738,3,577340.0,3521930.0,582460.0,3527050.0
test_0191_r7296_c8122,test,7296,8122,2,581180.0,3521930.0,586300.0,3527050.0
test_0192_r7296_c8890,test,7296,8890,1,588860.0,3521930.0,593980.0,3527050.0
test_0193_r7296_c9274,test,7296,9274,5,592700.0,3521930.0,597820.0,3527050.0
test_0194_r7296_c9658,test,7296,9658,0,596540.0,3521930.0,601660.0,3527050.0
test_0195_r7296_c10042,test,7296,10042,0,600380.0,3521930.0,605500.0,3527050.0
test_0196_r7296_c10426,test,7296,10426,1,604220.0,3521930.0,609340.0,3527050.0
test_0197_r7296_c10470,test,7296,10470,1,604660.0,3521930.0,609780.0,3527050.0
test_0198_r7680_c7354,test,7680,7354,0,573500.0,3518090.0,578620.0,3523210.0
test_0199_r7680_c7738,test,7680,7738,2,577340.0,3518090.0,582460.0,3523210.0
test_0200_r7680_c8122,test,7680,8122,3,581180.0,3518090.0,586300.0,3523210.0
test_0201_r7680_c8506,test,7680,8506,1,585020.0,3518090.0,590140.0,3523210.0
test_0202_r7680_c8890,test,7680,8890,1,588860.0,3518090.0,593980.0,3523210.0
test_0203_r7680_c9274,test,7680,9274,3,592700.0,3518090.0,597820.0,3523210.0
test_0204_r7680_c9658,test,7680,9658,4,596540.0,3518090.0,601660.0,3523210.0
test_0205_r7680_c10042,test,7680,10042,2,600380.0,3518090.0,605500.0,3523210.0
test_0206_r7680_c10426,test,7680,10426,1,604220.0,3518090.0,609340.0,3523210.0
test_0207_r7680_c10470,test,7680,10470,1,604660.0,3518090.0,609780.0,3523210.0
test_0208_r8064_c7354,test,8064,7354,2,573500.0,3514250.0,578620.0,3519370.0
test_0209_r8064_c7738,test,8064,7738,2,577340.0,3514250.0,582460.0,3519370.0
test_0210_r8064_c8122,test,8064,8122,2,581180.0,3514250.0,586300.0,3519370.0
test_0211_r8064_c8506,test,8064,8506,1,585020.0,3514250.0,590140.0,3519370.0
test_0212_r8064_c8890,test,8064,8890,2,588860.0,3514250.0,593980.0,3519370.0
test_0213_r8064_c9274,test,8064,9274,4,592700.0,3514250.0,597820.0,3519370.0
test_0214_r8064_c9658,test,8064,9658,1,596540.0,3514250.0,601660.0,3519370.0
test_0215_r8064_c10042,test,8064,10042,2,600380.0,3514250.0,605500.0,3519370.0
test_0216_r8064_c10426,test,8064,10426,1,604220.0,3514250.0,609340.0,3519370.0
test_0217_r8064_c10470,test,8064,10470,1,604660.0,3514250.0,609780.0,3519370.0
test_0218_r8448_c7354,test,8448,7354,1,573500.0,3510410.0,578620.0,3515530.0
test_0219_r8448_c7738,test,8448,7738,2,577340.0,3510410.0,582460.0,3515530.0
test_0220_r8448_c8122,test,8448,8122,4,581180.0,3510410.0,586300.0,3515530.0
test_0221_r8448_c8506,test,8448,8506,3,585020.0,3510410.0,590140.0,3515530.0
test_0222_r8448_c9274,test,8448,9274,0,592700.0,3510410.0,597820.0,3515530.0
test_0223_r8448_c9658,test,8448,9658,2,596540.0,3510410.0,601660.0,3515530.0
test_0224_r8448_c10042,test,8448,10042,1,600380.0,3510410.0,605500.0,3515530.0
test_0225_r8448_c10426,test,8448,10426,0,604220.0,3510410.0,609340.0,3515530.0
test_0226_r8448_c10470,test,8448,10470,0,604660.0,3510410.0,609780.0,3515530.0
test_0227_r8832_c7354,test,8832,7354,0,573500.0,3506570.0,578620.0,3511690.0
test_0228_r8832_c7738,test,8832,7738,4,577340.0,3506570.0,582460.0,3511690.0
test_0229_r8832_c8122,test,8832,8122,1,581180.0,3506570.0,586300.0,3511690.0
test_0230_r8832_c8506,test,8832,8506,3,585020.0,3506570.0,590140.0,3511690.0
test_0231_r8832_c8890,test,8832,8890,2,588860.0,3506570.0,593980.0,3511690.0
test_0232_r8832_c9274,test,8832,9274,1,592700.0,3506570.0,597820.0,3511690.0
test_0233_r8832_c9658,test,8832,9658,3,596540.0,3506570.0,601660.0,3511690.0
test_0234_r8832_c10042,test,8832,10042,4,600380.0,3506570.0,605500.0,3511690.0
test_0235_r8832_c10426,test,8832,10426,2,604220.0,3506570.0,609340.0,3511690.0
test_0236_r8832_c10470,test,8832,10470,2,604660.0,3506570.0,609780.0,3511690.0
test_0237_r9216_c7354,test,9216,7354,3,573500.0,3502730.0,578620.0,3507850.0
test_0238_r9216_c7738,test,9216,7738,4,577340.0,3502730.0,582460.0,3507850.0
test_0239_r9216_c8122,test,9216,8122,3,581180.0,3502730.0,586300.0,3507850.0
test_0240_r9216_c8890,test,9216,8890,2,588860.0,3502730.0,593980.0,3507850.0
test_0241_r9216_c9274,test,9216,9274,3,592700.0,3502730.0,597820.0,3507850.0
test_0242_r9216_c9658,test,9216,9658,9,596540.0,3502730.0,601660.0,3507850.0
test_0243_r9216_c10042,test,9216,10042,5,600380.0,3502730.0,605500.0,3507850.0
test_0244_r9216_c10426,test,9216,10426,2,604220.0,3502730.0,609340.0,3507850.0
test_0245_r9216_c10470,test,9216,10470,2,604660.0,3502730.0,609780.0,3507850.0
test_0246_r9600_c7354,test,9600,7354,3,573500.0,3498890.0,578620.0,3504010.0
test_0247_r9600_c7738,test,9600,7738,3,577340.0,3498890.0,582460.0,3504010.0
test_0248_r9600_c8122,test,9600,8122,5,581180.0,3498890.0,586300.0,3504010.0
test_0249_r9600_c8506,test,9600,8506,1,585020.0,3498890.0,590140.0,3504010.0
test_0250_r9600_c8890,test,9600,8890,1,588860.0,3498890.0,593980.0,3504010.0
test_0251_r9600_c9658,test,9600,9658,2,596540.0,3498890.0,601660.0,3504010.0
test_0252_r9600_c10042,test,9600,10042,1,600380.0,3498890.0,605500.0,3504010.0
test_0253_r9600_c10426,test,9600,10426,5,604220.0,3498890.0,609340.0,3504010.0
test_0254_r9600_c10470,test,9600,10470,5,604660.0,3498890.0,609780.0,3504010.0
test_0255_r9984_c7354,test,9984,7354,4,573500.0,3495050.0,578620.0,3500170.0
test_0256_r9984_c7738,test,9984,7738,4,577340.0,3495050.0,582460.0,3500170.0
test_0257_r9984_c8122,test,9984,8122,5,581180.0,3495050.0,586300.0,3500170.0
test_0258_r9984_c8506,test,9984,8506,2,585020.0,3495050.0,590140.0,3500170.0
test_0259_r9984_c8890,test,9984,8890,4,588860.0,3495050.0,593980.0,3500170.0
test_0260_r9984_c9274,test,9984,9274,2,592700.0,3495050.0,597820.0,3500170.0
test_0261_r9984_c9658,test,9984,9658,1,596540.0,3495050.0,601660.0,3500170.0
test_0262_r9984_c10042,test,9984,10042,1,600380.0,3495050.0,605500.0,3500170.0
test_0263_r9984_c10426,test,9984,10426,4,604220.0,3495050.0,609340.0,3500170.0
test_0264_r9984_c10470,test,9984,10470,4,604660.0,3495050.0,609780.0,3500170.0
test_0265_r10368_c7354,test,10368,7354,6,573500.0,3491210.0,578620.0,3496330.0
test_0266_r10368_c7738,test,10368,7738,3,577340.0,3491210.0,582460.0,3496330.0
test_0267_r10368_c8122,test,10368,8122,3,581180.0,3491210.0,586300.0,3496330.0
test_0268_r10368_c8506,test,10368,8506,2,585020.0,3491210.0,590140.0,3496330.0
test_0269_r10368_c8890,test,10368,8890,5,588860.0,3491210.0,593980.0,3496330.0
test_0270_r10368_c9274,test,10368,9274,2,592700.0,3491210.0,597820.0,3496330.0
test_0271_r10368_c10042,test,10368,10042,0,600380.0,3491210.0,605500.0,3496330.0
test_0272_r10368_c10426,test,10368,10426,1,604220.0,3491210.0,609340.0,3496330.0
test_0273_r10368_c10470,test,10368,10470,2,604660.0,3491210.0,609780.0,3496330.0
test_0274_r10468_c7354,test,10468,7354,6,573500.0,3490210.0,578620.0,3495330.0
test_0275_r10468_c7738,test,10468,7738,2,577340.0,3490210.0,582460.0,3495330.0
test_0276_r10468_c8122,test,10468,8122,2,581180.0,3490210.0,586300.0,3495330.0
test_0277_r10468_c8506,test,10468,8506,0,585020.0,3490210.0,590140.0,3495330.0
test_0278_r10468_c8890,test,10468,8890,3,588860.0,3490210.0,593980.0,3495330.0
test_0279_r10468_c9274,test,10468,9274,2,592700.0,3490210.0,597820.0,3495330.0
test_0280_r10468_c9658,test,10468,9658,1,596540.0,3490210.0,601660.0,3495330.0
test_0281_r10468_c10042,test,10468,10042,0,600380.0,3490210.0,605500.0,3495330.0
test_0282_r10468_c10426,test,10468,10426,1,604220.0,3490210.0,609340.0,3495330.0
test_0283_r10468_c10470,test,10468,10470,2,604660.0,3490210.0,609780.0,3495330.0
